﻿SET FOREIGN_KEY_CHECKS=0;
CREATE TABLE IF NOT EXISTS `attributes` (
  `id` int(10) unsigned NOT NULL AUTO_INCREMENT,
  `attribute_group_id` int(10) unsigned NOT NULL,
  `sort` int(11) NOT NULL DEFAULT '0',
  `created_at` timestamp NULL DEFAULT NULL,
  `updated_at` timestamp NULL DEFAULT NULL,
  PRIMARY KEY (`id`),
  KEY `attributes_attribute_group_id_foreign` (`attribute_group_id`),
  CONSTRAINT `attributes_attribute_group_id_foreign` FOREIGN KEY (`attribute_group_id`) REFERENCES `attribute_groups` (`id`) ON DELETE CASCADE
) ENGINE=InnoDB AUTO_INCREMENT=10 DEFAULT CHARSET=utf8mb4 COLLATE=utf8mb4_unicode_ci;

-- Дамп данных таблицы rosco.attributes: ~5 rows (приблизительно)
/*!40000 ALTER TABLE `attributes` DISABLE KEYS */;
INSERT INTO `attributes` (`id`, `attribute_group_id`, `sort`, `created_at`, `updated_at`) VALUES
	(4, 2, 0, '2018-01-06 17:13:01', '2018-01-06 17:13:01'),
	(5, 2, 0, '2018-01-06 17:14:13', '2018-01-06 17:14:13'),
	(7, 2, 0, '2018-04-13 13:38:22', '2018-04-13 13:38:22'),
	(8, 2, 0, '2018-04-13 13:38:51', '2018-04-13 13:38:51'),
	(9, 3, 0, '2018-04-13 13:41:36', '2018-04-13 13:41:36');
/*!40000 ALTER TABLE `attributes` ENABLE KEYS */;

-- Дамп структуры для таблица rosco.attribute_groups
CREATE TABLE IF NOT EXISTS `attribute_groups` (
  `id` int(10) unsigned NOT NULL AUTO_INCREMENT,
  `sort` int(11) NOT NULL DEFAULT '0',
  `created_at` timestamp NULL DEFAULT NULL,
  `updated_at` timestamp NULL DEFAULT NULL,
  PRIMARY KEY (`id`)
) ENGINE=InnoDB AUTO_INCREMENT=4 DEFAULT CHARSET=utf8mb4 COLLATE=utf8mb4_unicode_ci;

-- Дамп данных таблицы rosco.attribute_groups: ~1 rows (приблизительно)
/*!40000 ALTER TABLE `attribute_groups` DISABLE KEYS */;
INSERT INTO `attribute_groups` (`id`, `sort`, `created_at`, `updated_at`) VALUES
	(2, 0, '2018-01-06 17:02:49', '2018-01-06 17:02:49'),
	(3, 0, '2018-04-13 13:39:55', '2018-04-13 13:39:55');
/*!40000 ALTER TABLE `attribute_groups` ENABLE KEYS */;

-- Дамп структуры для таблица rosco.attribute_group_translations
CREATE TABLE IF NOT EXISTS `attribute_group_translations` (
  `id` int(10) unsigned NOT NULL AUTO_INCREMENT,
  `attribute_group_id` int(10) unsigned NOT NULL,
  `name` varchar(255) COLLATE utf8mb4_unicode_ci DEFAULT NULL,
  `description` text COLLATE utf8mb4_unicode_ci,
  `lang_code` varchar(255) COLLATE utf8mb4_unicode_ci NOT NULL,
  PRIMARY KEY (`id`),
  UNIQUE KEY `attribute_group_translations_attribute_group_id_lang_code_unique` (`attribute_group_id`,`lang_code`),
  KEY `attribute_group_translations_lang_code_index` (`lang_code`),
  CONSTRAINT `attribute_group_translations_attribute_group_id_foreign` FOREIGN KEY (`attribute_group_id`) REFERENCES `attribute_groups` (`id`) ON DELETE CASCADE
) ENGINE=InnoDB AUTO_INCREMENT=7 DEFAULT CHARSET=utf8mb4 COLLATE=utf8mb4_unicode_ci;

-- Дамп данных таблицы rosco.attribute_group_translations: ~4 rows (приблизительно)
/*!40000 ALTER TABLE `attribute_group_translations` DISABLE KEYS */;
INSERT INTO `attribute_group_translations` (`id`, `attribute_group_id`, `name`, `description`, `lang_code`) VALUES
	(3, 2, 'Основные характеристики', NULL, 'ru'),
	(4, 2, 'Основні характеристики', NULL, 'uk'),
	(5, 3, 'Упаковка', NULL, 'ru'),
	(6, 3, 'Упаковка', NULL, 'uk');
/*!40000 ALTER TABLE `attribute_group_translations` ENABLE KEYS */;

-- Дамп структуры для таблица rosco.attribute_translations
CREATE TABLE IF NOT EXISTS `attribute_translations` (
  `id` int(10) unsigned NOT NULL AUTO_INCREMENT,
  `attribute_id` int(10) unsigned NOT NULL,
  `name` varchar(255) COLLATE utf8mb4_unicode_ci DEFAULT NULL,
  `description` text COLLATE utf8mb4_unicode_ci,
  `lang_code` varchar(255) COLLATE utf8mb4_unicode_ci NOT NULL,
  PRIMARY KEY (`id`),
  UNIQUE KEY `attribute_translations_attribute_id_lang_code_unique` (`attribute_id`,`lang_code`),
  KEY `attribute_translations_lang_code_index` (`lang_code`),
  CONSTRAINT `attribute_translations_attribute_id_foreign` FOREIGN KEY (`attribute_id`) REFERENCES `attributes` (`id`) ON DELETE CASCADE
) ENGINE=InnoDB AUTO_INCREMENT=19 DEFAULT CHARSET=utf8mb4 COLLATE=utf8mb4_unicode_ci;

-- Дамп данных таблицы rosco.attribute_translations: ~10 rows (приблизительно)
/*!40000 ALTER TABLE `attribute_translations` DISABLE KEYS */;
INSERT INTO `attribute_translations` (`id`, `attribute_id`, `name`, `description`, `lang_code`) VALUES
	(7, 4, 'Объем, л', NULL, 'ru'),
	(8, 4, 'Обсяг, л', NULL, 'uk'),
	(9, 5, 'Норма затрат препарата, л/га', NULL, 'ru'),
	(10, 5, 'Норма витрат препарату, л/га', NULL, 'uk'),
	(13, 7, 'Производитель', NULL, 'ru'),
	(14, 7, 'Виробник', NULL, 'uk'),
	(15, 8, 'Страна производитель', NULL, 'ru'),
	(16, 8, 'Країна виробник', NULL, 'uk'),
	(17, 9, 'Вес', NULL, 'ru'),
	(18, 9, 'Вага', NULL, 'uk');
/*!40000 ALTER TABLE `attribute_translations` ENABLE KEYS */;

-- Дамп структуры для таблица rosco.blogs
CREATE TABLE IF NOT EXISTS `blogs` (
  `id` int(10) unsigned NOT NULL AUTO_INCREMENT,
  `slug` varchar(255) COLLATE utf8mb4_unicode_ci DEFAULT NULL,
  `image` varchar(255) COLLATE utf8mb4_unicode_ci DEFAULT NULL,
  `is_active` int(11) NOT NULL DEFAULT '1',
  `created_at` timestamp NULL DEFAULT NULL,
  `updated_at` timestamp NULL DEFAULT NULL,
  PRIMARY KEY (`id`)
) ENGINE=InnoDB AUTO_INCREMENT=4 DEFAULT CHARSET=utf8mb4 COLLATE=utf8mb4_unicode_ci;

-- Дамп данных таблицы rosco.blogs: ~3 rows (приблизительно)
/*!40000 ALTER TABLE `blogs` DISABLE KEYS */;
INSERT INTO `blogs` (`id`, `slug`, `image`, `is_active`, `created_at`, `updated_at`) VALUES
	(1, 'steblevoy-kukuruznyy-motylek-ostrinia-nubilalis-hb-vozmozhen-li-kontrol', 'vnimanie-pes-s-galstukom.jpg', 1, '2018-01-17 13:44:46', '2018-01-17 15:08:56'),
	(2, 'khimicheskiy-sposob-borby-s-ambroziey-polynnolistnoy', 'khimicheskiy-sposob-borby-s-ambroziey-polynnolistnoy.jpg', 1, '2018-01-17 15:18:14', '2018-01-17 15:20:18'),
	(3, 'khimicheskiy-sposob-borby-s-ambroziey-polynnolistnoy', 'khimicheskiy-sposob-borby-s-ambroziey-polynnolistnoy.jpg', 1, '2018-01-17 15:20:56', '2018-01-17 15:20:56');
/*!40000 ALTER TABLE `blogs` ENABLE KEYS */;

-- Дамп структуры для таблица rosco.blog_translations
CREATE TABLE IF NOT EXISTS `blog_translations` (
  `id` int(10) unsigned NOT NULL AUTO_INCREMENT,
  `blog_id` int(10) unsigned NOT NULL,
  `title` varchar(255) COLLATE utf8mb4_unicode_ci DEFAULT NULL,
  `short_description` text COLLATE utf8mb4_unicode_ci,
  `description` text COLLATE utf8mb4_unicode_ci,
  `seo_title` varchar(255) COLLATE utf8mb4_unicode_ci DEFAULT NULL,
  `seo_h1` varchar(255) COLLATE utf8mb4_unicode_ci DEFAULT NULL,
  `seo_description` text COLLATE utf8mb4_unicode_ci,
  `seo_keywords` text COLLATE utf8mb4_unicode_ci,
  `lang_code` varchar(255) COLLATE utf8mb4_unicode_ci NOT NULL,
  PRIMARY KEY (`id`),
  UNIQUE KEY `blog_translations_blog_id_lang_code_unique` (`blog_id`,`lang_code`),
  KEY `blog_translations_lang_code_index` (`lang_code`),
  CONSTRAINT `blog_translations_blog_id_foreign` FOREIGN KEY (`blog_id`) REFERENCES `blogs` (`id`) ON DELETE CASCADE
) ENGINE=InnoDB AUTO_INCREMENT=7 DEFAULT CHARSET=utf8mb4 COLLATE=utf8mb4_unicode_ci;

-- Дамп данных таблицы rosco.blog_translations: ~6 rows (приблизительно)
/*!40000 ALTER TABLE `blog_translations` DISABLE KEYS */;
INSERT INTO `blog_translations` (`id`, `blog_id`, `title`, `short_description`, `description`, `seo_title`, `seo_h1`, `seo_description`, `seo_keywords`, `lang_code`) VALUES
	(1, 1, 'Стеблевой кукурузный мотылек (Ostrinia nubilalis Hb.) : возможен ли контроль?', NULL, '<p><img src="/storage/blog/1/74cd46f6817bd93a578fd005e62ca2c5.jpg" style="float: left;"> <span style="color: rgb(0, 0, 0); font-family: " open="" sans",="" arial,="" sans-serif;="" font-size:="" 14px;="" text-align:="" justify;"="">Contrary to popular belief, Lorem Ipsum is not simply random text. It has roots in a piece of classical Latin literature from 45 BC, making it over 2000 years old. Richard McClintock, a Latin professor at Hampden-Sydney College in Virginia, looked up one of the more obscure Latin words, consectetur, from a Lorem Ipsum passage, and going through the cites of the word in classical literature, discovered the undoubtable source. Lorem Ipsum comes from sections 1.10.32 and 1.10.33 of "de Finibus Bonorum et Malorum" (The Extremes of Good and Evil) by Cicero, written in 45 BC. This book is a treatise on the theory of ethics, very popular during the Renaissance. The first line of Lorem Ipsum, "Lorem ipsum dolor sit amet..", comes from a line in section 1.10.32.</span></p><p style="margin-bottom: 15px; padding: 0px; text-align: justify; color: rgb(0, 0, 0); font-family: " open="" sans",="" arial,="" sans-serif;="" font-size:="" 14px;"="">The standard chunk of Lorem Ipsum used since the 1500s is reproduced below for those interested. Sections 1.10.32 and 1.10.33 from "de Finibus Bonorum et Malorum" by Cicero are also reproduced in their exact original form, accompanied by English versions from the 1914 translation by H. Rackham.</p>', 'Стеблевой кукурузный мотылек (Ostrinia nubilalis Hb.) : возможен ли контроль?', NULL, NULL, NULL, 'ru'),
	(2, 1, NULL, NULL, NULL, NULL, NULL, NULL, NULL, 'uk'),
	(3, 2, 'Химический способ борьбы с амброзией полыннолистной', NULL, '<p><img src="/storage/blog/2/3f8270b3ebe2dc1a58c8584ec5ea8506.jpg" style="float: left;"><span style="color: rgb(72, 72, 72); font-family: Roboto, sans-serif;">Реформирование сельскохозяйственного производства и его переход на рыночные условия привели к глубоким изменениям</span><br></p>', 'Химический способ борьбы с амброзией полыннолистной', NULL, NULL, NULL, 'ru'),
	(4, 2, NULL, NULL, NULL, NULL, NULL, NULL, NULL, 'uk'),
	(5, 3, 'Химический способ борьбы с амброзией полыннолистной', NULL, '<p><img src="/storage/blog/3/af331c6479fbfbd4c0ac7765b5fa8c0c.jpg" style="float: left;"><span style="color: rgb(72, 72, 72); font-family: Roboto, sans-serif;">Реформирование сельскохозяйственного производства и его переход на рыночные условия привели к глубоким изменениям</span><br></p>', NULL, NULL, NULL, NULL, 'ru'),
	(6, 3, NULL, NULL, NULL, NULL, NULL, NULL, NULL, 'uk');
/*!40000 ALTER TABLE `blog_translations` ENABLE KEYS */;

-- Дамп структуры для таблица rosco.cart
CREATE TABLE IF NOT EXISTS `cart` (
  `id` int(10) unsigned NOT NULL AUTO_INCREMENT,
  `user_id` int(10) unsigned NOT NULL,
  `product_id` int(11) NOT NULL,
  `quantity` int(11) NOT NULL,
  `created_at` timestamp NULL DEFAULT NULL,
  `updated_at` timestamp NULL DEFAULT NULL,
  PRIMARY KEY (`id`),
  KEY `cart_user_id_foreign` (`user_id`),
  CONSTRAINT `cart_user_id_foreign` FOREIGN KEY (`user_id`) REFERENCES `users` (`id`) ON DELETE CASCADE
) ENGINE=InnoDB DEFAULT CHARSET=utf8mb4 COLLATE=utf8mb4_unicode_ci;

-- Дамп данных таблицы rosco.cart: ~0 rows (приблизительно)
/*!40000 ALTER TABLE `cart` DISABLE KEYS */;
/*!40000 ALTER TABLE `cart` ENABLE KEYS */;

-- Дамп структуры для таблица rosco.categories
CREATE TABLE IF NOT EXISTS `categories` (
  `id` int(10) unsigned NOT NULL AUTO_INCREMENT,
  `parent_id` int(11) NOT NULL DEFAULT '0',
  `slug` varchar(255) COLLATE utf8mb4_unicode_ci DEFAULT NULL,
  `image` varchar(255) COLLATE utf8mb4_unicode_ci DEFAULT NULL,
  `color` varchar(255) COLLATE utf8mb4_unicode_ci DEFAULT NULL,
  `is_active` tinyint(1) NOT NULL DEFAULT '1',
  `created_at` timestamp NULL DEFAULT NULL,
  `updated_at` timestamp NULL DEFAULT NULL,
  `sort` int(11) NOT NULL DEFAULT '0',
  PRIMARY KEY (`id`),
  UNIQUE KEY `categories_slug_unique` (`slug`)
) ENGINE=InnoDB AUTO_INCREMENT=123 DEFAULT CHARSET=utf8mb4 COLLATE=utf8mb4_unicode_ci;

-- Дамп данных таблицы rosco.categories: ~34 rows (приблизительно)
/*!40000 ALTER TABLE `categories` DISABLE KEYS */;
INSERT INTO `categories` (`id`, `parent_id`, `slug`, `image`, `color`, `is_active`, `created_at`, `updated_at`, `sort`) VALUES
	(12, 36, 'gerbitsidy', 'gerbicidu.svg', '#8bac53', 1, '2018-01-05 20:31:08', '2018-02-21 14:11:37', 0),
	(15, 36, 'insektitsidy', 'insecticidi.svg', '#c65e5e', 1, '2018-01-06 11:36:58', '2018-02-21 14:12:55', 0),
	(16, 36, 'protraviteli', 'potraviteli.svg', '#79a4f8', 1, '2018-01-06 12:40:17', '2018-02-21 14:12:21', 0),
	(21, 0, 'tekhnika', 'tractor.svg', '#8bac53', 0, '2018-01-17 14:29:00', '2018-04-17 06:44:33', 2),
	(22, 0, 'udobreniya', 'udobr.svg', '#8bac53', 1, '2018-01-17 14:52:50', '2018-04-16 09:10:51', 0),
	(23, 0, 'posevnoy-material', 'wheat.svg', '#8bac53', 0, '2018-01-25 09:35:31', '2018-04-16 09:27:58', 0),
	(24, 0, 'biopreparaty', 'bio.svg', '#8bac53', 1, '2018-01-25 09:39:46', '2018-04-17 06:44:08', 1),
	(25, 22, 'mikroudobreniya', 'microudobrenie.svg', '#8b71db', 1, '2018-01-25 09:50:49', '2018-01-25 09:57:19', 0),
	(28, 36, 'vspomogatelnye-veshchestva', 'canistra.svg', '#5b4520', 1, '2018-01-25 10:00:12', '2018-02-21 14:14:46', 0),
	(30, 36, 'fumiganty', 'fumigant.svg', '#3172f5', 1, '2018-01-25 12:24:02', '2018-02-21 14:13:50', 0),
	(31, 36, 'desikanty', 'sun.svg', '#fdcd24', 1, '2018-01-25 12:25:42', '2018-02-21 14:13:13', 0),
	(33, 36, 'akaritsidy', 'pauk.svg', '#c76161', 1, '2018-01-25 12:31:54', '2018-02-21 14:14:20', 0),
	(34, 36, 'rodentitsidy', 'rodenticidu.svg', '#c65e5e', 1, '2018-01-25 12:35:23', '2018-02-21 14:14:05', 0),
	(35, 36, 'fungitsidy', 'fungicidu.svg', '#a593da', 1, '2018-01-25 12:36:53', '2018-02-21 14:12:38', 0),
	(36, 0, 'sredstva-zashchity-rasteniy-krupnaya-fasovka', 'sprout.svg', '#8bac53', 1, '2018-02-21 14:04:21', '2018-04-16 06:48:11', 0),
	(40, 36, 'regulyatory-rosta-rasteniy', NULL, '#8bac53', 1, '2018-02-21 14:13:34', '2018-03-23 13:09:33', 0),
	(100, 36, 'prilepateli', NULL, '#8bac53', 1, '2018-03-23 13:08:33', '2018-04-16 09:26:49', 0),
	(101, 36, 'biologicheskie-preparaty', NULL, '#8bac53', 1, '2018-03-23 13:11:14', '2018-04-16 09:26:49', 0),
	(102, 36, 'bytovye-sredstva-zashchity', NULL, '#8bac53', 1, '2018-03-23 13:12:19', '2018-03-23 13:32:16', 0),
	(103, 22, 'mineralnye-udobreniya', NULL, NULL, 1, '2018-03-23 13:15:51', '2018-03-23 13:15:51', 0),
	(104, 0, 'ovoshchnye-semena', NULL, '#8bac53', 0, '2018-03-23 13:29:04', '2018-04-16 09:27:51', 0),
	(105, 0, 'semena-podsolnukha', NULL, '#8bac53', 0, '2018-03-23 13:30:02', '2018-04-16 09:27:49', 0),
	(106, 0, 'semena-kukuruzy', NULL, '#8bac53', 0, '2018-03-23 13:30:31', '2018-04-16 09:27:48', 0),
	(107, 0, 'semena-pshenitsy', NULL, '#8bac53', 0, '2018-03-23 13:31:02', '2018-04-16 09:27:47', 0),
	(108, 0, 'semena-rapsa', NULL, '#8bac53', 0, '2018-03-23 13:31:26', '2018-04-16 09:27:47', 0),
	(109, 0, 'soputstvuyushchie-tovary', 'shovel.svg', '#8bac53', 1, '2018-03-23 13:35:30', '2018-04-16 09:35:10', 0),
	(110, 109, 'agrovolokno', NULL, '#8bac53', 1, '2018-03-23 13:36:12', '2018-04-13 10:58:51', 0),
	(111, 109, 'plenka-tiplichnaya', NULL, NULL, 1, '2018-03-23 13:36:30', '2018-03-23 13:36:30', 0),
	(112, 109, 'kapelnoe-oroshenie', NULL, NULL, 1, '2018-03-23 13:36:57', '2018-03-23 13:36:57', 0),
	(113, 109, 'kassety-dlya-rassady', NULL, NULL, 1, '2018-03-23 13:37:25', '2018-03-23 13:37:25', 0),
	(115, 109, 'setka', NULL, NULL, 1, '2018-03-23 13:38:33', '2018-04-16 09:10:22', 0),
	(116, 109, 'sadovyy-inventar', NULL, NULL, 1, '2018-03-23 13:38:54', '2018-03-23 13:38:54', 0),
	(117, 109, 'torfyanye-substraty', NULL, NULL, 1, '2018-03-23 13:39:45', '2018-04-16 09:09:03', 0),
	(118, 109, 'sredstva-individualnoy-zashchity', NULL, '#8bac53', 1, '2018-03-23 13:40:14', '2018-03-23 14:11:19', 0);
/*!40000 ALTER TABLE `categories` ENABLE KEYS */;

-- Дамп структуры для таблица rosco.category_translations
CREATE TABLE IF NOT EXISTS `category_translations` (
  `id` int(10) unsigned NOT NULL AUTO_INCREMENT,
  `category_id` int(10) unsigned NOT NULL,
  `name` varchar(255) COLLATE utf8mb4_unicode_ci DEFAULT NULL,
  `description` text COLLATE utf8mb4_unicode_ci,
  `seo_title` varchar(255) COLLATE utf8mb4_unicode_ci DEFAULT NULL,
  `seo_description` text COLLATE utf8mb4_unicode_ci,
  `seo_keywords` text COLLATE utf8mb4_unicode_ci,
  `lang_code` varchar(255) COLLATE utf8mb4_unicode_ci NOT NULL,
  PRIMARY KEY (`id`),
  UNIQUE KEY `category_translations_category_id_lang_code_unique` (`category_id`,`lang_code`),
  KEY `category_translations_lang_code_index` (`lang_code`),
  CONSTRAINT `category_translations_category_id_foreign` FOREIGN KEY (`category_id`) REFERENCES `categories` (`id`) ON DELETE CASCADE
) ENGINE=InnoDB AUTO_INCREMENT=219 DEFAULT CHARSET=utf8mb4 COLLATE=utf8mb4_unicode_ci;

-- Дамп данных таблицы rosco.category_translations: ~68 rows (приблизительно)
/*!40000 ALTER TABLE `category_translations` DISABLE KEYS */;
INSERT INTO `category_translations` (`id`, `category_id`, `name`, `description`, `seo_title`, `seo_description`, `seo_keywords`, `lang_code`) VALUES
	(25, 12, 'Гербициды', NULL, NULL, NULL, NULL, 'ru'),
	(26, 12, 'Гербіциди', NULL, NULL, NULL, NULL, 'uk'),
	(31, 15, 'Инсектициды', NULL, NULL, NULL, NULL, 'ru'),
	(32, 15, 'Інсектициди', NULL, NULL, NULL, NULL, 'uk'),
	(33, 16, 'Протравители', NULL, NULL, NULL, NULL, 'ru'),
	(34, 16, 'Протруйники', NULL, NULL, NULL, NULL, 'uk'),
	(43, 21, 'Техника', NULL, NULL, NULL, NULL, 'ru'),
	(44, 21, 'Техніка', NULL, NULL, NULL, NULL, 'uk'),
	(45, 22, 'Удобрения', NULL, NULL, NULL, NULL, 'ru'),
	(46, 22, 'Добрива', NULL, NULL, NULL, NULL, 'uk'),
	(47, 23, 'Посевной материал', NULL, NULL, NULL, NULL, 'ru'),
	(48, 23, 'Насіння', NULL, NULL, NULL, NULL, 'uk'),
	(49, 24, 'Биопрепараты', NULL, NULL, NULL, NULL, 'ru'),
	(50, 24, 'Бioпрепарати', NULL, NULL, NULL, NULL, 'uk'),
	(51, 25, 'Микроудобрения', NULL, NULL, NULL, NULL, 'ru'),
	(52, 25, 'Мікродобрива', NULL, NULL, NULL, NULL, 'uk'),
	(55, 28, 'Вспомогательные вещества', NULL, NULL, NULL, NULL, 'ru'),
	(56, 28, 'Допоміжні речовини', NULL, NULL, NULL, NULL, 'uk'),
	(59, 30, 'Фумиганты', NULL, NULL, NULL, NULL, 'ru'),
	(60, 30, 'Фуміганти', NULL, NULL, NULL, NULL, 'uk'),
	(61, 31, 'Десиканты', NULL, NULL, NULL, NULL, 'ru'),
	(62, 31, 'Десиканти', NULL, NULL, NULL, NULL, 'uk'),
	(65, 33, 'Акарициды', NULL, NULL, NULL, NULL, 'ru'),
	(66, 33, 'Акарициди', NULL, NULL, NULL, NULL, 'uk'),
	(67, 34, 'Родентициды', NULL, NULL, NULL, NULL, 'ru'),
	(68, 34, 'Родентициди', NULL, NULL, NULL, NULL, 'uk'),
	(69, 35, 'Фунгициды', NULL, NULL, NULL, NULL, 'ru'),
	(70, 35, 'Фунгіциди', NULL, NULL, NULL, NULL, 'uk'),
	(71, 36, 'CЗР', NULL, NULL, NULL, NULL, 'ru'),
	(72, 36, 'СЗР', NULL, NULL, NULL, NULL, 'uk'),
	(73, 40, 'Регуляторы и стимуляторы роста', NULL, NULL, NULL, NULL, 'ru'),
	(74, 40, 'регуляторы роста растений', NULL, NULL, NULL, NULL, 'uk'),
	(173, 100, 'Прилепатели', NULL, NULL, NULL, NULL, 'ru'),
	(174, 100, NULL, NULL, NULL, NULL, NULL, 'uk'),
	(175, 101, 'Биологические препараты', NULL, NULL, NULL, NULL, 'ru'),
	(176, 101, NULL, NULL, NULL, NULL, NULL, 'uk'),
	(177, 102, 'Бытовые средства защиты', NULL, NULL, NULL, NULL, 'ru'),
	(178, 102, NULL, NULL, NULL, NULL, NULL, 'uk'),
	(179, 103, 'Минеральные удобрения', NULL, NULL, NULL, NULL, 'ru'),
	(180, 103, NULL, NULL, NULL, NULL, NULL, 'uk'),
	(181, 104, 'Овощные семена', NULL, NULL, NULL, NULL, 'ru'),
	(182, 104, NULL, NULL, NULL, NULL, NULL, 'uk'),
	(183, 105, 'Семена подсолнуха', NULL, NULL, NULL, NULL, 'ru'),
	(184, 105, NULL, NULL, NULL, NULL, NULL, 'uk'),
	(185, 106, 'Семена кукурузы', NULL, NULL, NULL, NULL, 'ru'),
	(186, 106, NULL, NULL, NULL, NULL, NULL, 'uk'),
	(187, 107, 'Семена пшеницы', NULL, NULL, NULL, NULL, 'ru'),
	(188, 107, NULL, NULL, NULL, NULL, NULL, 'uk'),
	(189, 108, 'Семена рапса', NULL, NULL, NULL, NULL, 'ru'),
	(190, 108, NULL, NULL, NULL, NULL, NULL, 'uk'),
	(191, 109, 'Сопутствующие товары', '<p><br></p>', NULL, NULL, NULL, 'ru'),
	(192, 109, 'Супутні товари', NULL, NULL, NULL, NULL, 'uk'),
	(193, 110, 'Агроволокно', NULL, NULL, NULL, NULL, 'ru'),
	(194, 110, NULL, NULL, NULL, NULL, NULL, 'uk'),
	(195, 111, 'Пленка типличная', NULL, NULL, NULL, NULL, 'ru'),
	(196, 111, NULL, NULL, NULL, NULL, NULL, 'uk'),
	(197, 112, 'Капельное орошение', NULL, NULL, NULL, NULL, 'ru'),
	(198, 112, NULL, NULL, NULL, NULL, NULL, 'uk'),
	(199, 113, 'Кассеты для рассады', NULL, NULL, NULL, NULL, 'ru'),
	(200, 113, NULL, NULL, NULL, NULL, NULL, 'uk'),
	(203, 115, 'Сетка', NULL, NULL, NULL, NULL, 'ru'),
	(204, 115, NULL, NULL, NULL, NULL, NULL, 'uk'),
	(205, 116, 'Садовый инвентарь', NULL, NULL, NULL, NULL, 'ru'),
	(206, 116, NULL, NULL, NULL, NULL, NULL, 'uk'),
	(207, 117, 'Торфяные субстраты', NULL, NULL, NULL, NULL, 'ru'),
	(208, 117, NULL, NULL, NULL, NULL, NULL, 'uk'),
	(209, 118, 'Средства индивидуальной защиты', NULL, NULL, NULL, NULL, 'ru'),
	(210, 118, NULL, NULL, NULL, NULL, NULL, 'uk');
/*!40000 ALTER TABLE `category_translations` ENABLE KEYS */;

-- Дамп структуры для таблица rosco.currencies
CREATE TABLE IF NOT EXISTS `currencies` (
  `id` int(10) unsigned NOT NULL AUTO_INCREMENT,
  `name` varchar(32) COLLATE utf8mb4_unicode_ci NOT NULL,
  `code` varchar(3) COLLATE utf8mb4_unicode_ci NOT NULL,
  `prefix` varchar(12) COLLATE utf8mb4_unicode_ci DEFAULT NULL,
  `postfix` varchar(12) COLLATE utf8mb4_unicode_ci DEFAULT NULL,
  `round` varchar(1) COLLATE utf8mb4_unicode_ci NOT NULL DEFAULT '2',
  `rate` double(15,8) NOT NULL DEFAULT '1.00000000',
  `is_active` tinyint(4) NOT NULL DEFAULT '1',
  `created_at` timestamp NULL DEFAULT NULL,
  `updated_at` timestamp NULL DEFAULT NULL,
  PRIMARY KEY (`id`)
) ENGINE=InnoDB AUTO_INCREMENT=5 DEFAULT CHARSET=utf8mb4 COLLATE=utf8mb4_unicode_ci;

-- Дамп данных таблицы rosco.currencies: ~4 rows (приблизительно)
/*!40000 ALTER TABLE `currencies` DISABLE KEYS */;
INSERT INTO `currencies` (`id`, `name`, `code`, `prefix`, `postfix`, `round`, `rate`, `is_active`, `created_at`, `updated_at`) VALUES
	(1, 'Доллар', 'USD', NULL, '$', '2', 1.00000000, 1, '2017-12-29 01:14:25', '2018-03-19 13:42:16'),
	(2, 'Гривна', 'UAH', NULL, '&nbsp;грн.', '0', 26.50000000, 1, '2017-12-29 01:15:08', '2018-04-13 14:00:15'),
	(3, 'Евро', 'EUR', '€', NULL, '2', 0.83420000, 1, '2017-12-29 16:02:01', '2017-12-29 16:02:01'),
	(4, 'Золото', 'GLD', 'G', NULL, '5', 0.01000000, 1, '2017-12-28 08:37:21', '2017-12-28 08:37:21');
/*!40000 ALTER TABLE `currencies` ENABLE KEYS */;

-- Дамп структуры для таблица rosco.discounts
CREATE TABLE IF NOT EXISTS `discounts` (
  `id` int(10) unsigned NOT NULL AUTO_INCREMENT,
  `name` varchar(255) COLLATE utf8mb4_unicode_ci DEFAULT NULL,
  `value` decimal(8,2) NOT NULL DEFAULT '0.00',
  `type` varchar(1) COLLATE utf8mb4_unicode_ci DEFAULT NULL,
  `date_start` date DEFAULT NULL,
  `date_end` date DEFAULT NULL,
  `is_active` tinyint(4) NOT NULL DEFAULT '1',
  `created_at` timestamp NULL DEFAULT NULL,
  `updated_at` timestamp NULL DEFAULT NULL,
  PRIMARY KEY (`id`)
) ENGINE=InnoDB AUTO_INCREMENT=2 DEFAULT CHARSET=utf8mb4 COLLATE=utf8mb4_unicode_ci;

-- Дамп данных таблицы rosco.discounts: ~0 rows (приблизительно)
/*!40000 ALTER TABLE `discounts` DISABLE KEYS */;
/*!40000 ALTER TABLE `discounts` ENABLE KEYS */;

-- Дамп структуры для таблица rosco.discount_items
CREATE TABLE IF NOT EXISTS `discount_items` (
  `id` int(10) unsigned NOT NULL AUTO_INCREMENT,
  `discount_id` int(10) unsigned NOT NULL,
  `product_id` int(11) DEFAULT NULL,
  `manufacturer_id` int(11) DEFAULT NULL,
  `created_at` timestamp NULL DEFAULT NULL,
  `updated_at` timestamp NULL DEFAULT NULL,
  PRIMARY KEY (`id`),
  KEY `discount_items_discount_id_foreign` (`discount_id`),
  CONSTRAINT `discount_items_discount_id_foreign` FOREIGN KEY (`discount_id`) REFERENCES `discounts` (`id`) ON DELETE CASCADE
) ENGINE=InnoDB AUTO_INCREMENT=4 DEFAULT CHARSET=utf8mb4 COLLATE=utf8mb4_unicode_ci;

-- Дамп данных таблицы rosco.discount_items: ~0 rows (приблизительно)
/*!40000 ALTER TABLE `discount_items` DISABLE KEYS */;
/*!40000 ALTER TABLE `discount_items` ENABLE KEYS */;

-- Дамп структуры для таблица rosco.languages
CREATE TABLE IF NOT EXISTS `languages` (
  `id` int(10) unsigned NOT NULL AUTO_INCREMENT,
  `name` varchar(255) COLLATE utf8mb4_unicode_ci NOT NULL,
  `code` varchar(255) COLLATE utf8mb4_unicode_ci NOT NULL,
  `icon` varchar(255) COLLATE utf8mb4_unicode_ci DEFAULT NULL,
  `is_active` tinyint(4) NOT NULL DEFAULT '1',
  `created_at` timestamp NULL DEFAULT NULL,
  `updated_at` timestamp NULL DEFAULT NULL,
  PRIMARY KEY (`id`),
  UNIQUE KEY `languages_code_unique` (`code`)
) ENGINE=InnoDB AUTO_INCREMENT=5 DEFAULT CHARSET=utf8mb4 COLLATE=utf8mb4_unicode_ci;

-- Дамп данных таблицы rosco.languages: ~3 rows (приблизительно)
/*!40000 ALTER TABLE `languages` DISABLE KEYS */;
INSERT INTO `languages` (`id`, `name`, `code`, `icon`, `is_active`, `created_at`, `updated_at`) VALUES
	(1, 'Русский', 'ru', 'ru.png', 1, '2017-12-01 16:52:24', '2017-12-25 21:29:38'),
	(2, 'Українська', 'uk', 'uk.png', 1, '2017-12-01 16:52:35', '2018-01-06 03:41:12'),
	(4, 'English', 'en', 'en.png', 0, '2017-12-25 21:58:46', '2018-02-16 14:38:12');
/*!40000 ALTER TABLE `languages` ENABLE KEYS */;

-- Дамп структуры для таблица rosco.manufacturers
CREATE TABLE IF NOT EXISTS `manufacturers` (
  `id` int(10) unsigned NOT NULL AUTO_INCREMENT,
  `slug` varchar(255) COLLATE utf8mb4_unicode_ci DEFAULT NULL,
  `image` varchar(255) COLLATE utf8mb4_unicode_ci DEFAULT NULL,
  `is_active` tinyint(1) NOT NULL DEFAULT '1',
  `created_at` timestamp NULL DEFAULT NULL,
  `updated_at` timestamp NULL DEFAULT NULL,
  PRIMARY KEY (`id`),
  UNIQUE KEY `manufacturers_slug_unique` (`slug`)
) ENGINE=InnoDB AUTO_INCREMENT=21 DEFAULT CHARSET=utf8mb4 COLLATE=utf8mb4_unicode_ci;

-- Дамп данных таблицы rosco.manufacturers: ~19 rows (приблизительно)
/*!40000 ALTER TABLE `manufacturers` DISABLE KEYS */;
INSERT INTO `manufacturers` (`id`, `slug`, `image`, `is_active`, `created_at`, `updated_at`) VALUES
	(1, 'ukravit', 'ukravit.jpg', 1, '2017-12-27 17:21:21', '2018-01-16 09:48:00'),
	(3, 'betarenua', 'shchelkovo-agrokhim.jpg', 1, '2017-12-26 04:37:02', '2017-12-26 04:37:02'),
	(4, 'singenta', NULL, 1, '2018-02-21 13:39:52', '2018-04-16 11:44:56'),
	(5, 'alfa-smart-agro', NULL, 1, '2018-02-21 13:41:10', '2018-02-21 13:41:10'),
	(6, 'avgust', NULL, 1, '2018-02-21 13:41:30', '2018-02-21 13:41:30'),
	(7, 'basf', NULL, 1, '2018-02-21 13:41:50', '2018-02-21 13:41:50'),
	(8, 'nertus', NULL, 1, '2018-02-21 13:42:06', '2018-02-21 13:42:06'),
	(9, 'bayer', NULL, 1, '2018-02-21 13:42:25', '2018-02-21 13:42:25'),
	(10, 'du-pont', NULL, 1, '2018-02-21 13:42:39', '2018-02-21 13:42:39'),
	(11, 'astrakem', NULL, 1, '2018-02-21 13:43:31', '2018-02-21 13:43:31'),
	(12, 'agri-sciences', NULL, 1, '2018-02-21 13:43:44', '2018-02-21 13:43:44'),
	(13, 'dolina', NULL, 1, '2018-02-21 13:44:10', '2018-02-21 13:44:10'),
	(14, 'ekoorganik', NULL, 1, '2018-02-21 13:44:20', '2018-02-21 13:44:20'),
	(15, 'valagro', NULL, 1, '2018-02-21 13:45:20', '2018-02-21 13:45:20'),
	(16, 'terra-tarsa', NULL, 1, '2018-02-21 13:45:32', '2018-02-21 13:45:32'),
	(17, 'haifa', NULL, 1, '2018-02-21 13:45:53', '2018-02-21 13:45:53'),
	(18, 'yara', NULL, 1, '2018-02-21 13:46:11', '2018-02-21 13:46:11'),
	(19, 'irrigator-ukraina', NULL, 1, '2018-02-21 13:46:44', '2018-04-15 20:13:55'),
	(20, 'unipak-kiev', NULL, 1, '2018-02-21 13:46:59', '2018-04-15 20:24:41');
/*!40000 ALTER TABLE `manufacturers` ENABLE KEYS */;

-- Дамп структуры для таблица rosco.manufacturer_translations
CREATE TABLE IF NOT EXISTS `manufacturer_translations` (
  `id` int(10) unsigned NOT NULL AUTO_INCREMENT,
  `manufacturer_id` int(10) unsigned NOT NULL,
  `name` varchar(255) COLLATE utf8mb4_unicode_ci DEFAULT NULL,
  `short_description` text COLLATE utf8mb4_unicode_ci,
  `description` text COLLATE utf8mb4_unicode_ci,
  `seo_title` varchar(255) COLLATE utf8mb4_unicode_ci DEFAULT NULL,
  `seo_description` text COLLATE utf8mb4_unicode_ci,
  `seo_keywords` text COLLATE utf8mb4_unicode_ci,
  `lang_code` varchar(255) COLLATE utf8mb4_unicode_ci NOT NULL,
  PRIMARY KEY (`id`),
  UNIQUE KEY `manufacturer_translations_manufacturer_id_lang_code_unique` (`manufacturer_id`,`lang_code`),
  KEY `manufacturer_translations_lang_code_index` (`lang_code`),
  CONSTRAINT `manufacturer_translations_manufacturer_id_foreign` FOREIGN KEY (`manufacturer_id`) REFERENCES `manufacturers` (`id`) ON DELETE CASCADE
) ENGINE=InnoDB AUTO_INCREMENT=41 DEFAULT CHARSET=utf8mb4 COLLATE=utf8mb4_unicode_ci;

-- Дамп данных таблицы rosco.manufacturer_translations: ~39 rows (приблизительно)
/*!40000 ALTER TABLE `manufacturer_translations` DISABLE KEYS */;
INSERT INTO `manufacturer_translations` (`id`, `manufacturer_id`, `name`, `short_description`, `description`, `seo_title`, `seo_description`, `seo_keywords`, `lang_code`) VALUES
	(1, 1, 'Ukravit', 'UkravitUkravitUkravitUkravitUkravit', NULL, NULL, NULL, NULL, 'ru'),
	(2, 1, NULL, NULL, NULL, NULL, NULL, NULL, 'uk'),
	(5, 3, 'Щелково Агрохим', NULL, NULL, NULL, NULL, NULL, 'ru'),
	(6, 3, NULL, NULL, NULL, NULL, NULL, NULL, 'uk'),
	(7, 4, 'Syngenta', 'Syngenta (Сингента)', NULL, NULL, NULL, NULL, 'ru'),
	(8, 4, 'Syngenta', 'Syngenta (Сингента)', NULL, NULL, NULL, NULL, 'uk'),
	(9, 5, 'Alfa smart agro', 'Alfa smart agro (Альфа смарт агро)', NULL, NULL, NULL, NULL, 'ru'),
	(10, 5, 'Alfa smart agro', NULL, NULL, NULL, NULL, NULL, 'uk'),
	(11, 6, 'Avgust', 'Avgust (Август)', NULL, NULL, NULL, NULL, 'ru'),
	(12, 6, 'Avgust (Август)', NULL, NULL, NULL, NULL, NULL, 'uk'),
	(13, 7, 'Basf', 'Basf (Басф)', NULL, NULL, NULL, NULL, 'ru'),
	(14, 7, 'Basf (Басф)', NULL, NULL, NULL, NULL, NULL, 'uk'),
	(15, 8, 'Нертус', 'Нертус', NULL, NULL, NULL, NULL, 'ru'),
	(16, 8, 'Нертус', 'Нертус', NULL, NULL, NULL, NULL, 'uk'),
	(17, 9, 'Bayer', 'Bayer (Байер)', NULL, NULL, NULL, NULL, 'ru'),
	(18, 9, 'Bayer', NULL, NULL, NULL, NULL, NULL, 'uk'),
	(19, 10, 'Du Pont', 'Du Pont (Дюпон)', NULL, NULL, NULL, NULL, 'ru'),
	(20, 10, 'Du Pont (Дюпон)', NULL, NULL, NULL, NULL, NULL, 'uk'),
	(21, 11, 'Астракем', 'Астракем', NULL, NULL, NULL, NULL, 'ru'),
	(22, 11, 'Астракем', NULL, NULL, NULL, NULL, NULL, 'uk'),
	(23, 12, 'Agri Sciences', 'Agri Sciences', NULL, NULL, NULL, NULL, 'ru'),
	(24, 12, 'Agri Sciences', NULL, NULL, NULL, NULL, NULL, 'uk'),
	(25, 13, 'Долина', 'Долина', NULL, NULL, NULL, NULL, 'ru'),
	(26, 13, 'Долина', NULL, NULL, NULL, NULL, NULL, 'uk'),
	(27, 14, 'Экоорганик', 'Экоорганик', NULL, NULL, NULL, NULL, 'ru'),
	(28, 14, 'Экоорганик', NULL, NULL, NULL, NULL, NULL, 'uk'),
	(29, 15, 'Valagro', 'Valagro', NULL, NULL, NULL, NULL, 'ru'),
	(30, 15, 'Valagro', NULL, NULL, NULL, NULL, NULL, 'uk'),
	(31, 16, 'Terra Tarsa', 'Terra Tarsa', NULL, NULL, NULL, NULL, 'ru'),
	(32, 16, 'Terra Tarsa', NULL, NULL, NULL, NULL, NULL, 'uk'),
	(33, 17, 'Haifa', 'Haifa', NULL, NULL, NULL, NULL, 'ru'),
	(34, 17, 'Haifa', NULL, NULL, NULL, NULL, NULL, 'uk'),
	(35, 18, 'Yara', 'Yara (Яра)', NULL, NULL, NULL, NULL, 'ru'),
	(36, 18, 'Yara (Яра)', NULL, NULL, NULL, NULL, NULL, 'uk'),
	(37, 19, 'Ирригатор Украина', 'Ирригатор Украина', NULL, NULL, NULL, NULL, 'ru'),
	(38, 19, 'Ирригатор Украина', NULL, NULL, NULL, NULL, NULL, 'uk'),
	(39, 20, 'Унипак Киев', 'Унипак Киев', NULL, NULL, NULL, NULL, 'ru'),
	(40, 20, 'Унипак Киев', NULL, NULL, NULL, NULL, NULL, 'uk');
/*!40000 ALTER TABLE `manufacturer_translations` ENABLE KEYS */;

-- Дамп структуры для таблица rosco.menus
CREATE TABLE IF NOT EXISTS `menus` (
  `id` int(10) unsigned NOT NULL AUTO_INCREMENT,
  `code` varchar(255) COLLATE utf8mb4_unicode_ci NOT NULL,
  `name` varchar(255) COLLATE utf8mb4_unicode_ci NOT NULL,
  `is_active` int(11) NOT NULL DEFAULT '1',
  `created_at` timestamp NULL DEFAULT NULL,
  `updated_at` timestamp NULL DEFAULT NULL,
  PRIMARY KEY (`id`)
) ENGINE=InnoDB AUTO_INCREMENT=8 DEFAULT CHARSET=utf8mb4 COLLATE=utf8mb4_unicode_ci;

-- Дамп данных таблицы rosco.menus: ~3 rows (приблизительно)
/*!40000 ALTER TABLE `menus` DISABLE KEYS */;
INSERT INTO `menus` (`id`, `code`, `name`, `is_active`, `created_at`, `updated_at`) VALUES
	(1, 'main', 'Главное', 1, '2018-01-03 22:54:33', '2018-01-05 11:30:23'),
	(5, 'information', 'Информация', 1, '2018-01-05 20:59:12', '2018-01-05 21:03:12'),
	(6, 'account', 'Моя учетная запись', 1, '2018-01-05 21:01:27', '2018-01-05 21:01:27');
/*!40000 ALTER TABLE `menus` ENABLE KEYS */;

-- Дамп структуры для таблица rosco.menu_links
CREATE TABLE IF NOT EXISTS `menu_links` (
  `id` int(10) unsigned NOT NULL AUTO_INCREMENT,
  `menu_id` int(10) unsigned NOT NULL,
  `parent_id` int(10) unsigned NOT NULL DEFAULT '0',
  `url` varchar(255) COLLATE utf8mb4_unicode_ci DEFAULT NULL,
  `sort` int(11) NOT NULL DEFAULT '0',
  `is_active` int(11) NOT NULL DEFAULT '1',
  `created_at` timestamp NULL DEFAULT NULL,
  `updated_at` timestamp NULL DEFAULT NULL,
  PRIMARY KEY (`id`),
  KEY `menu_links_menu_id_foreign` (`menu_id`),
  KEY `menu_links_parent_id_foreign` (`parent_id`),
  CONSTRAINT `menu_links_menu_id_foreign` FOREIGN KEY (`menu_id`) REFERENCES `menus` (`id`) ON DELETE CASCADE,
  CONSTRAINT `menu_links_parent_id_foreign` FOREIGN KEY (`parent_id`) REFERENCES `menu_links` (`id`) ON DELETE CASCADE
) ENGINE=InnoDB AUTO_INCREMENT=33 DEFAULT CHARSET=utf8mb4 COLLATE=utf8mb4_unicode_ci;

-- Дамп данных таблицы rosco.menu_links: ~19 rows (приблизительно)
/*!40000 ALTER TABLE `menu_links` DISABLE KEYS */;
INSERT INTO `menu_links` (`id`, `menu_id`, `parent_id`, `url`, `sort`, `is_active`, `created_at`, `updated_at`) VALUES
	(1, 1, 0, 'www.agrolan.ua', 0, 1, '2018-01-03 22:56:00', '2018-04-16 11:14:29'),
	(2, 1, 0, 'catalog', 1, 1, '2018-01-05 12:01:48', '2018-04-16 11:13:51'),
	(3, 1, 0, NULL, 3, 0, '2018-01-05 12:40:22', '2018-04-16 09:11:59'),
	(4, 1, 2, NULL, 1, 0, '2018-01-05 12:40:20', '2018-04-16 09:11:54'),
	(5, 1, 0, '/page/kontakty', 4, 1, '2018-01-05 12:40:20', '2018-04-16 11:14:18'),
	(6, 1, 0, 'blog', 5, 0, '2018-01-05 12:40:19', '2018-04-16 09:12:05'),
	(7, 1, 0, NULL, 6, 1, '2018-01-05 12:40:17', '2018-04-16 11:14:21'),
	(10, 5, 0, NULL, 0, 1, '2018-01-05 20:59:27', '2018-01-05 20:59:29'),
	(11, 5, 0, NULL, 1, 1, '2018-01-05 20:59:36', '2018-01-05 20:59:38'),
	(12, 5, 0, NULL, 2, 1, '2018-01-05 21:00:01', '2018-01-05 21:00:03'),
	(13, 5, 0, NULL, 3, 1, '2018-01-05 21:00:21', '2018-01-05 21:00:23'),
	(14, 5, 0, NULL, 4, 1, '2018-01-05 21:00:31', '2018-01-05 21:00:33'),
	(15, 5, 0, '/page/o-kompanii', 5, 1, '2018-01-05 21:00:38', '2018-01-16 15:08:31'),
	(16, 6, 0, NULL, 0, 1, '2018-01-05 21:01:39', '2018-01-05 21:01:41'),
	(17, 6, 0, NULL, 1, 1, '2018-01-05 21:01:47', '2018-01-05 21:01:49'),
	(18, 6, 0, NULL, 2, 1, '2018-01-05 21:01:53', '2018-01-05 21:01:56'),
	(19, 6, 0, NULL, 3, 1, '2018-01-05 21:02:03', '2018-01-05 21:02:05'),
	(20, 6, 0, NULL, 4, 1, '2018-01-05 21:02:10', '2018-01-05 21:02:13'),
	(21, 6, 0, NULL, 5, 1, '2018-01-05 21:02:18', '2018-01-05 21:02:20');
/*!40000 ALTER TABLE `menu_links` ENABLE KEYS */;

-- Дамп структуры для таблица rosco.menu_link_translations
CREATE TABLE IF NOT EXISTS `menu_link_translations` (
  `id` int(10) unsigned NOT NULL AUTO_INCREMENT,
  `menu_link_id` int(10) unsigned NOT NULL,
  `title` varchar(255) COLLATE utf8mb4_unicode_ci DEFAULT NULL,
  `lang_code` varchar(255) COLLATE utf8mb4_unicode_ci NOT NULL,
  PRIMARY KEY (`id`),
  UNIQUE KEY `menu_link_translations_menu_link_id_lang_code_unique` (`menu_link_id`,`lang_code`),
  KEY `menu_link_translations_lang_code_index` (`lang_code`),
  CONSTRAINT `menu_link_translations_menu_link_id_foreign` FOREIGN KEY (`menu_link_id`) REFERENCES `menu_links` (`id`) ON DELETE CASCADE
) ENGINE=InnoDB AUTO_INCREMENT=39 DEFAULT CHARSET=utf8mb4 COLLATE=utf8mb4_unicode_ci;

-- Дамп данных таблицы rosco.menu_link_translations: ~35 rows (приблизительно)
/*!40000 ALTER TABLE `menu_link_translations` DISABLE KEYS */;
INSERT INTO `menu_link_translations` (`id`, `menu_link_id`, `title`, `lang_code`) VALUES
	(1, 1, 'Агролан', 'ru'),
	(2, 2, 'Каталог', 'ru'),
	(3, 3, 'Лаборатория', 'ru'),
	(5, 4, 'Партнерам', 'ru'),
	(6, 5, 'Контакты', 'ru'),
	(7, 6, 'Блог', 'ru'),
	(8, 7, '<img src="/front/assets/img/search-icon.png" alt="search"></a>', 'ru'),
	(11, 1, 'Агролан', 'uk'),
	(12, 2, 'Довідник', 'uk'),
	(13, 10, 'Скидки', 'ru'),
	(14, 10, 'Знижки', 'uk'),
	(15, 11, 'Новые товары', 'ru'),
	(16, 11, NULL, 'uk'),
	(17, 12, 'Популярные товары', 'ru'),
	(18, 12, NULL, 'uk'),
	(19, 13, 'Свяжитесь с нами', 'ru'),
	(20, 13, NULL, 'uk'),
	(21, 14, 'Доставка', 'ru'),
	(22, 14, NULL, 'uk'),
	(23, 15, 'О магазине', 'ru'),
	(24, 15, 'Про магазин', 'uk'),
	(25, 16, 'Мои заказы', 'ru'),
	(26, 16, NULL, 'uk'),
	(27, 17, 'Мои возвраты', 'ru'),
	(28, 17, NULL, 'uk'),
	(29, 18, 'Мои адреса', 'ru'),
	(30, 18, NULL, 'uk'),
	(31, 19, 'Личная информация', 'ru'),
	(32, 19, NULL, 'uk'),
	(33, 20, 'Моя лаборатрия', 'ru'),
	(34, 20, NULL, 'uk'),
	(35, 21, 'Вход', 'ru'),
	(36, 21, NULL, 'uk'),
	(37, 5, 'Контакти', 'uk'),
	(38, 6, NULL, 'uk');
/*!40000 ALTER TABLE `menu_link_translations` ENABLE KEYS */;

-- Дамп структуры для таблица rosco.migrations
CREATE TABLE IF NOT EXISTS `migrations` (
  `id` int(10) unsigned NOT NULL AUTO_INCREMENT,
  `migration` varchar(255) COLLATE utf8mb4_unicode_ci NOT NULL,
  `batch` int(11) NOT NULL,
  PRIMARY KEY (`id`)
) ENGINE=InnoDB AUTO_INCREMENT=122 DEFAULT CHARSET=utf8mb4 COLLATE=utf8mb4_unicode_ci;

-- Дамп данных таблицы rosco.migrations: ~99 rows (приблизительно)
/*!40000 ALTER TABLE `migrations` DISABLE KEYS */;
INSERT INTO `migrations` (`id`, `migration`, `batch`) VALUES
	(1, '2014_10_12_000000_create_users_table', 1),
	(2, '2014_10_12_100000_create_password_resets_table', 1),
	(3, '2015_07_03_133637_create_files_table', 1),
	(4, '2015_09_29_193916_create_images_table', 1),
	(5, '2015_09_29_211249_create_blogs_table', 1),
	(6, '2015_10_03_021221_create_pages_table', 1),
	(7, '2015_10_03_032000_create_widgets_table', 1),
	(8, '2015_10_03_032005_create_archives_table', 1),
	(9, '2015_10_12_195952_create_faqs_table', 1),
	(10, '2015_10_12_196052_create_events_table', 1),
	(11, '2015_10_28_174809_create_menus_table', 1),
	(12, '2015_10_28_175046_create_links_table', 1),
	(13, '2015_11_30_191713_create_user_meta_table', 1),
	(14, '2015_11_30_215038_create_roles_table', 1),
	(15, '2015_11_30_215040_create_role_user_table', 1),
	(16, '2015_12_04_155900_create_teams_table', 1),
	(17, '2015_12_04_155900_create_teams_users_table', 1),
	(18, '2016_02_03_175046_add_tags_to_images', 1),
	(19, '2016_02_03_185046_add_templates_to_pages', 1),
	(20, '2016_03_20_185046_add_templates_to_blogs', 1),
	(21, '2016_03_20_186046_add_templates_to_events', 1),
	(22, '2016_06_01_002825_convert_to_published_at', 1),
	(23, '2016_10_27_224359_create_translations_table', 1),
	(24, '2016_12_11_034855_add_lang_to_translations_table', 1),
	(25, '2017_01_11_132526_create_analytics_table', 1),
	(26, '2017_06_10_234231_add_order_to_menus', 1),
	(27, '2017_07_05_002825_add_blocks', 1),
	(28, '2017_07_08_223935_add_entity_to_images', 1),
	(29, '2015_10_03_021904_create_products_table', 2),
	(30, '2015_10_03_022009_create_product_variants_table', 2),
	(31, '2015_10_03_025411_create_cart_table', 2),
	(32, '2015_10_03_031453_create_transactions_table', 2),
	(33, '2015_10_25_212216_create_orders_table', 2),
	(34, '2015_10_25_212229_create_subscriptions_table', 2),
	(35, '2016_01_29_061206_create_customer_profiles_table', 2),
	(36, '2016_03_31_153304_create_admin_plans_table', 2),
	(37, '2017_06_28_163746_create_favorites_table', 2),
	(38, '2017_06_29_113145_create_coupons_table', 2),
	(39, '2017_09_07_212216_create_order_items_table', 2),
	(40, '2017_09_10_175754_create_refunds_table', 2),
	(41, '2017_11_30_120136_add_columns_to_users_tale', 3),
	(42, '2017_11_30_124955_add_columns_to_roles_tale', 4),
	(44, '2017_12_01_111441_create_product_translations_table', 5),
	(45, '2017_12_01_120424_create_product_images_table', 6),
	(46, '2017_12_01_125124_create_product_statuses_table', 7),
	(47, '2017_12_01_125832_create_product_status_translations_table', 7),
	(48, '2017_12_01_134625_create_languages_table', 8),
	(50, '2017_12_07_121248_modif_products_table', 9),
	(51, '2017_12_08_111816_create_attributes_tables', 10),
	(53, '2017_12_12_111936_create_categories_table', 11),
	(54, '2017_12_13_121757_add_column_to_categories_tabel', 12),
	(55, '2017_12_14_112828_create_product_to_category_table', 13),
	(56, '2017_12_14_132507_rename_role_user_table', 14),
	(57, '2017_12_15_124338_add_fk_to_attributes_table', 15),
	(59, '2017_12_20_024231_translations_for_products_attributes_table', 17),
	(61, '2017_12_20_015429_add_fk_to_products_attributes_table', 18),
	(62, '2017_12_25_115910_change_translations_tables', 19),
	(63, '2017_12_25_143744_add_column_to_languages_table', 20),
	(65, '2017_12_26_010316_create_manufacturers_table', 21),
	(66, '2017_12_27_211714_add_manufacturer_id_to_products_table', 22),
	(70, '2017_12_27_211923_delete_not_used_tables', 23),
	(73, '2017_12_27_235201_create_settings_table', 24),
	(74, '2017_12_27_235548_create_setting_parts_table', 24),
	(75, '2017_12_28_015056_create_currencies_table', 25),
	(76, '2017_12_28_020746_add_description_to_settings_table', 26),
	(77, '2017_12_28_055543_rename_active_columns', 27),
	(79, '2017_12_28_111441_create_column_statuses_table', 28),
	(80, '2018_01_03_032011_delete_product_statuses_table', 29),
	(82, '2018_01_03_080951_create_menus_table', 30),
	(84, '2018_01_05_085746_add_language_to_user_meta', 31),
	(85, '2018_01_05_160645_create_modules_table', 32),
	(86, '2018_01_05_173611_modif_active_column_in_categories_table', 33),
	(87, '2018_01_05_190138_add_category_id_column_to_products_table', 34),
	(88, '2018_01_05_224323_create_cart_table', 35),
	(89, '2018_01_05_233510_remove_is_available_from_products_table', 35),
	(92, '2018_01_06_075506_add_product_stats_table', 36),
	(93, '2018_01_06_094740_add_column_to_categories_table', 36),
	(94, '2018_01_06_143553_add_unique_keys_to_slug', 37),
	(95, '2018_01_06_200137_create_orders_table', 37),
	(96, '2018_01_06_214752_add_column_to_orders_table', 38),
	(100, '2018_01_06_231640_delete_foraign_from_orders_table', 39),
	(101, '2018_01_15_213000_create_shipments_payments_tables', 40),
	(102, '2018_01_15_213544_change_price_column_in_products_table', 40),
	(103, '2018_01_16_001614_add_image_to_shipments_payments_tables', 41),
	(104, '2018_01_16_001947_create_payment_to_shipments', 42),
	(105, '2018_01_16_005316_add_unique_on_code_column_shipment_payment_tables', 43),
	(106, '2018_01_16_042358_change_price_column_in_orders', 44),
	(107, '2018_01_16_064200_add_use_stock_to_products_table', 45),
	(108, '2018_01_16_082810_create_pages_table', 46),
	(109, '2018_01_16_093245_add_column_to_modules_table', 47),
	(110, '2018_01_16_165651_add_column_to_pages_table', 48),
	(111, '2018_01_16_190824_add_status_to_orders_table', 49),
	(112, '2018_01_17_050650_add_viewed_to_orders_table', 50),
	(113, '2018_01_17_064308_create_blogs_table', 51),
	(117, '2018_01_17_151053_create_product_sales_table', 52),
	(118, '2018_01_17_211337_create_discounts_table', 52),
	(119, '2018_01_24_150126_add_icon_to_modules_table', 53),
	(120, '2018_01_25_172709_create_subscribes_table', 54),
	(121, '2018_01_26_022425_create_product_reviews_table', 55);
/*!40000 ALTER TABLE `migrations` ENABLE KEYS */;

-- Дамп структуры для таблица rosco.modules
CREATE TABLE IF NOT EXISTS `modules` (
  `id` int(10) unsigned NOT NULL AUTO_INCREMENT,
  `icon` varchar(255) COLLATE utf8mb4_unicode_ci DEFAULT NULL,
  `name` varchar(255) COLLATE utf8mb4_unicode_ci DEFAULT NULL,
  `code` varchar(255) COLLATE utf8mb4_unicode_ci NOT NULL,
  `data` text COLLATE utf8mb4_unicode_ci,
  `use_cache` tinyint(4) NOT NULL DEFAULT '1',
  `is_active` tinyint(4) NOT NULL DEFAULT '1',
  `created_at` timestamp NULL DEFAULT NULL,
  `updated_at` timestamp NULL DEFAULT NULL,
  PRIMARY KEY (`id`)
) ENGINE=InnoDB AUTO_INCREMENT=15 DEFAULT CHARSET=utf8mb4 COLLATE=utf8mb4_unicode_ci;

-- Дамп данных таблицы rosco.modules: ~14 rows (приблизительно)
/*!40000 ALTER TABLE `modules` DISABLE KEYS */;
INSERT INTO `modules` (`id`, `icon`, `name`, `code`, `data`, `use_cache`, `is_active`, `created_at`, `updated_at`) VALUES
	(1, 'icon-list', 'Список категорий', 'category_list', '{"heading":{"ru":"\\u041a\\u0430\\u0442\\u0430\\u043b\\u043e\\u0433","uk":"\\u0414\\u043e\\u0432\\u0456\\u0434\\u043d\\u0438\\u043a"}}', 1, 1, '2018-01-09 16:15:26', '2018-01-27 14:30:05'),
	(2, 'icon-grid', 'Плитки категорий', 'category_tiles', '{"heading":{"ru":null,"uk":null}}', 1, 1, '2018-01-09 16:15:26', '2018-01-27 14:29:58'),
	(3, 'icon-new', 'Последние товары', 'products_latest', '{"heading":{"ru":"\\u041d\\u043e\\u0432\\u0438\\u043d\\u043a\\u0438","uk":"\\u041d\\u043e\\u0432\\u0438\\u043d\\u0438"},"count":"6"}', 1, 1, '2018-01-09 16:15:26', '2018-01-27 14:30:01'),
	(4, 'icon-thumbs-up3', 'Популярные товары', 'products_popular', '{"heading":{"ru":"\\u041f\\u043e\\u043f\\u0443\\u043b\\u044f\\u0440\\u043d\\u044b\\u0435 \\u0442\\u043e\\u0432\\u0430\\u0440\\u044b","uk":"\\u041f\\u043e\\u043f\\u0443\\u043b\\u044f\\u0440\\u043d\\u0456 \\u0442\\u043e\\u0432\\u0430\\u0440\\u0438"},"count":"6"}', 1, 1, '2018-01-09 16:15:26', '2018-01-27 14:29:59'),
	(5, 'icon-grid6', 'Блоки категорий', 'category_blocks', '{"heading":{"ru":"\\u041a\\u0430\\u0442\\u0435\\u0433\\u043e\\u0440\\u0438\\u0438","uk":"\\u041a\\u0430\\u0442\\u0435\\u0433\\u043e\\u0440\\u0456\\u0457"}}', 1, 1, '2018-01-09 16:15:26', '2018-01-27 14:29:55'),
	(6, 'icon-truck', 'Доставка', 'delivery', '{"heading":{"ru":"\\u0414\\u043e\\u0441\\u0442\\u0430\\u0432\\u043a\\u0430","uk":"\\u0414\\u043e\\u0441\\u0442\\u0430\\u0432\\u043a\\u0430"},"text":{"ru":"\\u0414\\u043e\\u0441\\u0442\\u0430\\u0432\\u0438\\u043c \\u0432\\u0430\\u0448\\u0438 \\u0437\\u0430\\u043a\\u0430\\u0437\\u044b, \\u043f\\u0440\\u0430\\u043a\\u0442\\u0438\\u0447\\u0435\\u0441\\u043a\\u0438 \\u0432 \\u043b\\u044e\\u0431\\u043e\\u0439 \\u0433\\u043e\\u0440\\u043e\\u0434 \\u0423\\u043a\\u0440\\u0430\\u0438\\u043d\\u044b \\u0437\\u0430 1-2 \\u0440\\u0430\\u0431\\u043e\\u0447\\u0438\\u0445 \\u0434\\u043d\\u044f","uk":"\\u0414\\u043e\\u0441\\u0442\\u0430\\u0432\\u0438\\u043c\\u043e \\u0432\\u0430\\u0448\\u0456 \\u0437\\u0430\\u043c\\u043e\\u0432\\u043b\\u0435\\u043d\\u043d\\u044f, \\u043f\\u0440\\u0430\\u043a\\u0442\\u0438\\u0447\\u043d\\u043e \\u0432 \\u0431\\u0443\\u0434\\u044c-\\u044f\\u043a\\u0435 \\u043c\\u0456\\u0441\\u0442\\u043e \\u0423\\u043a\\u0440\\u0430\\u0457\\u043d\\u0438 \\u0437\\u0430 1-2 \\u0440\\u043e\\u0431\\u043e\\u0447\\u0438\\u0445 \\u0434\\u043d\\u0456"}}', 1, 1, '2018-01-09 16:15:26', '2018-01-27 14:29:56'),
	(7, 'icon-credit-card2', 'Оплата', 'payment', '{"heading":{"ru":"\\u041e\\u043f\\u043b\\u0430\\u0442\\u0430","uk":"\\u041e\\u043f\\u043b\\u0430\\u0442\\u0430"},"text":{"ru":"\\u0412\\u044b \\u043c\\u043e\\u0436\\u0435\\u0442\\u0435 \\u043e\\u0441\\u0443\\u0449\\u0435\\u0441\\u0442\\u0432\\u0438\\u0442\\u044c \\u043e\\u043f\\u043b\\u0430\\u0442\\u0443 \\u043d\\u0430\\u043b\\u0438\\u0447\\u043d\\u044b\\u043c\\u0438 \\u043f\\u0440\\u0438 \\u043f\\u043e\\u043b\\u0443\\u0447\\u0435\\u043d\\u0438\\u0438 \\u043b\\u0438\\u0431\\u043e \\u043a\\u0440\\u0435\\u0434\\u0438\\u0442\\u043d\\u043e\\u0439 \\u043a\\u0430\\u0440\\u0442\\u043e\\u0439","uk":"\\u0412\\u0438 \\u043c\\u043e\\u0436\\u0435\\u0442\\u0435 \\u0437\\u0434\\u0456\\u0439\\u0441\\u043d\\u0438\\u0442\\u0438 \\u043e\\u043f\\u043b\\u0430\\u0442\\u0443 \\u0433\\u043e\\u0442\\u0456\\u0432\\u043a\\u043e\\u044e \\u043f\\u0440\\u0438 \\u043e\\u0442\\u0440\\u0438\\u043c\\u0430\\u043d\\u043d\\u0456 \\u0430\\u0431\\u043e \\u043a\\u0440\\u0435\\u0434\\u0438\\u0442\\u043d\\u043e\\u044e \\u043a\\u0430\\u0440\\u0442\\u043a\\u043e\\u044e"}}', 1, 1, '2018-01-09 16:15:26', '2018-01-27 14:29:57'),
	(8, 'icon-percent', 'Товары со скидкой', 'products_discount', '{"heading":{"ru":"\\u0410\\u043a\\u0446\\u0438\\u044f","uk":"\\u0410\\u043a\\u0446\\u0456\\u044f"},"count":"6"}', 1, 1, '2018-01-09 16:15:26', '2018-02-24 14:56:28'),
	(9, 'icon-image3', 'Слайдер', 'slider', '[{"file":"0.jpg","link":"\\/catalog","title":{"ru":"\\u041a\\u0430\\u0447\\u0435\\u0441\\u0442\\u0432\\u0435\\u043d\\u043d\\u0430\\u044f \\u043f\\u0440\\u043e\\u0434\\u0443\\u043a\\u0446\\u0438\\u044f \\u043f\\u043e \\u0434\\u043e\\u0441\\u0442\\u0443\\u043f\\u043d\\u044b\\u043c \\u0446\\u0435\\u043d\\u0430\\u043c","uk":"\\u042f\\u043a\\u0456\\u0441\\u043d\\u0430 \\u043f\\u0440\\u043e\\u0434\\u0443\\u043a\\u0446\\u0456\\u044f \\u0437\\u0430 \\u0434\\u043e\\u0441\\u0442\\u0443\\u043f\\u043d\\u0438\\u043c\\u0438 \\u0446\\u0456\\u043d\\u0430\\u043c\\u0438"}},{"file":"1.jpg","link":"\\/catalog","title":{"ru":"\\u041a\\u0430\\u0447\\u0435\\u0441\\u0442\\u0432\\u0435\\u043d\\u043d\\u0430\\u044f \\u043f\\u0440\\u043e\\u0434\\u0443\\u043a\\u0446\\u0438\\u044f \\u043f\\u043e \\u0434\\u043e\\u0441\\u0442\\u0443\\u043f\\u043d\\u044b\\u043c \\u0446\\u0435\\u043d\\u0430\\u043c","uk":"\\u042f\\u043a\\u0456\\u0441\\u043d\\u0430 \\u043f\\u0440\\u043e\\u0434\\u0443\\u043a\\u0446\\u0456\\u044f \\u0437\\u0430 \\u0434\\u043e\\u0441\\u0442\\u0443\\u043f\\u043d\\u0438\\u043c\\u0438 \\u0446\\u0456\\u043d\\u0430\\u043c\\u0438"}}]', 1, 1, '2018-01-09 16:15:26', '2018-02-22 12:34:23'),
	(10, 'icon-facebook2', 'Соц. сети', 'socials', '{"twitter":null,"facebook":"https:\\/\\/www.facebook.com\\/rosco.ua\\/","vk":null}', 1, 1, '2018-01-09 16:15:26', '2018-04-16 11:16:34'),
	(11, 'icon-mail5', 'Подписка', 'subscribe', '{"heading":{"ru":"\\u041f\\u043e\\u0434\\u043f\\u0438\\u0448\\u0438\\u0441\\u044c \\u043d\\u0430 \\u043d\\u0430\\u0448\\u0438 \\u043d\\u043e\\u0432\\u043e\\u0441\\u0442\\u0438:","uk":"\\u041f\\u0456\\u0434\\u043f\\u0438\\u0448\\u0438\\u0441\\u044c \\u043d\\u0430 \\u043d\\u0430\\u0448\\u0456 \\u043d\\u043e\\u0432\\u0438\\u043d\\u0438:"}}', 1, 1, '2018-01-09 16:15:26', '2018-01-27 14:29:59'),
	(12, 'icon-newspaper', 'Последние новости', 'news', '{"heading":{"ru":"\\u041d\\u043e\\u0432\\u043e\\u0441\\u0442\\u0438","uk":"\\u041d\\u043e\\u0432\\u0438\\u043d\\u0438"},"count":"3"}', 1, 1, '2018-01-09 16:15:26', '2018-01-27 14:30:00'),
	(13, 'icon-file-text', 'О магазине', 'about', '{"heading":{"ru":"\\u0418\\u043d\\u0442\\u0435\\u0440\\u043d\\u0435\\u0442-\\u043c\\u0430\\u0433\\u0430\\u0437\\u0438\\u043d \\u00abAgrolan\\u00bb","uk":"\\u0406\\u043d\\u0442\\u0435\\u0440\\u043d\\u0435\\u0442-\\u043c\\u0430\\u0433\\u0430\\u0437\\u0438\\u043d \\u00abAgrolan\\u00bb"},"text_left":{"ru":"\\u0413\\u0440\\u0443\\u043f\\u043f\\u0430 \\u043a\\u043e\\u043c\\u043f\\u0430\\u043d\\u0438\\u0439 \\u00ab\\u0420\\u041e\\u0421\\u041a\\u041e\\u00bb \\u0441 2008 \\u0433\\u043e\\u0434\\u0430 \\u0430\\u043a\\u0442\\u0438\\u0432\\u043d\\u043e \\u0440\\u0430\\u0437\\u0432\\u0438\\u0432\\u0430\\u0435\\u0442\\u0441\\u044f \\u043d\\u0430 \\u0440\\u044b\\u043d\\u043a\\u0435 \\u0423\\u043a\\u0440\\u0430\\u0438\\u043d\\u044b \\u043a\\u0430\\u043a \\u0434\\u0438\\u0441\\u0442\\u0440\\u0438\\u0431\\u044c\\u044e\\u0442\\u043e\\u0440 \\u0438 \\u0438\\u043c\\u043f\\u043e\\u0440\\u0442\\u0435\\u0440 \\u0441\\u0440\\u0435\\u0434\\u0441\\u0442\\u0432 \\u0437\\u0430\\u0449\\u0438\\u0442\\u044b \\u0440\\u0430\\u0441\\u0442\\u0435\\u043d\\u0438\\u0439, \\u043f\\u043e\\u0441\\u0435\\u0432\\u043d\\u043e\\u0433\\u043e \\u043c\\u0430\\u0442\\u0435\\u0440\\u0438\\u0430\\u043b\\u0430 \\u0438 \\u0443\\u0434\\u043e\\u0431\\u0440\\u0435\\u043d\\u0438\\u0439. \\u0417\\u0430 \\u044d\\u0442\\u043e \\u0432\\u0440\\u0435\\u043c\\u044f \\u043c\\u044b \\u0437\\u0430\\u0440\\u0435\\u043a\\u043e\\u043c\\u0435\\u043d\\u0434\\u043e\\u0432\\u0430\\u043b\\u0438 \\u0441\\u0435\\u0431\\u044f \\u043a\\u0430\\u043a \\u043b\\u043e\\u044f\\u043b\\u044c\\u043d\\u0430\\u044f, \\u0434\\u0438\\u043d\\u0430\\u043c\\u0438\\u0447\\u043d\\u043e \\u0440\\u0430\\u0437\\u0432\\u0438\\u0432\\u0430\\u044e\\u0449\\u0430\\u044f\\u0441\\u044f \\u043a\\u043e\\u043c\\u043f\\u0430\\u043d\\u0438\\u044f, \\u043e\\u0440\\u0438\\u0435\\u043d\\u0442\\u0438\\u0440\\u043e\\u0432\\u0430\\u043d\\u043d\\u0430\\u044f \\u0432 \\u043f\\u0435\\u0440\\u0432\\u0443\\u044e \\u043e\\u0447\\u0435\\u0440\\u0435\\u0434\\u044c \\u043d\\u0430 \\u043f\\u043e\\u0442\\u0440\\u0435\\u0431\\u043d\\u043e\\u0441\\u0442\\u044c \\u0430\\u0433\\u0440\\u0430\\u0440\\u0438\\u0435\\u0432 \\u0432 \\u0438\\u043d\\u043d\\u043e\\u0432\\u0430\\u0446\\u0438\\u043e\\u043d\\u043d\\u044b\\u0445 \\u0442\\u0435\\u0445\\u043d\\u043e\\u043b\\u043e\\u0433\\u0438\\u044f\\u0445 \\u0434\\u043b\\u044f \\u0443\\u0432\\u0435\\u043b\\u0438\\u0447\\u0435\\u043d\\u0438\\u044f \\u0443\\u0440\\u043e\\u0436\\u0430\\u0439\\u043d\\u043e\\u0441\\u0442\\u0438 \\u0438 \\u043f\\u0440\\u0438 \\u044d\\u0442\\u043e\\u043c \\u0432 \\u043e\\u043f\\u0442\\u0438\\u043c\\u0438\\u0437\\u0430\\u0446\\u0438\\u0438 \\u0437\\u0430\\u0442\\u0440\\u0430\\u0442 \\u043d\\u0430 \\u0432\\u044b\\u0440\\u0430\\u0449\\u0438\\u0432\\u0430\\u043d\\u0438\\u0435.","uk":"\\u0413\\u0440\\u0443\\u043f\\u0430 \\u043a\\u043e\\u043c\\u043f\\u0430\\u043d\\u0456\\u0439 \\u00ab\\u0420\\u041e\\u0421\\u041a\\u041e\\u00bb \\u0437 2008 \\u0440\\u043e\\u043a\\u0443 \\u0430\\u043a\\u0442\\u0438\\u0432\\u043d\\u043e \\u0440\\u043e\\u0437\\u0432\\u0438\\u0432\\u0430\\u0454\\u0442\\u044c\\u0441\\u044f \\u043d\\u0430 \\u0440\\u0438\\u043d\\u043a\\u0443 \\u0423\\u043a\\u0440\\u0430\\u0457\\u043d\\u0438 \\u044f\\u043a \\u0434\\u0438\\u0441\\u0442\\u0440\\u0438\\u0431\'\\u044e\\u0442\\u043e\\u0440 \\u0442\\u0430 \\u0456\\u043c\\u043f\\u043e\\u0440\\u0442\\u0435\\u0440 \\u0437\\u0430\\u0441\\u043e\\u0431\\u0456\\u0432 \\u0437\\u0430\\u0445\\u0438\\u0441\\u0442\\u0443 \\u0440\\u043e\\u0441\\u043b\\u0438\\u043d, \\u043f\\u043e\\u0441\\u0456\\u0432\\u043d\\u043e\\u0433\\u043e \\u043c\\u0430\\u0442\\u0435\\u0440\\u0456\\u0430\\u043b\\u0443 \\u0456 \\u0434\\u043e\\u0431\\u0440\\u0438\\u0432. \\u0417\\u0430 \\u0446\\u0435\\u0439 \\u0447\\u0430\\u0441 \\u043c\\u0438 \\u0437\\u0430\\u0440\\u0435\\u043a\\u043e\\u043c\\u0435\\u043d\\u0434\\u0443\\u0432\\u0430\\u043b\\u0438 \\u0441\\u0435\\u0431\\u0435 \\u044f\\u043a \\u043b\\u043e\\u044f\\u043b\\u044c\\u043d\\u0430, \\u0449\\u043e \\u0434\\u0438\\u043d\\u0430\\u043c\\u0456\\u0447\\u043d\\u043e \\u0440\\u043e\\u0437\\u0432\\u0438\\u0432\\u0430\\u0454\\u0442\\u044c\\u0441\\u044f \\u043a\\u043e\\u043c\\u043f\\u0430\\u043d\\u0456\\u044f, \\u043e\\u0440\\u0456\\u0454\\u043d\\u0442\\u043e\\u0432\\u0430\\u043d\\u0430 \\u0432 \\u043f\\u0435\\u0440\\u0448\\u0443 \\u0447\\u0435\\u0440\\u0433\\u0443 \\u043d\\u0430 \\u043f\\u043e\\u0442\\u0440\\u0435\\u0431\\u0443 \\u0430\\u0433\\u0440\\u0430\\u0440\\u0456\\u0457\\u0432 \\u0432 \\u0456\\u043d\\u043d\\u043e\\u0432\\u0430\\u0446\\u0456\\u0439\\u043d\\u0438\\u0445 \\u0442\\u0435\\u0445\\u043d\\u043e\\u043b\\u043e\\u0433\\u0456\\u044f\\u0445 \\u0434\\u043b\\u044f \\u0437\\u0431\\u0456\\u043b\\u044c\\u0448\\u0435\\u043d\\u043d\\u044f \\u0432\\u0440\\u043e\\u0436\\u0430\\u0439\\u043d\\u043e\\u0441\\u0442\\u0456 \\u0456 \\u043f\\u0440\\u0438 \\u0446\\u044c\\u043e\\u043c\\u0443 \\u0432 \\u043e\\u043f\\u0442\\u0438\\u043c\\u0456\\u0437\\u0430\\u0446\\u0456\\u0457 \\u0432\\u0438\\u0442\\u0440\\u0430\\u0442 \\u043d\\u0430 \\u0432\\u0438\\u0440\\u043e\\u0449\\u0443\\u0432\\u0430\\u043d\\u043d\\u044f."},"text_right":{"ru":"\\u041c\\u044b \\u0441\\u043e\\u0437\\u0434\\u0430\\u043b\\u0438 \\u0430\\u0433\\u0440\\u043e\\u043d\\u043e\\u043c\\u0438\\u0447\\u0435\\u0441\\u043a\\u0438\\u0439 \\u0446\\u0435\\u043d\\u0442\\u0440 \\u0434\\u043b\\u044f \\u0432\\u043e\\u0437\\u043c\\u043e\\u0436\\u043d\\u043e\\u0441\\u0442\\u0438 \\u043f\\u0440\\u043e\\u0432\\u0435\\u0434\\u0435\\u043d\\u0438\\u044f \\u043e\\u043f\\u044b\\u0442\\u043e\\u0432 \\u0438 \\u0430\\u043d\\u0430\\u043b\\u0438\\u0437\\u0430 \\u043f\\u043e\\u043b\\u0443\\u0447\\u0435\\u043d\\u043d\\u044b\\u0445 \\u0440\\u0435\\u0437\\u0443\\u043b\\u044c\\u0442\\u0430\\u0442\\u043e\\u0432 \\u0432 \\u0437\\u0430\\u0432\\u0438\\u0441\\u0438\\u043c\\u043e\\u0441\\u0442\\u0438 \\u043e\\u0442 \\u043f\\u043e\\u0433\\u043e\\u0434\\u043d\\u044b\\u0445 \\u0443\\u0441\\u043b\\u043e\\u0432\\u0438\\u0439 \\u0438 \\u043f\\u0440\\u0438\\u043c\\u0435\\u043d\\u044f\\u0435\\u043c\\u044b\\u0445 \\u0442\\u0435\\u0445\\u043d\\u043e\\u043b\\u043e\\u0433\\u0438\\u0439, \\u0430 \\u0442\\u0430\\u043a\\u0436\\u0435 \\u0441\\u0440\\u0435\\u0434\\u0441\\u0442\\u0432 \\u0437\\u0430\\u0449\\u0438\\u0442\\u044b \\u0440\\u0430\\u0441\\u0442\\u0435\\u043d\\u0438\\u0439 \\u0438 \\u043f\\u043e\\u0441\\u0435\\u0432\\u043d\\u043e\\u0433\\u043e \\u043c\\u0430\\u0442\\u0435\\u0440\\u0438\\u0430\\u043b\\u0430. \\u041d\\u0430\\u0448\\u0430 \\u043b\\u0430\\u0431\\u043e\\u0440\\u0430\\u0442\\u043e\\u0440\\u0438\\u044f \\u0434\\u0435\\u043b\\u0430\\u0435\\u0442 \\u0430\\u043d\\u0430\\u043b\\u0438\\u0437 \\u0433\\u0440\\u0443\\u043d\\u0442\\u0430 \\u0438 \\u043b\\u0438\\u0441\\u0442\\u043e\\u0432\\u043e\\u0439 \\u043f\\u043e\\u0432\\u0435\\u0440\\u0445\\u043d\\u043e\\u0441\\u0442\\u0438. \\u041d\\u0430\\u0448\\u0438 \\u0441\\u043f\\u0435\\u0446\\u0438\\u0430\\u043b\\u0438\\u0441\\u0442\\u044b \\u0443\\u0447\\u0430\\u0441\\u0442\\u0432\\u0443\\u044e\\u0442 \\u0432 \\u043c\\u0435\\u0436\\u0434\\u0443\\u043d\\u0430\\u0440\\u043e\\u0434\\u043d\\u044b\\u0445 \\u0441\\u0435\\u043c\\u0438\\u043d\\u0430\\u0440\\u0430\\u0445 \\u0438 \\u0435\\u0436\\u0435\\u0433\\u043e\\u0434\\u043d\\u043e \\u043f\\u0440\\u043e\\u0445\\u043e\\u0434\\u044f\\u0442 \\u043f\\u043e\\u0432\\u044b\\u0448\\u0435\\u043d\\u0438\\u0435 \\u043a\\u0432\\u0430\\u043b\\u0438\\u0444\\u0438\\u043a\\u0430\\u0446\\u0438\\u0438. \\u041c\\u044b \\u043f\\u0440\\u0435\\u0434\\u043b\\u0430\\u0433\\u0430\\u0435\\u043c \\u0442\\u043e\\u043b\\u044c\\u043a\\u043e \\u043b\\u0443\\u0447\\u0448\\u0435\\u0435 \\u0440\\u0435\\u0448\\u0435\\u043d\\u0438\\u0435!","uk":"\\u041c\\u0438 \\u0441\\u0442\\u0432\\u043e\\u0440\\u0438\\u043b\\u0438 \\u0430\\u0433\\u0440\\u043e\\u043d\\u043e\\u043c\\u0456\\u0447\\u043d\\u0438\\u0439 \\u0446\\u0435\\u043d\\u0442\\u0440 \\u0434\\u043b\\u044f \\u043c\\u043e\\u0436\\u043b\\u0438\\u0432\\u043e\\u0441\\u0442\\u0456 \\u043f\\u0440\\u043e\\u0432\\u0435\\u0434\\u0435\\u043d\\u043d\\u044f \\u0434\\u043e\\u0441\\u043b\\u0456\\u0434\\u0456\\u0432 \\u0442\\u0430 \\u0430\\u043d\\u0430\\u043b\\u0456\\u0437\\u0443 \\u043e\\u0442\\u0440\\u0438\\u043c\\u0430\\u043d\\u0438\\u0445 \\u0440\\u0435\\u0437\\u0443\\u043b\\u044c\\u0442\\u0430\\u0442\\u0456\\u0432 \\u0432 \\u0437\\u0430\\u043b\\u0435\\u0436\\u043d\\u043e\\u0441\\u0442\\u0456 \\u0432\\u0456\\u0434 \\u043f\\u043e\\u0433\\u043e\\u0434\\u043d\\u0438\\u0445 \\u0443\\u043c\\u043e\\u0432 \\u0456 \\u0437\\u0430\\u0441\\u0442\\u043e\\u0441\\u043e\\u0432\\u0443\\u0432\\u0430\\u043d\\u0438\\u0445 \\u0442\\u0435\\u0445\\u043d\\u043e\\u043b\\u043e\\u0433\\u0456\\u0439, \\u0430 \\u0442\\u0430\\u043a\\u043e\\u0436 \\u0437\\u0430\\u0441\\u043e\\u0431\\u0456\\u0432 \\u0437\\u0430\\u0445\\u0438\\u0441\\u0442\\u0443 \\u0440\\u043e\\u0441\\u043b\\u0438\\u043d \\u0442\\u0430 \\u043f\\u043e\\u0441\\u0456\\u0432\\u043d\\u043e\\u0433\\u043e \\u043c\\u0430\\u0442\\u0435\\u0440\\u0456\\u0430\\u043b\\u0443. \\u041d\\u0430\\u0448\\u0430 \\u043b\\u0430\\u0431\\u043e\\u0440\\u0430\\u0442\\u043e\\u0440\\u0456\\u044f \\u0440\\u043e\\u0431\\u0438\\u0442\\u044c \\u0430\\u043d\\u0430\\u043b\\u0456\\u0437 \\u0433\\u0440\\u0443\\u043d\\u0442\\u0443 \\u0456 \\u043b\\u0438\\u0441\\u0442\\u043a\\u043e\\u0432\\u043e\\u0457 \\u043f\\u043e\\u0432\\u0435\\u0440\\u0445\\u043d\\u0456. \\u041d\\u0430\\u0448\\u0456 \\u0444\\u0430\\u0445\\u0456\\u0432\\u0446\\u0456 \\u0431\\u0435\\u0440\\u0443\\u0442\\u044c \\u0443\\u0447\\u0430\\u0441\\u0442\\u044c \\u0432 \\u043c\\u0456\\u0436\\u043d\\u0430\\u0440\\u043e\\u0434\\u043d\\u0438\\u0445 \\u0441\\u0435\\u043c\\u0456\\u043d\\u0430\\u0440\\u0430\\u0445 \\u0456 \\u0449\\u043e\\u0440\\u0456\\u0447\\u043d\\u043e \\u043f\\u0440\\u043e\\u0445\\u043e\\u0434\\u044f\\u0442\\u044c \\u043f\\u0456\\u0434\\u0432\\u0438\\u0449\\u0435\\u043d\\u043d\\u044f \\u043a\\u0432\\u0430\\u043b\\u0456\\u0444\\u0456\\u043a\\u0430\\u0446\\u0456\\u0457. \\u041c\\u0438 \\u043f\\u0440\\u043e\\u043f\\u043e\\u043d\\u0443\\u0454\\u043c\\u043e \\u0442\\u0456\\u043b\\u044c\\u043a\\u0438 \\u043d\\u0430\\u0439\\u043a\\u0440\\u0430\\u0449\\u0435 \\u0440\\u0456\\u0448\\u0435\\u043d\\u043d\\u044f!"}}', 1, 1, '2018-01-09 16:15:26', '2018-01-27 14:29:56'),
	(14, 'icon-image4', 'Слайдер в каталоге', 'slider_bar', '[{"file":"0.png"},{"file":"1.png"}]', 1, 1, '2018-02-22 01:35:38', '2018-02-22 12:42:34');
/*!40000 ALTER TABLE `modules` ENABLE KEYS */;

-- Дамп структуры для таблица rosco.orders
CREATE TABLE IF NOT EXISTS `orders` (
  `id` int(10) unsigned NOT NULL AUTO_INCREMENT,
  `user_id` int(10) unsigned DEFAULT NULL,
  `name` varchar(255) COLLATE utf8mb4_unicode_ci NOT NULL,
  `email` varchar(255) COLLATE utf8mb4_unicode_ci NOT NULL,
  `address` varchar(255) COLLATE utf8mb4_unicode_ci NOT NULL,
  `phone` varchar(255) COLLATE utf8mb4_unicode_ci NOT NULL,
  `shipment_id` int(10) unsigned NOT NULL,
  `payment_id` int(10) unsigned NOT NULL,
  `currency_id` int(11) NOT NULL,
  `status_id` int(11) NOT NULL DEFAULT '0',
  `viewed` int(11) NOT NULL DEFAULT '0',
  `created_at` timestamp NULL DEFAULT NULL,
  `updated_at` timestamp NULL DEFAULT NULL,
  PRIMARY KEY (`id`)
) ENGINE=InnoDB AUTO_INCREMENT=70 DEFAULT CHARSET=utf8mb4 COLLATE=utf8mb4_unicode_ci;

-- Дамп данных таблицы rosco.orders: ~34 rows (приблизительно)
/*!40000 ALTER TABLE `orders` DISABLE KEYS */;
INSERT INTO `orders` (`id`, `user_id`, `name`, `email`, `address`, `phone`, `shipment_id`, `payment_id`, `currency_id`, `status_id`, `viewed`, `created_at`, `updated_at`) VALUES
	(2, 1, 'Admin', 'admin@admin.loc', 'Кривой Рог', '0980747324', 1, 1, 2, 5, 1, '2018-01-07 00:26:59', '2018-01-17 06:58:58'),
	(3, 1, 'Admin', 'admin@admin.loc', 'Кривой Рог', '0980747324', 1, 1, 1, 4, 0, '2018-01-07 00:33:46', '2018-01-07 00:33:46'),
	(4, 1, 'Admin', 'admin@admin.loc', 'арварв', '456456', 1, 1, 1, 4, 0, '2018-01-07 00:35:21', '2018-01-07 00:35:21'),
	(5, 1, 'Admin', 'admin@admin.loc', 'вапвапвапв', '4564565', 1, 1, 1, 4, 0, '2018-01-07 00:37:55', '2018-01-07 00:37:55'),
	(6, 1, 'Admin', 'admin@admin.loc', 'купаыпаы', '345345', 1, 1, 1, 4, 0, '2018-01-07 00:38:46', '2018-01-07 00:38:46'),
	(7, 1, 'Admin', 'admin@admin.loc', 'аорпаоп', '567567', 1, 1, 1, 4, 0, '2018-01-07 00:43:42', '2018-01-07 00:43:42'),
	(9, 1, 'Admin', 'admin@admin.loc', 'gjgjgjgyuj', '67567565', 1, 1, 1, 4, 1, '2018-01-07 04:06:46', '2018-01-17 06:37:40'),
	(10, 1, 'Admin', 'admin@admin.loc', 'ghgfjgjghjghjf', '56456', 1, 1, 1, 4, 0, '2018-01-07 04:10:20', '2018-01-07 04:10:20'),
	(11, 1, 'Admin', 'admin@admin.loc', 'ygjgjgjy', '65875678567', 1, 1, 1, 4, 0, '2018-01-07 04:14:57', '2018-01-07 04:14:57'),
	(12, 1, 'Admin', 'admin@admin.loc', 'gfjhgjhtyjt', '867567', 1, 1, 1, 4, 0, '2018-01-07 04:18:25', '2018-01-07 04:18:25'),
	(13, 1, 'Admin', 'webmaster865@yandex.ru', 'fgdfgdbdfbdf', '45634', 1, 1, 1, 4, 0, '2018-01-07 04:20:32', '2018-01-07 04:20:32'),
	(14, 1, 'Admin', 'webmaster865@yandex.ru', '5464564564', '546456546', 1, 1, 1, 4, 0, '2018-01-07 04:22:05', '2018-01-07 04:22:05'),
	(15, 1, 'Admin', 'webmaster865@yandex.com', 'sdfgsrggsgg', '453453453453', 1, 1, 1, 4, 0, '2018-01-07 04:22:48', '2018-01-07 04:22:48'),
	(16, 1, 'Admin', 'admin@admin.loc', 'ерпваивариваяи', '5546456', 1, 1, 1, 4, 0, '2018-01-07 05:09:23', '2018-01-07 05:09:23'),
	(18, 1, 'Admin', 'webmaster865@yandex.ru', 'rjdfjyjyfj', '4567', 1, 1, 1, 4, 0, '2018-01-16 05:20:06', '2018-01-16 05:20:06'),
	(19, 1, 'Admin', 'webmaster865@yandex.ru', 'fhfhfdhfdh', '65365', 1, 1, 2, 4, 0, '2018-01-16 05:29:56', '2018-01-16 05:29:56'),
	(28, 1, 'Admin', 'webmaster865@yandex.ru', 'fghfghfghfghfg', '546456', 1, 1, 2, 4, 0, '2018-01-16 07:32:01', '2018-01-16 07:32:01'),
	(29, 1, 'Admin', 'webmaster865@yandex.ru', 'dfgdfgdfgdfgd', '345345', 1, 1, 2, 4, 0, '2018-01-16 07:46:15', '2018-01-16 07:46:15'),
	(30, 1, 'Admin', 'webmaster865@yandex.ru', 'dfgdfgdfgdfg', '35653', 1, 1, 2, 4, 0, '2018-01-16 07:50:36', '2018-01-16 07:50:36'),
	(31, 1, 'Admin', 'webmaster865@yandex.ru', 'dfgdfgdfgdfg', '35653', 1, 1, 2, 4, 0, '2018-01-16 07:57:01', '2018-01-16 07:57:01'),
	(33, 1, 'Admin', 'webmaster865@yandex.ru', 'dfgdfgdfgdfg', '35653', 1, 1, 2, 4, 0, '2018-01-16 07:58:48', '2018-01-16 07:58:48'),
	(34, 1, 'Admin', 'webmaster865@yandex.ru', 'dfgdfgdfgdfg', '35653', 1, 1, 2, 4, 1, '2018-01-16 08:06:16', '2018-02-16 14:38:52'),
	(35, 1, 'Admin', 'webmaster865@yandex.ru', 'fhfghfghfghfg', '546456456', 1, 1, 2, 4, 0, '2018-01-16 08:31:30', '2018-01-16 08:31:30'),
	(37, 1, 'Admin', 'webmaster865@yandex.ru', 'dgddghhf', '45345345345', 1, 1, 2, 4, 1, '2018-01-16 08:57:34', '2018-01-17 06:59:09'),
	(39, 33, 'Роман', 'webmaster865@yandex.ru', 'dfgfdgfhgfgh', '546456456', 1, 1, 2, 4, 0, '2018-01-16 19:56:41', '2018-01-16 19:56:41'),
	(40, 33, 'Роман', 'webmaster865@yandex.ru', 'dfgfdgfhgfgh', '546456456', 1, 1, 2, 5, 1, '2018-01-16 19:57:41', '2018-02-08 09:21:33'),
	(41, 33, 'Роман', 'webmaster865@yandex.ru', 'fthrhfghfghfg', '5464564', 1, 1, 2, 4, 1, '2018-01-16 19:57:55', '2018-01-26 00:37:43'),
	(43, 1, 'Admin', 'webmaster865@yandex.ru', 'ghjhjkgjghj', '657568567', 1, 1, 2, 4, 0, '2018-01-24 12:06:56', '2018-01-24 12:06:56'),
	(44, 0, 'Ахмед', 'webmaster865@yandex.com', 'ghjhjkgjghj', '657568567', 1, 1, 2, 4, 0, '2018-01-24 12:10:28', '2018-01-24 12:10:28'),
	(45, 1, 'Роман', 'admin@admin.loc', 'ыкпвпвапвап', '0980747324', 1, 1, 2, 4, 1, '2018-01-25 23:43:48', '2018-03-13 08:27:32'),
	(46, NULL, 'Алексей Алексей Алексей', 'bombela1988@gmail.com', 'город-герой Одесса', '0634262680', 1, 1, 2, 4, 1, '2018-01-30 13:36:45', '2018-02-08 09:21:02'),
	(50, 1, 'Quick Buy', 'quickbuy@gmail.com', 'quickbuy', '050-328-6614', 1, 4, 2, 4, 0, '2018-03-13 11:53:10', '2018-03-13 11:53:10'),
	(64, 1, 'Quick Buy', 'quickbuy@gmail.com', 'quickbuy', '050-328-1234', 1, 4, 2, 4, 0, '2018-03-13 13:25:33', '2018-03-13 13:25:33'),
	(65, 1, 'Quick Buy', 'quickbuy@gmail.com', 'quickbuy', '050-328-6614', 1, 4, 2, 4, 1, '2018-03-13 13:41:40', '2018-04-05 11:00:59'),
	(66, 1, ',Vasya', 'quickbuy@gmail.com', 'quickbuy', '050-328-3333', 1, 4, 2, 4, 0, '2018-03-13 14:33:22', '2018-03-13 14:33:22'),
	(67, 1, 'SADSAD', 'quickbuy@gmail.com', 'quickbuy', '050-328-1111', 1, 4, 2, 7, 1, '2018-03-13 14:34:14', '2018-03-23 09:11:21'),
	(68, 1, 'Василий', 'quickbuy@gmail.com', 'quickbuy', '050-111-1111', 1, 4, 2, 7, 1, '2018-03-13 15:25:09', '2018-03-21 10:08:07'),
	(69, 1, 'Тест', 'quickbuy@gmail.com', 'quickbuy', '0631111111', 1, 4, 2, 4, 1, '2018-04-16 11:50:18', '2018-04-16 13:37:33');
/*!40000 ALTER TABLE `orders` ENABLE KEYS */;

-- Дамп структуры для таблица rosco.order_items
CREATE TABLE IF NOT EXISTS `order_items` (
  `id` int(10) unsigned NOT NULL AUTO_INCREMENT,
  `order_id` int(10) unsigned NOT NULL,
  `product_id` varchar(255) COLLATE utf8mb4_unicode_ci NOT NULL,
  `price` decimal(8,2) NOT NULL,
  `quantity` varchar(255) COLLATE utf8mb4_unicode_ci NOT NULL,
  `created_at` timestamp NULL DEFAULT NULL,
  `updated_at` timestamp NULL DEFAULT NULL,
  PRIMARY KEY (`id`),
  KEY `order_items_order_id_foreign` (`order_id`),
  CONSTRAINT `order_items_order_id_foreign` FOREIGN KEY (`order_id`) REFERENCES `orders` (`id`) ON DELETE CASCADE
) ENGINE=InnoDB AUTO_INCREMENT=67 DEFAULT CHARSET=utf8mb4 COLLATE=utf8mb4_unicode_ci;

-- Дамп данных таблицы rosco.order_items: ~41 rows (приблизительно)
/*!40000 ALTER TABLE `order_items` DISABLE KEYS */;
INSERT INTO `order_items` (`id`, `order_id`, `product_id`, `price`, `quantity`, `created_at`, `updated_at`) VALUES
	(1, 2, '99', 500.00, '1', '2018-01-07 00:26:59', '2018-01-07 00:26:59'),
	(2, 2, '102', 500.00, '2', '2018-01-07 00:26:59', '2018-01-07 00:26:59'),
	(3, 2, '105', 500.00, '2', '2018-01-07 00:26:59', '2018-01-07 00:26:59'),
	(4, 2, '106', 15.00, '2', '2018-01-07 00:26:59', '2018-01-07 00:26:59'),
	(5, 3, '106', 15.00, '1', '2018-01-07 00:33:46', '2018-01-07 00:33:46'),
	(6, 4, '106', 15.00, '1', '2018-01-07 00:35:21', '2018-01-07 00:35:21'),
	(7, 5, '106', 15.00, '1', '2018-01-07 00:37:55', '2018-01-07 00:37:55'),
	(8, 6, '106', 15.00, '2', '2018-01-07 00:38:46', '2018-01-07 00:38:46'),
	(9, 7, '106', 15.00, '1', '2018-01-07 00:43:42', '2018-01-07 00:43:42'),
	(10, 9, '106', 15.00, '1', '2018-01-07 04:06:46', '2018-01-07 04:06:46'),
	(11, 10, '106', 15.00, '1', '2018-01-07 04:10:20', '2018-01-07 04:10:20'),
	(12, 11, '106', 15.00, '1', '2018-01-07 04:14:57', '2018-01-07 04:14:57'),
	(13, 12, '106', 15.00, '1', '2018-01-07 04:18:25', '2018-01-07 04:18:25'),
	(14, 13, '106', 15.00, '2', '2018-01-07 04:20:32', '2018-01-07 04:20:32'),
	(15, 14, '106', 15.00, '1', '2018-01-07 04:22:05', '2018-01-07 04:22:05'),
	(16, 15, '106', 15.00, '2', '2018-01-07 04:22:48', '2018-01-07 04:22:48'),
	(17, 16, '106', 15.00, '1', '2018-01-07 05:09:24', '2018-01-07 05:09:24'),
	(18, 18, '106', 15.00, '1', '2018-01-16 05:20:06', '2018-01-16 05:20:06'),
	(19, 19, '106', 419.25, '1', '2018-01-16 05:29:57', '2018-01-16 05:29:57'),
	(27, 28, '106', 419.25, '1', '2018-01-16 07:32:01', '2018-01-16 07:32:01'),
	(28, 29, '106', 419.25, '1', '2018-01-16 07:46:16', '2018-01-16 07:46:16'),
	(29, 30, '103', 13975.00, '1', '2018-01-16 07:50:36', '2018-01-16 07:50:36'),
	(30, 31, '103', 13975.00, '1', '2018-01-16 07:57:01', '2018-01-16 07:57:01'),
	(32, 33, '106', 419.25, '1', '2018-01-16 07:58:48', '2018-01-16 07:58:48'),
	(33, 34, '106', 419.25, '1', '2018-01-16 08:06:17', '2018-01-16 08:06:17'),
	(34, 35, '106', 419.25, '1', '2018-01-16 08:31:30', '2018-01-16 08:31:30'),
	(35, 37, '106', 419.25, '1', '2018-01-16 08:57:34', '2018-01-16 08:57:34'),
	(36, 39, '106', 419.00, '1', '2018-01-16 19:56:41', '2018-01-16 19:56:41'),
	(37, 40, '106', 419.00, '1', '2018-01-16 19:57:41', '2018-01-16 19:57:41'),
	(38, 41, '106', 419.00, '1', '2018-01-16 19:57:55', '2018-01-16 19:57:55'),
	(39, 39, '103', 419.00, '1', '2018-01-16 19:56:41', '2018-01-16 19:56:41'),
	(40, 43, '106', 419.00, '1', '2018-01-24 12:06:56', '2018-01-24 12:06:56'),
	(41, 44, '106', 377.00, '1', '2018-01-24 12:10:28', '2018-01-24 12:10:28'),
	(42, 45, '106', 377.00, '1', '2018-01-25 23:43:48', '2018-01-25 23:43:48'),
	(43, 46, '106', 377.00, '1', '2018-01-30 13:36:45', '2018-01-30 13:36:45'),
	(47, 50, '107', 13947.00, '1', '2018-03-13 11:53:10', '2018-03-13 11:53:10'),
	(61, 64, '106', 503.00, '1', '2018-03-13 13:25:33', '2018-03-13 13:25:33'),
	(62, 65, '106', 503.00, '1', '2018-03-13 13:41:40', '2018-03-13 13:41:40'),
	(63, 66, '107', 13947.00, '1', '2018-03-13 14:33:22', '2018-03-13 14:33:22'),
	(64, 67, '107', 13947.00, '1', '2018-03-13 14:34:14', '2018-03-13 14:34:14'),
	(65, 68, '106', 503.00, '1', '2018-03-13 15:25:09', '2018-03-13 15:25:09'),
	(66, 69, '128', 310.00, '1', '2018-04-16 11:50:18', '2018-04-16 11:50:18');
/*!40000 ALTER TABLE `order_items` ENABLE KEYS */;

-- Дамп структуры для таблица rosco.pages
CREATE TABLE IF NOT EXISTS `pages` (
  `id` int(10) unsigned NOT NULL AUTO_INCREMENT,
  `slug` varchar(255) COLLATE utf8mb4_unicode_ci DEFAULT NULL,
  `template` varchar(255) COLLATE utf8mb4_unicode_ci DEFAULT NULL,
  `is_active` int(11) NOT NULL DEFAULT '1',
  `created_at` timestamp NULL DEFAULT NULL,
  `updated_at` timestamp NULL DEFAULT NULL,
  PRIMARY KEY (`id`),
  UNIQUE KEY `pages_slug_unique` (`slug`)
) ENGINE=InnoDB AUTO_INCREMENT=5 DEFAULT CHARSET=utf8mb4 COLLATE=utf8mb4_unicode_ci;

-- Дамп данных таблицы rosco.pages: ~2 rows (приблизительно)
/*!40000 ALTER TABLE `pages` DISABLE KEYS */;
INSERT INTO `pages` (`id`, `slug`, `template`, `is_active`, `created_at`, `updated_at`) VALUES
	(3, 'o-kompanii', NULL, 1, '2018-01-16 15:05:49', '2018-01-16 15:05:49'),
	(4, 'kontakty', 'contacts', 1, '2018-01-16 15:15:53', '2018-01-16 15:15:53');
/*!40000 ALTER TABLE `pages` ENABLE KEYS */;

-- Дамп структуры для таблица rosco.page_translations
CREATE TABLE IF NOT EXISTS `page_translations` (
  `id` int(10) unsigned NOT NULL AUTO_INCREMENT,
  `page_id` int(10) unsigned NOT NULL,
  `title` varchar(255) COLLATE utf8mb4_unicode_ci DEFAULT NULL,
  `description` text COLLATE utf8mb4_unicode_ci,
  `seo_title` varchar(255) COLLATE utf8mb4_unicode_ci DEFAULT NULL,
  `seo_h1` varchar(255) COLLATE utf8mb4_unicode_ci DEFAULT NULL,
  `seo_description` text COLLATE utf8mb4_unicode_ci,
  `seo_keywords` text COLLATE utf8mb4_unicode_ci,
  `lang_code` varchar(255) COLLATE utf8mb4_unicode_ci NOT NULL,
  PRIMARY KEY (`id`),
  UNIQUE KEY `page_translations_page_id_lang_code_unique` (`page_id`,`lang_code`),
  KEY `page_translations_lang_code_index` (`lang_code`),
  CONSTRAINT `page_translations_page_id_foreign` FOREIGN KEY (`page_id`) REFERENCES `pages` (`id`) ON DELETE CASCADE
) ENGINE=InnoDB AUTO_INCREMENT=9 DEFAULT CHARSET=utf8mb4 COLLATE=utf8mb4_unicode_ci;

-- Дамп данных таблицы rosco.page_translations: ~4 rows (приблизительно)
/*!40000 ALTER TABLE `page_translations` DISABLE KEYS */;
INSERT INTO `page_translations` (`id`, `page_id`, `title`, `description`, `seo_title`, `seo_h1`, `seo_description`, `seo_keywords`, `lang_code`) VALUES
	(5, 3, 'О компании', '<p style="text-align: left; margin-bottom: 0px; padding: 0px; line-height: 25px; color: rgb(79, 77, 74); font-family: Roboto; font-size: 16px;"><span style="margin: 0px; padding: 0px; font-size: 10pt;"><span style="margin: 0px; padding: 0px;">Группа компаний «РОСКО»</span>  с 2008 года активно развивается на рынке Украины как дистрибьютор и импортер средств защиты растений, посевного материала и удобрений. За это время мы зарекомендовали себя как лояльная, динамично развивающаяся компания, ориентированная в первую очередь на потребность аграриев в инновационных технологиях для увеличения урожайности и при этом в оптимизации затрат на выращивание.</span></p><p style="text-align: left; margin-bottom: 0px; padding: 0px; line-height: 25px; color: rgb(79, 77, 74); font-family: Roboto; font-size: 16px;"><span style="margin: 0px; padding: 0px; font-size: 10pt;">Мы создали<span style="margin: 0px; padding: 0px;"> агрономический центр</span> для возможности проведения опытов и анализа полученных результатов в зависимости от погодных условий и применяемых технологий, а также средств защиты растений и посевного материала.</span></p><p style="text-align: left; margin-bottom: 0px; padding: 0px; line-height: 25px; color: rgb(79, 77, 74); font-family: Roboto; font-size: 16px;"><span style="margin: 0px; padding: 0px; font-size: 10pt;"><br></span><span style="font-size: 10pt; text-align: justify;">Наша лаборатория делает анализ грунта и листовой поверхности.</span></p><p style="text-align: left; margin-bottom: 0px; padding: 0px; line-height: 25px; color: rgb(79, 77, 74); font-family: Roboto; font-size: 16px;"><span style="font-size: 10pt; text-align: justify;"><br></span><span style="font-size: 10pt; text-align: justify;">Наши специалисты участвуют в международных семинарах и ежегодно проходят повышение квалификации.</span></p><p style="margin-bottom: 0px; padding: 0px; line-height: 25px; color: rgb(79, 77, 74); font-family: Roboto; font-size: 16px; text-align: justify;"><span style="margin: 0px; padding: 0px; font-size: 10pt;"><span style="margin: 0px; padding: 0px;">Мы предлагаем только лучшее решение!  </span></span></p><p style="margin-bottom: 0px; padding: 0px; line-height: 25px; color: rgb(79, 77, 74); font-family: Roboto; font-size: 16px; text-align: justify;"><span style="margin: 0px; padding: 0px; font-size: 10pt;">Нами создан логистический центр в Одесской области, площадью  более 4 тысяч кв метров, предназначенный для хранения пестицидов, удобрений и посевного материала.</span></p><p style="margin-bottom: 0px; padding: 0px; line-height: 25px; color: rgb(79, 77, 74); font-family: Roboto; font-size: 16px; text-align: justify;"><span style="margin: 0px; padding: 0px; font-size: 10pt;"><br></span><span style="font-size: 10pt;">Мы оказываем услуги по хранению, а также производим доставку и экспедирование.</span></p><p style="margin-bottom: 0px; padding: 0px; line-height: 25px; color: rgb(79, 77, 74); font-family: Roboto; font-size: 16px; text-align: justify;"><span style="font-size: 10pt;"><br></span><span style="font-size: 10pt;">Нашими услугами пользуются многие международные химические компании.</span></p><p style="margin-bottom: 0px; padding: 0px; line-height: 25px; color: rgb(79, 77, 74); font-family: Roboto; font-size: 16px; text-align: justify;"><span style="font-size: 10pt;"><br></span><span style="font-size: 10pt;">Нами налажена складская логистика в регионах так, что мы доставляем товар в любую точку Украины в течении суток.</span></p><p style="margin-bottom: 0px; padding: 0px; line-height: 25px; color: rgb(79, 77, 74); font-family: Roboto; font-size: 16px; text-align: justify;"><span style="margin: 0px; padding: 0px; font-size: 10pt;">Мы предлагаем <span style="margin: 0px; padding: 0px;">комплекс услуг</span> по внесению средств защиты растений современными самоходными опрыскивателями с высоким клиренсом, т.к они являются лучшим универсальным средством для обработки различных культур жидкими агрохимикатами и обеспечивают высокую скорость внесения.</span></p><div class="content" style="margin: 0px; padding-right: 0px; padding-bottom: 0px; padding-left: 0px; color: rgb(79, 77, 74); font-family: Roboto; font-size: 16px;"><div class="content_box" style="margin: 0px; padding: 0px;"><p style="margin-bottom: 0px; padding: 0px; line-height: 25px; text-align: justify;"><span style="margin: 0px; padding: 0px; font-size: 10pt;">Специально для аграриев нами разработана программа: <span style="margin: 0px; padding: 0px;">ФИНАНСОВАЯ ПОДДЕРЖКА и ФИНАНСОВАЯ ЛОЯЛЬНОСТЬ</span>, помогающая строить крепкие и надежные отношения на долгие годы.</span></p><p style="margin-bottom: 0px; padding: 0px; line-height: 25px; text-align: justify;"><span style="margin: 0px; padding: 0px; font-size: 10pt;">С января 2016 года наша компания начинает бессрочную благотворительную акцию для детей сирот из разных регионов Украины. Для этого мы организовали благотворительный фонд «<span style="margin: 0px; padding: 0px;">ДИВО</span>» и команду, готовую прививать в нашей стране европейские ценности.</span></p></div></div>', 'О компании', NULL, NULL, NULL, 'ru'),
	(6, 3, 'Про компанію', '<p>Група компаній «РОСКО» з 2008 року активно розвивається на ринку України як дистриб\'ютор та імпортер засобів захисту рослин, посівного матеріалу і добрив. За цей час ми зарекомендували себе як лояльна, що динамічно розвивається компанія, орієнтована в першу чергу на потребу аграріїв в інноваційних технологіях для збільшення врожайності і при цьому в оптимізації витрат на вирощування.</p><p>Ми створили агрономічний центр для можливості проведення дослідів та аналізу отриманих результатів в залежності від погодних умов і застосовуваних технологій, а також засобів захисту рослин та посівного матеріалу.</p><p>Наша лабораторія робить аналіз грунту і листкової поверхні.</p><p>Наші фахівці беруть участь в міжнародних семінарах і щорічно проходять підвищення кваліфікації.</p><p>Ми пропонуємо тільки найкраще рішення! </p><p>Нами створений логістичний центр в Одеській області, площею понад 4 тисяч кв метрів, призначений для зберігання пестицидів, добрив і посівного матеріалу.</p><p>Ми надаємо послуги по зберіганню, а також виконуємо доставку і експедирування.</p><p>Нашими послугами користуються багато міжнародні хімічні компанії.</p><p>Нами налагоджена складська логістика в регіонах так, що ми доставляємо товар в будь-яку точку України протягом доби.</p><p>Ми пропонуємо комплекс послуг щодо внесення засобів захисту рослин сучасними самохідними обприскувачами з високим кліренсом, т. до вони є кращим універсальним засобом для обробки різних культур рідкими агрохімікатами і забезпечують високу швидкість внесення.</p><p>Спеціально для аграріїв нами розроблена програма: ФІНАНСОВА ПІДТРИМКА і ФІНАНСОВА ЛОЯЛЬНІСТЬ, допомагає будувати міцні і надійні відносини на довгі роки.</p><p>З січня 2016 року наша компанія розпочинає безстрокову благодійну акцію для дітей сиріт з різних регіонів України. Для цього ми організували благодійний фонд «ДИВО» і команду, готову прищеплювати в нашій країні європейські цінності. </p><p><br></p><p>ROSCO - best solution!</p>', NULL, NULL, NULL, NULL, 'uk'),
	(7, 4, 'Контакты', '<p><span style="margin: 0px; padding: 0px; font-size: 20px; color: rgb(0, 0, 0); font-family: Roboto; text-align: center;">Мы находимся по адресу</span><span style="color: rgb(0, 0, 0); font-family: Roboto; font-size: 14px; text-align: center;"></span></p><p style="margin-top: 30px; margin-bottom: 30px; padding: 0px; font-size: 16px; color: rgb(79, 77, 74); font-family: Roboto; text-align: center;">65101, г. Одесса, ул. 25 Чапаевской Дивизии, 6/1</p><p><span style="margin: 0px; padding: 0px; color: rgb(145, 145, 145); font-family: Roboto; text-align: center;">звоните нам</span><span style="color: rgb(0, 0, 0); font-family: Roboto; font-size: 14px; text-align: center;"></span></p><div class="phone" style="margin: 20px 0px 5px; padding: 0px; color: rgb(50, 202, 119); font-size: 22px; font-family: Roboto; text-align: center;">(044) 390 - 00 - 77</div><div class="phone" style="margin: 20px 0px 0px; padding: 0px; color: rgb(50, 202, 119); font-size: 22px; font-family: Roboto; text-align: center;">(067) 482 - 82 - 00</div>', 'Контакты', NULL, NULL, NULL, 'ru'),
	(8, 4, 'Контакти', '<p><span style="margin: 0px; padding: 0px; font-size: 20px; color: rgb(0, 0, 0); font-family: Roboto; text-align: center;">Мы находимся по адресу</span><span style="color: rgb(0, 0, 0); font-family: Roboto; font-size: 14px; text-align: center;"></span></p><p style="margin-top: 30px; margin-bottom: 30px; padding: 0px; font-size: 16px; color: rgb(79, 77, 74); font-family: Roboto; text-align: center;">65101, г. Одесса, ул. 25 Чапаевской Дивизии, 6/1</p><p><span style="margin: 0px; padding: 0px; color: rgb(145, 145, 145); font-family: Roboto; text-align: center;">звоните нам</span><span style="color: rgb(0, 0, 0); font-family: Roboto; font-size: 14px; text-align: center;"></span></p><div class="phone" style="margin: 20px 0px 5px; padding: 0px; color: rgb(50, 202, 119); font-size: 22px; font-family: Roboto; text-align: center;">(044) 390 - 00 - 77</div><div class="phone" style="margin: 20px 0px 0px; padding: 0px; color: rgb(50, 202, 119); font-size: 22px; font-family: Roboto; text-align: center;">(067) 482 - 82 - 00</div>', NULL, NULL, NULL, NULL, 'uk');
/*!40000 ALTER TABLE `page_translations` ENABLE KEYS */;

-- Дамп структуры для таблица rosco.password_resets
CREATE TABLE IF NOT EXISTS `password_resets` (
  `email` varchar(255) COLLATE utf8mb4_unicode_ci NOT NULL,
  `token` varchar(255) COLLATE utf8mb4_unicode_ci NOT NULL,
  `created_at` timestamp NULL DEFAULT NULL,
  KEY `password_resets_email_index` (`email`)
) ENGINE=InnoDB DEFAULT CHARSET=utf8mb4 COLLATE=utf8mb4_unicode_ci;

-- Дамп данных таблицы rosco.password_resets: ~0 rows (приблизительно)
/*!40000 ALTER TABLE `password_resets` DISABLE KEYS */;
/*!40000 ALTER TABLE `password_resets` ENABLE KEYS */;

-- Дамп структуры для таблица rosco.payments
CREATE TABLE IF NOT EXISTS `payments` (
  `id` int(10) unsigned NOT NULL AUTO_INCREMENT,
  `code` varchar(255) COLLATE utf8mb4_unicode_ci DEFAULT NULL,
  `image` varchar(255) COLLATE utf8mb4_unicode_ci DEFAULT NULL,
  `currency_id` int(11) NOT NULL,
  `is_active` int(11) NOT NULL DEFAULT '1',
  `created_at` timestamp NULL DEFAULT NULL,
  `updated_at` timestamp NULL DEFAULT NULL,
  PRIMARY KEY (`id`),
  UNIQUE KEY `payments_code_unique` (`code`)
) ENGINE=InnoDB AUTO_INCREMENT=5 DEFAULT CHARSET=utf8mb4 COLLATE=utf8mb4_unicode_ci;

-- Дамп данных таблицы rosco.payments: ~2 rows (приблизительно)
/*!40000 ALTER TABLE `payments` DISABLE KEYS */;
INSERT INTO `payments` (`id`, `code`, `image`, `currency_id`, `is_active`, `created_at`, `updated_at`) VALUES
	(1, 'beznalichnyy-raschet', 'beznalichnyy-raschet.png', 2, 1, '2018-01-16 02:25:23', '2018-04-15 20:39:10'),
	(4, 'nalozhennyy-platezh', 'nalozhennyy-platezh.gif', 2, 1, '2018-01-16 02:35:06', '2018-01-16 02:35:19');
/*!40000 ALTER TABLE `payments` ENABLE KEYS */;

-- Дамп структуры для таблица rosco.payment_to_shipments
CREATE TABLE IF NOT EXISTS `payment_to_shipments` (
  `id` int(10) unsigned NOT NULL AUTO_INCREMENT,
  `shipment_id` int(10) unsigned NOT NULL,
  `payment_id` int(10) unsigned NOT NULL,
  PRIMARY KEY (`id`),
  KEY `payment_to_shipments_shipment_id_foreign` (`shipment_id`),
  KEY `payment_to_shipments_payment_id_foreign` (`payment_id`),
  CONSTRAINT `payment_to_shipments_payment_id_foreign` FOREIGN KEY (`payment_id`) REFERENCES `payments` (`id`) ON DELETE CASCADE,
  CONSTRAINT `payment_to_shipments_shipment_id_foreign` FOREIGN KEY (`shipment_id`) REFERENCES `shipments` (`id`) ON DELETE CASCADE
) ENGINE=InnoDB AUTO_INCREMENT=8 DEFAULT CHARSET=utf8mb4 COLLATE=utf8mb4_unicode_ci;

-- Дамп данных таблицы rosco.payment_to_shipments: ~3 rows (приблизительно)
/*!40000 ALTER TABLE `payment_to_shipments` DISABLE KEYS */;
INSERT INTO `payment_to_shipments` (`id`, `shipment_id`, `payment_id`) VALUES
	(3, 3, 4),
	(6, 1, 4),
	(7, 1, 1);
/*!40000 ALTER TABLE `payment_to_shipments` ENABLE KEYS */;

-- Дамп структуры для таблица rosco.payment_translations
CREATE TABLE IF NOT EXISTS `payment_translations` (
  `id` int(10) unsigned NOT NULL AUTO_INCREMENT,
  `payment_id` int(10) unsigned NOT NULL,
  `name` varchar(255) COLLATE utf8mb4_unicode_ci DEFAULT NULL,
  `description` text COLLATE utf8mb4_unicode_ci,
  `lang_code` varchar(255) COLLATE utf8mb4_unicode_ci NOT NULL,
  PRIMARY KEY (`id`),
  UNIQUE KEY `payment_translations_payment_id_lang_code_unique` (`payment_id`,`lang_code`),
  KEY `payment_translations_lang_code_index` (`lang_code`),
  CONSTRAINT `payment_translations_payment_id_foreign` FOREIGN KEY (`payment_id`) REFERENCES `payments` (`id`) ON DELETE CASCADE
) ENGINE=InnoDB AUTO_INCREMENT=7 DEFAULT CHARSET=utf8mb4 COLLATE=utf8mb4_unicode_ci;

-- Дамп данных таблицы rosco.payment_translations: ~4 rows (приблизительно)
/*!40000 ALTER TABLE `payment_translations` DISABLE KEYS */;
INSERT INTO `payment_translations` (`id`, `payment_id`, `name`, `description`, `lang_code`) VALUES
	(1, 1, 'Безналичный расчет', NULL, 'ru'),
	(2, 1, 'Безготівковий розрахунок', NULL, 'uk'),
	(5, 4, 'Наложенный платеж', NULL, 'ru'),
	(6, 4, 'Післяплата', NULL, 'uk');
/*!40000 ALTER TABLE `payment_translations` ENABLE KEYS */;

-- Дамп структуры для таблица rosco.products
CREATE TABLE IF NOT EXISTS `products` (
  `id` int(10) unsigned NOT NULL AUTO_INCREMENT,
  `slug` varchar(255) COLLATE utf8mb4_unicode_ci DEFAULT NULL,
  `image` varchar(255) COLLATE utf8mb4_unicode_ci DEFAULT NULL,
  `article` varchar(255) COLLATE utf8mb4_unicode_ci DEFAULT '0',
  `substance` varchar(255) COLLATE utf8mb4_unicode_ci DEFAULT NULL,
  `category_id` int(11) DEFAULT NULL,
  `manufacturer_id` int(11) DEFAULT NULL,
  `price` decimal(8,2) NOT NULL DEFAULT '0.00',
  `stock` int(11) DEFAULT '0',
  `use_stock` tinyint(4) NOT NULL DEFAULT '0',
  `is_published` int(11) NOT NULL DEFAULT '0',
  `is_related` int(11) NOT NULL DEFAULT '0',
  `showed_at` timestamp NULL DEFAULT NULL,
  `status_id` int(11) NOT NULL DEFAULT '1',
  `created_at` timestamp NULL DEFAULT NULL,
  `updated_at` timestamp NULL DEFAULT NULL,
  PRIMARY KEY (`id`),
  UNIQUE KEY `products_slug_unique` (`slug`)
) ENGINE=InnoDB AUTO_INCREMENT=144 DEFAULT CHARSET=utf8mb4 COLLATE=utf8mb4_unicode_ci;

-- Дамп данных таблицы rosco.products: ~15 rows (приблизительно)
/*!40000 ALTER TABLE `products` DISABLE KEYS */;
INSERT INTO `products` (`id`, `slug`, `image`, `article`, `substance`, `category_id`, `manufacturer_id`, `price`, `stock`, `use_stock`, `is_published`, `is_related`, `showed_at`, `status_id`, `created_at`, `updated_at`) VALUES
	(125, 'tselitel-fungitsid-ridomil-gold', '22205b0fa3bca515dd51c87473f9ffdb.jpg', NULL, 'металаксил, 80 г/кг + манкоцеб, 640 г/кг', 35, 1, 11.00, NULL, 0, 1, 0, NULL, 1, '2018-04-13 13:49:59', '2018-04-16 14:52:53'),
	(128, 'gart-fungitsid-chempion', 'dde03908924ae2d4a5bbf6db1816cd77.jpg', NULL, 'гидроксид меди 770 г/кг', 35, 1, 13.00, NULL, 0, 1, 0, NULL, 1, '2018-04-16 07:55:35', '2018-04-16 08:02:42'),
	(131, 'dezaral-fungitsid-derozal', '90309ca7b521f800e626f726b8e8628d.png', NULL, 'Карбендазим 500 г/л', 35, 1, 8.50, NULL, 0, 1, 0, NULL, 1, '2018-04-16 14:11:20', '2018-04-16 14:29:02'),
	(132, 'dzhek-pot-fungitsid-topaz-skor', '9db2ef6b09bc7c70390ae16c3e838020.png', NULL, 'дифеноконазол 200 г/л + пенконазол 100 г/л', 35, 1, 34.00, NULL, 0, 1, 0, NULL, 1, '2018-04-17 07:07:33', '2018-04-17 07:07:33'),
	(133, 'fundazim-fungitsid-fundazol', '4ecf92d34f0fc92878f25a33e9684370.png', NULL, 'беномил, 500 г/кг.', 35, 1, 14.10, NULL, 0, 1, 0, NULL, 1, '2018-04-17 07:55:13', '2018-04-17 07:55:13'),
	(134, 'unikal-fungitsid-folikur-250-ew', '3320eb5ca96fe05aa8c625fae21c4ffd.png', NULL, 'тебуконазол, 250 г/л.', 35, 1, 12.50, NULL, 0, 1, 0, NULL, 1, '2018-04-17 08:16:27', '2018-04-17 08:16:27'),
	(135, 'zakhisnik-fungitsid-topsin-m', 'f2c6692fe4dfab65990870e8306f17dd.png', NULL, 'тиофанат-метил, 500 г/л', 35, 1, 9.20, NULL, 0, 1, 0, NULL, 1, '2018-04-17 08:36:51', '2018-04-17 08:43:05'),
	(136, 'zakhist-fungitsid-tanos', '27387ca1f7aab1a143a046edd1e67548.png', NULL, 'металаксил 100 г/кг, цимоксанил 250 г/кг', 35, 1, 14.90, NULL, 0, 1, 0, NULL, 1, '2018-04-17 08:58:17', '2018-04-17 08:58:17'),
	(137, 'ti-reks-fungitsid-tilt-bayleton', '3fbfdf5333d25ffab254dc207d856f7a.png', NULL, 'пропиконазол, 150 г/л + триадимефон, 150 г/л.', 35, 1, 16.60, NULL, 0, 1, 0, NULL, 1, '2018-04-17 09:11:34', '2018-04-17 09:11:34'),
	(138, 'top-effekt-fungitsid-impakt', 'ca54f4dceac2e1e95445ed38ac2232b4.png', NULL, 'флутриафол, 250 г / л.', 35, 1, 13.50, NULL, 0, 1, 0, NULL, 1, '2018-04-17 09:27:30', '2018-04-17 09:27:30'),
	(139, 'ayaks-fungitsid-reks-duo', '0e6eeab9c026248b5ffe713714b51265.png', NULL, 'тиофанат-метил 310 г/л, тебуконазол 70 г/л, эпоксиконазол 120 г/л', 35, 1, 30.00, NULL, 0, 1, 0, NULL, 1, '2018-04-17 09:40:09', '2018-04-17 09:40:10'),
	(140, 'strazh-fungitsid-khorus', '5bcfddce5bb8e1eb3789d3f687999519.png', NULL, 'ципродинил 500 г/л', 35, 1, 38.50, NULL, 0, 1, 0, NULL, 1, '2018-04-17 10:00:06', '2018-04-17 10:00:06'),
	(141, 'dezaral-ekstra-fungitsid', '7c8992580a3e382c20eafa6e7ab0fe37.png', NULL, 'карбендазим 500 г/л  + флутриафол 250 г/л', 35, 1, 11.00, NULL, 0, 1, 0, NULL, 1, '2018-04-17 11:04:32', '2018-04-17 11:04:32'),
	(142, 'delavit-fungitsid', '29561534a82b2db1b0c15a90958ab543.png', NULL, 'дитианон 350 г/л', 35, 1, 24.20, NULL, 0, 1, 0, NULL, 1, '2018-04-17 11:53:39', '2018-04-17 11:53:39'),
	(143, 'kapital-fungitsid', '8e0dfbc48159f2010d3200c293066f11.png', NULL, 'азоксистробин 150 г/л, ципроконазол 60 г/л, эпоксиконазол 50 г/л', 35, 1, 35.70, NULL, 0, 1, 0, NULL, 1, '2018-04-17 12:04:36', '2018-04-17 12:04:36');
/*!40000 ALTER TABLE `products` ENABLE KEYS */;

-- Дамп структуры для таблица rosco.product_attributes
CREATE TABLE IF NOT EXISTS `product_attributes` (
  `id` int(10) unsigned NOT NULL AUTO_INCREMENT,
  `product_id` int(10) unsigned NOT NULL,
  `attribute_id` int(10) unsigned NOT NULL,
  PRIMARY KEY (`id`),
  UNIQUE KEY `product_attributes_product_id_attribute_id_lang_code_unique` (`product_id`,`attribute_id`),
  KEY `product_attributes_attribute_id_foreign` (`attribute_id`),
  CONSTRAINT `product_attributes_attribute_id_foreign` FOREIGN KEY (`attribute_id`) REFERENCES `attributes` (`id`) ON DELETE CASCADE,
  CONSTRAINT `product_attributes_product_id_foreign` FOREIGN KEY (`product_id`) REFERENCES `products` (`id`) ON DELETE CASCADE
) ENGINE=InnoDB AUTO_INCREMENT=63 DEFAULT CHARSET=utf8mb4 COLLATE=utf8mb4_unicode_ci;

-- Дамп данных таблицы rosco.product_attributes: ~45 rows (приблизительно)
/*!40000 ALTER TABLE `product_attributes` DISABLE KEYS */;
INSERT INTO `product_attributes` (`id`, `product_id`, `attribute_id`) VALUES
	(14, 125, 7),
	(15, 125, 8),
	(16, 125, 9),
	(17, 128, 7),
	(18, 128, 8),
	(19, 128, 9),
	(26, 131, 4),
	(24, 131, 7),
	(25, 131, 8),
	(29, 132, 4),
	(27, 132, 7),
	(28, 132, 8),
	(30, 133, 7),
	(31, 133, 8),
	(32, 133, 9),
	(35, 134, 4),
	(33, 134, 7),
	(34, 134, 8),
	(38, 135, 4),
	(36, 135, 7),
	(37, 135, 8),
	(39, 136, 7),
	(40, 136, 8),
	(41, 136, 9),
	(44, 137, 4),
	(42, 137, 7),
	(43, 137, 8),
	(47, 138, 4),
	(45, 138, 7),
	(46, 138, 8),
	(50, 139, 4),
	(49, 139, 7),
	(48, 139, 8),
	(53, 140, 4),
	(51, 140, 7),
	(52, 140, 8),
	(56, 141, 4),
	(54, 141, 7),
	(55, 141, 8),
	(59, 142, 4),
	(57, 142, 7),
	(58, 142, 8),
	(62, 143, 4),
	(60, 143, 7),
	(61, 143, 8);
/*!40000 ALTER TABLE `product_attributes` ENABLE KEYS */;

-- Дамп структуры для таблица rosco.product_attribute_translations
CREATE TABLE IF NOT EXISTS `product_attribute_translations` (
  `id` int(10) unsigned NOT NULL AUTO_INCREMENT,
  `product_attribute_id` int(10) unsigned NOT NULL,
  `text` varchar(255) COLLATE utf8mb4_unicode_ci NOT NULL,
  `lang_code` varchar(255) COLLATE utf8mb4_unicode_ci NOT NULL,
  PRIMARY KEY (`id`),
  UNIQUE KEY `prod_attr_lang_code_unique` (`product_attribute_id`,`lang_code`),
  KEY `product_attribute_translations_lang_code_index` (`lang_code`),
  CONSTRAINT `product_attribute_translations_product_attribute_id_foreign` FOREIGN KEY (`product_attribute_id`) REFERENCES `product_attributes` (`id`) ON DELETE CASCADE
) ENGINE=InnoDB AUTO_INCREMENT=110 DEFAULT CHARSET=utf8mb4 COLLATE=utf8mb4_unicode_ci;

-- Дамп данных таблицы rosco.product_attribute_translations: ~90 rows (приблизительно)
/*!40000 ALTER TABLE `product_attribute_translations` DISABLE KEYS */;
INSERT INTO `product_attribute_translations` (`id`, `product_attribute_id`, `text`, `lang_code`) VALUES
	(12, 14, 'Укравит', 'ru'),
	(13, 14, 'Укравіт', 'uk'),
	(14, 15, 'Украина', 'ru'),
	(15, 15, 'Україна', 'uk'),
	(16, 16, '1.0(кг)', 'ru'),
	(17, 16, '1.0(кг)', 'uk'),
	(18, 17, 'Укравит', 'ru'),
	(19, 17, 'Укравіт', 'uk'),
	(20, 18, 'Украина', 'ru'),
	(21, 18, 'Україна', 'uk'),
	(22, 19, '2.0(кг)', 'ru'),
	(23, 19, '2.0(кг)', 'uk'),
	(32, 26, '5.0(л)', 'ru'),
	(33, 26, '5.0(л)', 'uk'),
	(34, 24, 'Укравит', 'ru'),
	(35, 24, 'Укравіт', 'uk'),
	(36, 25, 'Украина', 'ru'),
	(37, 25, 'Україна', 'uk'),
	(38, 29, '1.0(л)', 'ru'),
	(39, 29, '1.0(л)', 'uk'),
	(40, 27, 'Укравит', 'ru'),
	(41, 27, 'Укравіт', 'uk'),
	(42, 28, 'Украина', 'ru'),
	(43, 28, 'Україна', 'uk'),
	(44, 30, 'Укравит', 'ru'),
	(45, 30, 'Укравіт', 'uk'),
	(46, 31, 'Украина', 'ru'),
	(47, 31, 'Україна', 'uk'),
	(48, 32, '1.0(кг)', 'ru'),
	(49, 32, '1.0(кг)', 'uk'),
	(50, 35, '5.0(л)', 'ru'),
	(51, 35, '5.0(л)', 'uk'),
	(52, 33, 'Укравит', 'ru'),
	(53, 33, 'Укравіт', 'uk'),
	(54, 34, 'Украина', 'ru'),
	(55, 34, 'Україна', 'uk'),
	(56, 38, '5.0(л)', 'ru'),
	(57, 38, '5.0(л)', 'uk'),
	(58, 36, 'Укравит', 'ru'),
	(59, 36, 'Укравіт', 'uk'),
	(60, 37, 'Украина', 'ru'),
	(61, 37, 'Україна', 'uk'),
	(62, 39, 'Укравит', 'ru'),
	(63, 39, 'Укравіт', 'uk'),
	(64, 40, 'Украина', 'ru'),
	(65, 40, 'Україна', 'uk'),
	(66, 41, '1.0(кг)', 'ru'),
	(67, 41, '1.0(кг)', 'uk'),
	(68, 44, '5.0(л)', 'ru'),
	(69, 44, '5.0(л)', 'uk'),
	(70, 42, 'Укравит', 'ru'),
	(71, 42, 'Укравіт', 'uk'),
	(72, 43, 'Украина', 'ru'),
	(73, 43, 'Україна', 'uk'),
	(74, 47, '5.0(л)', 'ru'),
	(75, 47, '5.0(л)', 'uk'),
	(76, 45, 'Укравит', 'ru'),
	(77, 45, 'Укравіт', 'uk'),
	(78, 46, 'Украина', 'ru'),
	(79, 46, 'Україна', 'uk'),
	(80, 50, '5.0(л)', 'ru'),
	(81, 50, '5.0(л)', 'uk'),
	(82, 49, 'Укравит', 'ru'),
	(83, 49, 'Укравіт', 'uk'),
	(84, 48, 'Украина', 'ru'),
	(85, 48, 'Україна', 'uk'),
	(86, 53, '5.0(л)', 'ru'),
	(87, 53, '5.0(л)', 'uk'),
	(88, 51, 'Укравит', 'ru'),
	(89, 51, 'Укравіт', 'uk'),
	(90, 52, 'Украина', 'ru'),
	(91, 52, 'Україна', 'uk'),
	(92, 56, '5.0(л)', 'ru'),
	(93, 56, '5.0(л)', 'uk'),
	(94, 54, 'Укравит', 'ru'),
	(95, 54, 'Укравіт', 'uk'),
	(96, 55, 'Украина', 'ru'),
	(97, 55, 'Україна', 'uk'),
	(98, 59, '5.0(л)', 'ru'),
	(99, 59, '5.0(л)', 'uk'),
	(100, 57, 'Укравит', 'ru'),
	(101, 57, 'Укравіт', 'uk'),
	(102, 58, 'Украина', 'ru'),
	(103, 58, 'Україна', 'uk'),
	(104, 62, '5.0(л)', 'ru'),
	(105, 62, '5.0(л)', 'uk'),
	(106, 60, 'Укравит', 'ru'),
	(107, 60, 'Укравіт', 'uk'),
	(108, 61, 'Украина', 'ru'),
	(109, 61, 'Україна', 'uk');
/*!40000 ALTER TABLE `product_attribute_translations` ENABLE KEYS */;

-- Дамп структуры для таблица rosco.product_images
CREATE TABLE IF NOT EXISTS `product_images` (
  `id` int(10) unsigned NOT NULL AUTO_INCREMENT,
  `product_id` int(10) unsigned NOT NULL,
  `image` varchar(255) COLLATE utf8mb4_unicode_ci NOT NULL,
  `main` int(11) NOT NULL DEFAULT '0',
  `created_at` timestamp NULL DEFAULT NULL,
  `updated_at` timestamp NULL DEFAULT NULL,
  PRIMARY KEY (`id`),
  KEY `product_images_product_id_foreign` (`product_id`),
  CONSTRAINT `product_images_product_id_foreign` FOREIGN KEY (`product_id`) REFERENCES `products` (`id`) ON DELETE CASCADE
) ENGINE=InnoDB AUTO_INCREMENT=25 DEFAULT CHARSET=utf8mb4 COLLATE=utf8mb4_unicode_ci;

-- Дамп данных таблицы rosco.product_images: ~0 rows (приблизительно)
/*!40000 ALTER TABLE `product_images` DISABLE KEYS */;
/*!40000 ALTER TABLE `product_images` ENABLE KEYS */;

-- Дамп структуры для таблица rosco.product_reviews
CREATE TABLE IF NOT EXISTS `product_reviews` (
  `id` int(10) unsigned NOT NULL AUTO_INCREMENT,
  `product_id` int(10) unsigned NOT NULL,
  `user_id` int(11) NOT NULL DEFAULT '0',
  `name` varchar(255) COLLATE utf8mb4_unicode_ci DEFAULT NULL,
  `text` text COLLATE utf8mb4_unicode_ci,
  `is_active` int(1) NOT NULL DEFAULT '0',
  `viewed` int(1) NOT NULL DEFAULT '0',
  `created_at` timestamp NULL DEFAULT NULL,
  `updated_at` timestamp NULL DEFAULT NULL,
  PRIMARY KEY (`id`),
  KEY `product_reviews_product_id_foreign` (`product_id`),
  CONSTRAINT `product_reviews_product_id_foreign` FOREIGN KEY (`product_id`) REFERENCES `products` (`id`) ON DELETE CASCADE
) ENGINE=InnoDB AUTO_INCREMENT=4 DEFAULT CHARSET=utf8mb4 COLLATE=utf8mb4_unicode_ci;

-- Дамп данных таблицы rosco.product_reviews: ~0 rows (приблизительно)
/*!40000 ALTER TABLE `product_reviews` DISABLE KEYS */;
/*!40000 ALTER TABLE `product_reviews` ENABLE KEYS */;

-- Дамп структуры для таблица rosco.product_stats
CREATE TABLE IF NOT EXISTS `product_stats` (
  `id` int(10) unsigned NOT NULL AUTO_INCREMENT,
  `product_id` int(10) unsigned NOT NULL,
  `views` int(11) NOT NULL DEFAULT '0',
  `carts` int(11) NOT NULL DEFAULT '0',
  `orders` int(11) NOT NULL DEFAULT '0',
  `created_at` timestamp NULL DEFAULT NULL,
  `updated_at` timestamp NULL DEFAULT NULL,
  PRIMARY KEY (`id`),
  KEY `product_stats_product_id_foreign` (`product_id`),
  CONSTRAINT `product_stats_product_id_foreign` FOREIGN KEY (`product_id`) REFERENCES `products` (`id`) ON DELETE CASCADE
) ENGINE=InnoDB AUTO_INCREMENT=24 DEFAULT CHARSET=utf8mb4 COLLATE=utf8mb4_unicode_ci;

-- Дамп данных таблицы rosco.product_stats: ~15 rows (приблизительно)
/*!40000 ALTER TABLE `product_stats` DISABLE KEYS */;
INSERT INTO `product_stats` (`id`, `product_id`, `views`, `carts`, `orders`, `created_at`, `updated_at`) VALUES
	(6, 125, 20, 0, 0, '2018-04-13 13:54:06', '2018-04-17 11:27:56'),
	(9, 128, 34, 0, 0, '2018-04-16 08:03:50', '2018-04-17 11:27:58'),
	(11, 131, 26, 0, 0, '2018-04-16 14:12:47', '2018-04-17 11:31:36'),
	(12, 132, 15, 0, 0, '2018-04-17 07:18:42', '2018-04-17 11:45:33'),
	(13, 133, 11, 0, 0, '2018-04-17 08:07:12', '2018-04-17 11:28:04'),
	(14, 134, 5, 0, 0, '2018-04-17 08:24:30', '2018-04-17 11:32:26'),
	(15, 135, 4, 0, 0, '2018-04-17 08:52:24', '2018-04-17 11:32:27'),
	(16, 136, 5, 0, 0, '2018-04-17 09:06:34', '2018-04-17 11:32:30'),
	(17, 137, 4, 0, 0, '2018-04-17 09:22:49', '2018-04-17 11:32:31'),
	(18, 138, 4, 0, 0, '2018-04-17 09:31:38', '2018-04-17 11:41:18'),
	(19, 139, 4, 0, 0, '2018-04-17 09:48:32', '2018-04-17 11:34:19'),
	(20, 140, 2, 0, 0, '2018-04-17 10:00:31', '2018-04-17 11:34:20'),
	(21, 141, 3, 0, 0, '2018-04-17 11:09:14', '2018-04-17 11:34:20'),
	(22, 142, 2, 0, 0, '2018-04-17 11:56:11', '2018-04-17 11:56:24'),
	(23, 143, 2, 0, 0, '2018-04-17 12:08:22', '2018-04-17 12:14:58');
/*!40000 ALTER TABLE `product_stats` ENABLE KEYS */;

-- Дамп структуры для таблица rosco.product_to_category
CREATE TABLE IF NOT EXISTS `product_to_category` (
  `id` int(10) unsigned NOT NULL AUTO_INCREMENT,
  `product_id` int(10) unsigned NOT NULL,
  `category_id` int(10) unsigned NOT NULL,
  PRIMARY KEY (`id`),
  KEY `product_to_category_product_id_foreign` (`product_id`),
  KEY `product_to_category_category_id_foreign` (`category_id`),
  CONSTRAINT `product_to_category_category_id_foreign` FOREIGN KEY (`category_id`) REFERENCES `categories` (`id`) ON DELETE CASCADE,
  CONSTRAINT `product_to_category_product_id_foreign` FOREIGN KEY (`product_id`) REFERENCES `products` (`id`) ON DELETE CASCADE
) ENGINE=InnoDB DEFAULT CHARSET=utf8mb4 COLLATE=utf8mb4_unicode_ci;

-- Дамп данных таблицы rosco.product_to_category: ~0 rows (приблизительно)
/*!40000 ALTER TABLE `product_to_category` DISABLE KEYS */;
/*!40000 ALTER TABLE `product_to_category` ENABLE KEYS */;

-- Дамп структуры для таблица rosco.product_translations
CREATE TABLE IF NOT EXISTS `product_translations` (
  `id` int(10) unsigned NOT NULL AUTO_INCREMENT,
  `product_id` int(10) unsigned NOT NULL,
  `name` varchar(255) COLLATE utf8mb4_unicode_ci DEFAULT NULL,
  `short_description` text COLLATE utf8mb4_unicode_ci,
  `full_description` text COLLATE utf8mb4_unicode_ci,
  `seo_title` varchar(255) COLLATE utf8mb4_unicode_ci DEFAULT NULL,
  `seo_description` text COLLATE utf8mb4_unicode_ci,
  `seo_keywords` text COLLATE utf8mb4_unicode_ci,
  `lang_code` varchar(255) COLLATE utf8mb4_unicode_ci NOT NULL,
  PRIMARY KEY (`id`),
  UNIQUE KEY `product_translations_product_id_lang_code_unique` (`product_id`,`lang_code`),
  KEY `product_translations_lang_code_index` (`lang_code`),
  CONSTRAINT `product_translations_product_id_foreign` FOREIGN KEY (`product_id`) REFERENCES `products` (`id`) ON DELETE CASCADE
) ENGINE=InnoDB AUTO_INCREMENT=284 DEFAULT CHARSET=utf8mb4 COLLATE=utf8mb4_unicode_ci;

-- Дамп данных таблицы rosco.product_translations: ~27 rows (приблизительно)
/*!40000 ALTER TABLE `product_translations` DISABLE KEYS */;
INSERT INTO `product_translations` (`id`, `product_id`, `name`, `short_description`, `full_description`, `seo_title`, `seo_description`, `seo_keywords`, `lang_code`) VALUES
	(246, 125, 'Целитель Фунгицид (Ридомил Голд)', '<p><span style="color: rgb(119, 119, 119); font-family: Roboto, Arial, sans-serif;">Комбинированный фунгицид контактно-системного действия для защиты многих сельскохозяйственных культур от комплекса болезней.</span><br></p>', '<h3 style="margin-top: 10px; margin-right: 0px; margin-left: 0px; font-size: 1.2em; padding: 0px; border: 0px; font-family: Roboto, sans-serif; color: rgb(119, 119, 119); letter-spacing: normal;"><strong style="font-weight: bold; font-family: Roboto, Arial, sans-serif; font-size: 13px; margin: 0px; padding: 0px; border: 0px;">Препаративная форма:</strong><span style="font-family: Roboto, Arial, sans-serif; font-size: 13px;"><b> </b>смачивающийся порошок.</span><br></h3>\r\n<p style="margin-top: 8px; margin-bottom: 8px; padding: 0px; border: 0px; color: rgb(119, 119, 119); font-family: Roboto, Arial, sans-serif;"><strong style="margin: 0px; padding: 0px; border: 0px;">Химическая группа: </strong>производные группы фенилалидов, дитиокарбалиновой кислоты.</p>\r\n<p style="margin-top: 8px; margin-bottom: 8px; padding: 0px; border: 0px; color: rgb(119, 119, 119); font-family: Roboto, Arial, sans-serif;"><strong style="margin: 0px; padding: 0px; border: 0px;">Совместимость: </strong>совместим с другими средствами защиты растений и жидкими удобрениями, кроме щелочных. Однако перед приготовлением баковой смеси пестицидов необходимо проверить препараты на совместимость.</p>\r\n<p style="margin-top: 8px; margin-bottom: 8px; padding: 0px; border: 0px; color: rgb(119, 119, 119); font-family: Roboto, Arial, sans-serif;"><strong style="margin: 0px; padding: 0px; border: 0px;">Механизм действия: </strong>имеет контактно-системное действие. Металаксил быстро поглощается и переносится внутри растения, защищая ее, в т.ч. новый прирост, независимо от инфекционного нагрузки. Он ингибирует рост мицелия в тканях растения, предупреждает спорообразования и имеет постинфекционную активность. Манкоцеб - контактный фунгицид, который обеспечивает внешнюю защиту растения, образуя на ней «защитную пленку» и одновременно является основным звеном резистентности к другим заболеваниям.</p>\r\n<table border="1" style="margin: auto; padding: 0px; border-width: 1px; border-style: solid; border-color: inherit; border-image: initial; table-layout: fixed; width: 849px; word-wrap: break-word; color: rgb(119, 119, 119); font-family: Roboto, Arial, sans-serif; background-color: rgb(255, 255, 255);">\r\n   <tbody style="margin: 0px; padding: 0px; border-style: inherit; border-width: inherit; border-image: inherit;">\r\n      <tr style="margin: 0px; padding: 0px; border-style: inherit; border-width: inherit; border-image: inherit;">\r\n         <td style="margin: 0px; padding: 5px; list-style: none outside none; border: inherit; width: 124px; text-align: center;">Культура</td>\r\n         <td style="margin: 0px; padding: 5px; list-style: none outside none; border: inherit; width: 99px; text-align: center;">Норма расхода препарата, кг/га</td>\r\n         <td style="margin: 0px; padding: 5px; list-style: none outside none; border: inherit; width: 128px; text-align: center;">Спектр действия</td>\r\n         <td style="margin: 0px; padding: 5px; list-style: none outside none; border: inherit; width: 182px; text-align: center;">Способ, время обротбки</td>\r\n         <td style="margin: 0px; padding: 5px; list-style: none outside none; border: inherit; width: 74px; text-align: center;">Максим. кратность обработок</td>\r\n      </tr>\r\n      <tr style="margin: 0px; padding: 0px; border-style: inherit; border-width: inherit; border-image: inherit;">\r\n         <td style="margin: 0px; padding: 5px; list-style: none outside none; border: inherit; width: 124px; text-align: center;">Томаты</td>\r\n         <td style="margin: 0px; padding: 5px; list-style: none outside none; border: inherit; width: 99px; text-align: center;">2,5</td>\r\n         <td style="margin: 0px; padding: 5px; list-style: none outside none; border: inherit; width: 128px; text-align: center;">Фитофтороз, альтернариоз, ложная мучнистая роса</td>\r\n         <td colspan="1" rowspan="5" style="margin: 0px; padding: 5px; list-style: none outside none; border: inherit; width: 182px; text-align: center;">Опрыскивание в период вегетации. Первая обработка - профилактическая при благоприятных для болезней погодных условий, но до появления симптомов заболевания. Следующие с интервалом 10-14 дней</td>\r\n         <td colspan="1" rowspan="5" style="margin: 0px; padding: 5px; list-style: none outside none; border: inherit; width: 74px; text-align: center;">3</td>\r\n      </tr>\r\n      <tr style="margin: 0px; padding: 0px; border-style: inherit; border-width: inherit; border-image: inherit;">\r\n         <td style="margin: 0px; padding: 5px; list-style: none outside none; border: inherit; width: 124px; text-align: center;">Картофель </td>\r\n         <td colspan="1" rowspan="4" style="margin: 0px; padding: 5px; list-style: none outside none; border: inherit; width: 99px; text-align: center;">2,5-3,0</td>\r\n         <td style="margin: 0px; padding: 5px; list-style: none outside none; border: inherit; width: 128px; text-align: center;">Фитофтороз, альтернариоз</td>\r\n      </tr>\r\n      <tr style="margin: 0px; padding: 0px; border-style: inherit; border-width: inherit; border-image: inherit;">\r\n         <td style="margin: 0px; padding: 5px; list-style: none outside none; border: inherit; width: 124px; text-align: center;">Лук, кроме на "перо"</td>\r\n         <td style="margin: 0px; padding: 5px; list-style: none outside none; border: inherit; width: 128px; text-align: center;">Ложная мучнистая роса, серая гниль</td>\r\n      </tr>\r\n      <tr style="margin: 0px; padding: 0px; border-style: inherit; border-width: inherit; border-image: inherit;">\r\n         <td style="margin: 0px; padding: 5px; list-style: none outside none; border: inherit; width: 124px; text-align: center;">Огурцы</td>\r\n         <td style="margin: 0px; padding: 5px; list-style: none outside none; border: inherit; width: 128px; text-align: center;">Ложная мучнистая роса, серая гниль</td>\r\n      </tr>\r\n      <tr style="margin: 0px; padding: 0px; border-style: inherit; border-width: inherit; border-image: inherit;">\r\n         <td style="margin: 0px; padding: 5px; list-style: none outside none; border: inherit; width: 124px; text-align: center;">Арбузы, дыни</td>\r\n         <td style="margin: 0px; padding: 5px; list-style: none outside none; border: inherit; width: 128px; text-align: center;">Мучнистая роса, ложная мучнистая роса</td>\r\n      </tr>\r\n      <tr style="margin: 0px; padding: 0px; border-style: inherit; border-width: inherit; border-image: inherit;">\r\n         <td style="margin: 0px; padding: 5px; list-style: none outside none; border: inherit; width: 124px; text-align: center;">Рапс (озимый, яровой)</td>\r\n         <td style="margin: 0px; padding: 5px; list-style: none outside none; border: inherit; width: 99px; text-align: center;">1,8-2,5</td>\r\n         <td style="margin: 0px; padding: 5px; list-style: none outside none; border: inherit; width: 128px; text-align: center;">Пероноспороз, альтернариоз, серая гниль</td>\r\n         <td style="margin: 0px; padding: 5px; list-style: none outside none; border: inherit; width: 182px; text-align: center;">Опрыскивание в период вегетации профилактически и при появлении первых признаков заболевания</td>\r\n         <td style="margin: 0px; padding: 5px; list-style: none outside none; border: inherit; width: 74px; text-align: center;">2</td>\r\n      </tr>\r\n      <tr style="margin: 0px; padding: 0px; border-style: inherit; border-width: inherit; border-image: inherit;">\r\n         <td style="margin: 0px; padding: 5px; list-style: none outside none; border: inherit; width: 124px; text-align: center;">Виноград </td>\r\n         <td style="margin: 0px; padding: 5px; list-style: none outside none; border: inherit; width: 99px; text-align: center;">3,0</td>\r\n         \r\n         <td style="margin: 0px; padding: 5px; list-style: none outside none; border: inherit; width: 128px; text-align: center;">Милдью, черная пятнистость, серая и белая гнили</td>\r\n         <td style="margin: 0px; padding: 5px; list-style: none outside none; border: inherit; width: 182px; text-align: center;">Профилактические обработки в период активного роста растений (начиная с 4-х листьев)</td>\r\n         <td style="margin: 0px; padding: 5px; list-style: none outside none; border: inherit; width: 74px; text-align: center;">3</td>\r\n      </tr>\r\n      <tr style="margin: 0px; padding: 0px; border-style: inherit; border-width: inherit; border-image: inherit;">\r\n         <td style="margin: 0px; padding: 5px; list-style: none outside none; border: inherit; width: 124px; text-align: center;">Хмель</td>\r\n         <td style="margin: 0px; padding: 5px; list-style: none outside none; border: inherit; width: 99px; text-align: center;">3,0</td>\r\n         <td style="margin: 0px; padding: 5px; list-style: none outside none; border: inherit; width: 128px; text-align: center;">Ложная мучнистая роса</td>\r\n         <td style="margin: 0px; padding: 5px; list-style: none outside none; border: inherit; width: 182px; text-align: center;">Опрыскивание в период вегетации. Первая обработка - профилактическая.</td>\r\n         <td style="margin: 0px; padding: 5px; list-style: none outside none; border: inherit; width: 74px; text-align: center;">3</td>\r\n      </tr>\r\n   </tbody>\r\n</table>\r\n<p style="margin-top: 8px; margin-bottom: 8px; padding: 0px; border: 0px; color: rgb(119, 119, 119); font-family: Roboto, Arial, sans-serif;">*<em style="margin: 0px; padding: 0px; border: 0px;">До відома споживача. Світовий досвід застосування аналогічного препарату</em></p>\r\n<p style="margin-top: 8px; margin-bottom: 8px; padding: 0px; border: 0px; color: rgb(119, 119, 119); font-family: Roboto, Arial, sans-serif;"><strong style="margin: 0px; padding: 0px; border: 0px;">Норма расхода рабочего раствора:</strong> на полевых культурах - 200-300 л/га, виноградники - 500-800 л/га и хмель - 1000 л/га.<br>Период ожидания от последней обработки до сбора урожая томатов, картофеля 20 дней, огурцов - 10, рапса, лука - 30, винограда - 25. </p>\r\n<p style="margin-top: 8px; margin-bottom: 8px; padding: 0px; border: 0px; color: rgb(119, 119, 119); font-family: Roboto, Arial, sans-serif;">Целитель необходимо использовать профилактически, то есть до появления видимых симптомов развития болезни на культурных растениях. Первую обработку целесообразно проводить до начала развития заболевания, но не позднее смыкания картофеля, томатов и огурцов в рядах. Срок последнего опрыскивания для картофеля, томатов, огурцов - прекращение активного роста стебля. После последней обработки не позднее, чем через 7 дней целесообразно проводить опрыскивание контактным фунгицидом <a href="https://rosco.in.ua/p641939129-gart-fungitsid-chempion.html" target="_blank" style="outline-style: none; outline-width: initial; color: rgb(81, 169, 81); margin: 0px; padding: 0px; border: 0px; transition: all 0.2s;">Гарт</a>. Целитель можно применять 2-3 раза за сезон, с интервалом между обработками 10-14 дней. При высоком риске развития болезни сократить интервалы между обработками (до 10 дней) .Технология качественного приготовления и применения рабочего раствора в смеси с микро- и макроудобрений в начале распространения и развития болезней, а также оптимальные погодные условия для проведения защитных мероприятий - залог эффективного действия препарата .</p>', NULL, NULL, NULL, 'ru'),
	(247, 125, 'Цілитель Фунгіцид (Ридоміл Голд)', '<p>Комбінований фунгіцид контактно-системної дії для захисту багатьох сільськогосподарських культур від комплексу хвороб.<br></p>', '<p><b>Діюча речовина:</b> металаксил, 80 г / кг + манкоцеб, 640 г / кг.</p><p><b>Препаративна форма:</b> порошок, що змочується.</p><p><b>Хімічна група:</b> похідні групи фенілалідов, дітіокарбаліновой кислоти.</p><p><b>Сумісність:</b> сумісний з іншими засобами захисту рослин і рідкими добривами, крім лужних. Однак перед приготуванням бакової суміші пестицидів необхідно перевірити препарати на сумісність.</p><p><b>Механізм дії: </b>має контактно-системну дію. Металаксил швидко поглинається і переноситься всередині рослини, захищаючи її, в т.ч. новий приріст, незалежно від інфекційного навантаження. Він пригнічує ріст міцелію в тканинах рослини, попереджає спороутворення і має постінфекційну активність. Манкоцеб - контактний фунгіцид, який забезпечує зовнішній захист рослини, утворюючи на ній «захисну плівку» і одночасно є основною ланкою резистентності до інших захворювань.&nbsp; &nbsp; &nbsp; &nbsp; &nbsp; &nbsp; &nbsp; &nbsp; &nbsp; &nbsp; &nbsp; &nbsp; &nbsp; &nbsp; &nbsp; &nbsp; &nbsp; &nbsp; &nbsp; &nbsp; &nbsp; &nbsp; &nbsp; &nbsp; &nbsp; &nbsp; &nbsp; &nbsp; &nbsp; &nbsp; &nbsp; &nbsp; &nbsp; &nbsp; &nbsp; &nbsp; &nbsp; &nbsp; &nbsp; &nbsp; &nbsp; &nbsp; &nbsp; &nbsp; &nbsp; &nbsp; &nbsp; &nbsp; &nbsp; &nbsp; &nbsp; &nbsp; &nbsp; &nbsp; &nbsp; &nbsp; &nbsp; &nbsp; &nbsp; &nbsp; &nbsp; &nbsp; &nbsp; &nbsp; &nbsp; &nbsp; &nbsp; &nbsp; &nbsp; &nbsp; &nbsp; &nbsp; &nbsp; &nbsp; &nbsp; &nbsp; &nbsp; &nbsp; &nbsp; &nbsp; &nbsp; &nbsp; &nbsp; &nbsp; &nbsp; &nbsp;&nbsp;</p><table border="1" style="margin: auto; padding: 0px; border-width: 1px; border-style: solid; border-color: inherit; border-image: initial; table-layout: fixed; width: 849px; word-wrap: break-word; color: rgb (119, 119, 119); font-family: Roboto, Arial, sans-serif; background-color: rgb (255, 255, 255); "><tbody style="margin: 0px; padding: 0px; border-style: inherit; border-width: inherit; border-image: inherit;"><tr style="margin: 0px; padding: 0px; border-style: inherit; border-width: inherit; border-image: inherit;"><td style="margin: 0px; padding: 5px; list-style: none outside none; border: inherit; width: 124px; text-align: center;"> Культура </td><td style="margin: 0px; padding: 5px; list-style: none outside none; border: inherit; width: 99px; text-align: center;"> Норма витрати препарату, кг / га </td><td style="margin: 0px; padding: 5px; list-style: none outside none; border: inherit; width: 128px; text-align: center;"> Спектр дії </td><td style="margin: 0px; padding: 5px; list-style: none outside none; border: inherit; width: 182px; text-align: center;"> Спосіб, час обротбкі </td><td style="margin: 0px; padding: 5px; list-style: none outside none; border: inherit; width: 74px; text-align: center;"> Максим. кратність обробок </td></tr><tr style="margin: 0px; padding: 0px; border-style: inherit; border-width: inherit; border-image: inherit;"><td style="margin: 0px; padding: 5px; list-style: none outside none; border: inherit; width: 124px; text-align: center;"> Томати </td><td style="margin: 0px; padding: 5px; list-style: none outside none; border: inherit; width: 99px; text-align: center;"> 2,5 </td><td style="margin: 0px; padding: 5px; list-style: none outside none; border: inherit; width: 128px; text-align: center;"> Фитофтороз, альтернаріоз, несправжня борошниста роса </td><td colspan="1" rowspan="5" style="margin: 0px; padding: 5px; list-style: none outside none; border: inherit; width: 182px; text-align: center;"> Обприскування в період вегетації. Перша обробка - профілактична за сприятливих для хвороб погодних умов, але до появи симптомів захворювання. Наступні з інтервалом 10-14 днів </td><td colspan="1" rowspan="5" style="margin: 0px; padding: 5px; list-style: none outside none; border: inherit; width: 74px; text-align: center;"> 3 </td></tr><tr style="margin: 0px; padding: 0px; border-style: inherit; border-width: inherit; border-image: inherit;"><td style="margin: 0px; padding: 5px; list-style: none outside none; border: inherit; width: 124px; text-align: center;"> Картопля  </td><td colspan="1" rowspan="4" style="margin: 0px; padding: 5px; list-style: none outside none; border: inherit; width: 99px; text-align: center;"> 2,5 -3,0 </td><td style="margin: 0px; padding: 5px; list-style: none outside none; border: inherit; width: 128px; text-align: center;"> Фитофтороз, альтернаріоз </td></tr><tr style="margin: 0px; padding: 0px; border-style: inherit; border-width: inherit; border-image: inherit;"><td style="margin: 0px; padding: 5px; list-style: none outside none; border: inherit; width: 124px; text-align: center;"> Лук, крім на "перо" </td><td style="margin: 0px; padding: 5px; list-style: none outside none; border: inherit; width: 128px; text-align: center;"> Несправжня борошниста роса, сіра гниль </td></tr><tr style="margin: 0px; padding: 0px; border-style: inherit; border-width: inherit; border-image: inherit;"><td style="margin: 0px; padding: 5px; list-style: none outside none; border: inherit; width: 124px; text-align: center;"> Огірки </td><td style="margin: 0px; padding: 5px; list-style: none outside none; border: inherit; width: 128px; text-align: center;"> Несправжня борошниста роса, сіра гниль </td></tr><tr style="margin: 0px; padding: 0px; border-style: inherit; border-width: inherit; border-image: inherit;"><td style="margin: 0px; padding: 5px; list-style: none outside none; border: inherit; width: 124px; text-align: center;"> Кавуни, дині </td><td style="margin: 0px; padding: 5px; list-style: none outside none; border: inherit; width: 128px; text-align: center;"> Борошниста роса, несправжня борошниста роса </td></tr><tr style="margin: 0px; padding: 0px; border-style: inherit; border-width: inherit; border-image: inherit;"><td style="margin: 0px; padding: 5px; list-style: none outside none; border: inherit; width: 124px; text-align: center;"> Ріпак (озимий, ярий) </td><td style="margin: 0px; padding: 5px; list-style: none outside none; border: inherit; width: 99px; text-align: center;"> 1,8-2,5 </td><td style="margin: 0px; padding: 5px; list-style: none outside none; border: inherit; width: 128px; text-align: center;"> Пероноспороз, альтернаріоз, сіра гниль </td><td style="margin: 0px; padding:5px; list-style: none outside none; border: inherit; width: 182px; text-align: center; "> Обприскування в період вегетації профілактично і при появі перших ознак захворювання </td> <td style=" margin: 0px; padding: 5px; list-style: none outside none; border: inherit; width: 74px; text-align: center; "> 2 </td> </tr> <tr style=" margin: 0px; padding: 0px; border-style: inherit; border-width: inherit; border-image: inherit; "> <td style=" margin: 0px; padding: 5px; list-style: none outside none; border: inherit; width: 124px; text-align: center; "> Виноград  </td> <td style=" margin: 0px; padding: 5px; list-style: none outside none; border: inherit; width: 99px; text-align: center; "> 3,0 </td> <td style=" margin: 0px; padding: 5px; list-style: none outside none; border: inherit; width: 128px; text-align: center; "> Мілдью, чорна плямистість, сіра і біла гнилі </td> <td style=" margin: 0px; padding: 5px; list-style: none outside none; border: inherit; width: 182px; text-align: center; "> Профілактичні обробки в період активного росту рослин (починаючи з 4-х листків) </td> <td style=" margin: 0px; padding: 5px; list-style: none outside none; border: inherit; width: 74px; text-align: center; "> 3 </td> </tr> <tr style=" margin: 0px; padding: 0px; border-style: inherit; border-width: inherit; border-image: inherit; "> <td style=" margin: 0px; padding: 5px; list-style: none outside none; border: inherit; width: 124px; text-align: center; "> Хміль </td> <td style=" margin: 0px; padding: 5px; list-style: none outside none; border: inherit; width: 99px; text-align: center; "> 3,0 </td> <td style=" margin: 0px; padding: 5px; list-style: none outside none; border: inherit; width: 128px; text-align: center; "> Несправжня борошниста роса </td> <td style=" margin: 0px; padding: 5px; list-style: none outside none; border: inherit; width: 182px; text-align: center; "> Обприскування в період вегетації. Перша обробка - профілактична. </td> <td style=" margin: 0px; padding: 5px; list-style: none outside none; border: inherit; width: 74px; text-align: center; "> 3 </td> </tr> </tbody> </table><p><span style="color: rgb(119, 119, 119); font-family: Roboto, Arial, sans-serif;">*</span><em style="margin: 0px; padding: 0px; border: 0px; color: rgb(119, 119, 119); font-family: Roboto, Arial, sans-serif;">До відома споживача. Світовий досвід застосування аналогічного препарату</em><b><br></b></p><p><b>Манкоцеб</b> — контактний фунгіцид, який забезпечує зовнішній захист рослини, утворюючи на ній «захисну плівку» та водночас є основною ланкою резистентності до інших захворювань</p><p><b>Спектр дії: </b>фітофтороз, альтернаріоз, несправжня борошниста роса, борошниста роса, мілдью, чорна плямистість, сіра та біла гнилі.</p><p><b>Максимальна кратність обробок:</b> 3</p><p><b>Норма витрати робочого розчину:&nbsp;</b>на польових культурах — 200-300 л/га, виноградники — 500-800 л/га та хміль — 1000 л/га</p><p><b>Особливостi застосування:</b> ЦІЛИТЕЛЬ необхідно використовувати профілактично, тобто до появи видимих симптомів розвитку хвороби на культурних рослинах. Першу обробку доцільно проводити до початку розвитку захворювання, але не пізніше змикання картоплі, томатів та огірків в рядках. Строк останнього обприскування для картоплі, томатів, огірків — припинення активного росту стебла. Після останньої обробки не пізніше, ніж через 7 днів доцільно проводити обприскування контактним фунгіцидом ГАРТ. ЦІЛИТЕЛЬ можна застосовувати 2-3 рази за сезон, з інтервалом між обробками 10-14 днів. При високому ризику розвитку хвороби скоротити інтервали між обробками (до 10 днів). Технологія якісного приготування і застосування робочого розчину в суміші з мікро- і макродобривами на початку поширення і розвитку хвороб, а також оптимальні погодні умови для проведення захисних заходів — запорука ефективної дії препарату</p>', NULL, NULL, NULL, 'uk'),
	(252, 128, 'Гарт Фунгицид (Чемпион)', '<p style="margin-top: 8px; margin-bottom: 8px; padding: 0px; border: 0px; color: rgb(119, 119, 119); font-family: Roboto, Arial, sans-serif;">Гарт аналог фунгицида Чемпион. Контактный фунгицид профилактического и лечебного действия от широкого спектра возбудителей грибковых болезней.</p>', '<p style="margin-top: 8px; margin-bottom: 8px; padding: 0px; border: 0px; color: rgb(119, 119, 119); font-family: Roboto, Arial, sans-serif;"><strong style="margin: 0px; padding: 0px; border: 0px;">Препаративная форма: </strong>смачивающийся порошок <br></p>\r\n<p style="margin-top: 8px; margin-bottom: 8px; padding: 0px; border: 0px; color: rgb(119, 119, 119); font-family: Roboto, Arial, sans-serif;"><strong style="margin: 0px; padding: 0px; border: 0px;">Химическая группа: </strong>препарат группы меди</p>\r\n<p style="margin-top: 8px; margin-bottom: 8px; padding: 0px; border: 0px; color: rgb(119, 119, 119); font-family: Roboto, Arial, sans-serif;"><strong style="margin: 0px; padding: 0px; border: 0px;">Совместимость:</strong> совместим с другими пестицидами, за исключением органофосфатов (Димевит, Хлорпиривит-Агро) и препаратов, которые образуют низкокислотную реакцию баковой смеси (рН ниже 5,5). Перед приготовлением рабочих смесей целесообразно проверить препараты на совместимость (отсутствие осадка, пены, расслоение, взбивания в комки, неполное растворение одного из препаратов и т.д.)</p>\r\n<p style="margin-top: 8px; margin-bottom: 8px; padding: 0px; border: 0px; color: rgb(119, 119, 119); font-family: Roboto, Arial, sans-serif;"><strong style="margin: 0px; padding: 0px; border: 0px;">Механизм действия: </strong>при контакте с обработанной поверхностью споры грибов поглощают медь, препятствует их прорастанию и делению клеток. Медь приводит к нарушению обмена веществ патогенов путем угнетения многих ферментативных реакций, что значительно снижает их агрессивное воздействие на культурное растение</p>\r\n<p style="margin-top: 8px; margin-bottom: 8px; padding: 0px; border: 0px; color: rgb(119, 119, 119); font-family: Roboto, Arial, sans-serif;"><strong style="margin: 0px; padding: 0px; border: 0px;">Спектр действия:</strong></p>\r\n<p style="margin-top: 8px; margin-bottom: 8px; padding: 0px; border: 0px; color: rgb(119, 119, 119); font-family: Roboto, Arial, sans-serif;">Милдью, фитофтороз, альтернариоз, бактериальная пятнистость, парша, рак, монилиоз, клястеспориоз, коккомикоз, бактериальный ожог, курчавость листьев персика</p>\r\n<table border="1" style="margin: auto; padding: 0px; border-width: 1px; border-style: solid; border-color: inherit; border-image: initial; table-layout: fixed; width: 849px; word-wrap: break-word; color: rgb(119, 119, 119); font-family: Roboto, Arial, sans-serif; background-color: rgb(255, 255, 255);">\r\n   <tbody style="margin: 0px; padding: 0px; border-style: inherit; border-width: inherit; border-image: inherit;">\r\n      <tr style="margin: 0px; padding: 0px; border-style: inherit; border-width: inherit; border-image: inherit;">\r\n         <td style="margin: 0px; padding: 5px; list-style: none outside none; border: inherit;">Культура</td>\r\n         <td style="margin: 0px; padding: 5px; list-style: none outside none; border: inherit; width: 101px;">Норма расхода препарата, кг/га</td>\r\n         <td style="margin: 0px; padding: 5px; list-style: none outside none; border: inherit; width: 389px;">Спектр действия</td>\r\n         <td style="margin: 0px; padding: 5px; list-style: none outside none; border: inherit; width: 105px;">Способ, время обработки</td>\r\n      </tr>\r\n      <tr style="margin: 0px; padding: 0px; border-style: inherit; border-width: inherit; border-image: inherit;">\r\n         <td style="margin: 0px; padding: 5px; list-style: none outside none; border: inherit;">Картофель*</td>\r\n         <td style="margin: 0px; padding: 5px; list-style: none outside none; border: inherit; width: 101px;">\r\n            <p style="margin-top: 8px; margin-bottom: 8px; padding: 0px; border: 0px;">2,0-3,0</p>\r\n         </td>\r\n         <td colspan="1" style="margin: 0px; padding: 5px; list-style: none outside none; border: inherit; width: 389px;">Макроспориоз, альтернариоз, фитофтороз</td>\r\n         <td colspan="1" rowspan="6" style="margin: 0px; padding: 5px; list-style: none outside none; border: inherit; width: 105px;">Опрыскивание в период вегетации культуры</td>\r\n      </tr>\r\n      <tr style="margin: 0px; padding: 0px; border-style: inherit; border-width: inherit; border-image: inherit;">\r\n         <td style="margin: 0px; padding: 5px; list-style: none outside none; border: inherit;">Огурцы*</td>\r\n         <td style="margin: 0px; padding: 5px; list-style: none outside none; border: inherit; width: 101px;">2,0-2,5</td>\r\n         <td colspan="1" style="margin: 0px; padding: 5px; list-style: none outside none; border: inherit; width: 389px;">Бактериальная пятнистость, пероноспороз</td>\r\n      </tr>\r\n      <tr style="margin: 0px; padding: 0px; border-style: inherit; border-width: inherit; border-image: inherit;">\r\n         <td style="margin: 0px; padding: 5px; list-style: none outside none; border: inherit;">Томаты</td>\r\n         <td style="margin: 0px; padding: 5px; list-style: none outside none; border: inherit; width: 101px;">2,5-3,0</td>\r\n         <td colspan="1" style="margin: 0px; padding: 5px; list-style: none outside none; border: inherit; width: 389px;">Бактериальная пятнистость, альтернариоз, фитофтороз</td>\r\n      </tr>\r\n      <tr style="margin: 0px; padding: 0px; border-style: inherit; border-width: inherit; border-image: inherit;">\r\n         <td style="margin: 0px; padding: 5px; list-style: none outside none; border: inherit;">Плодовые культуры</td>\r\n         <td rowspan="1" style="margin: 0px; padding: 5px; list-style: none outside none; border: inherit; width: 101px;">3,0</td>\r\n         <td colspan="1" style="margin: 0px; padding: 5px; list-style: none outside none; border: inherit; width: 389px;">Бактериальный рак, бактериальный ожог, коккомикоз, монилиоз, клястероспориоз, курчавость листьев, парша</td>\r\n      </tr>\r\n      <tr style="margin: 0px; padding: 0px; border-style: inherit; border-width: inherit; border-image: inherit;">\r\n         <td style="margin: 0px; padding: 5px; list-style: none outside none; border: inherit;">Виноград</td>\r\n         <td style="margin: 0px; padding: 5px; list-style: none outside none; border: inherit; width: 101px;">3,0</td>\r\n         <td colspan="1" style="margin: 0px; padding: 5px; list-style: none outside none; border: inherit; width: 389px;">Милдью</td>\r\n      </tr>\r\n      <tr style="margin: 0px; padding: 0px; border-style: inherit; border-width: inherit; border-image: inherit;">\r\n         <td style="margin: 0px; padding: 5px; list-style: none outside none; border: inherit;">Лук*</td>\r\n         <td style="margin: 0px; padding: 5px; list-style: none outside none; border: inherit; width: 101px;">2,0-2,5</td>\r\n         <td colspan="1" style="margin: 0px; padding: 5px; list-style: none outside none; border: inherit; width: 389px;">Альтернаріоз, пероноспороз</td>\r\n      </tr>\r\n   </tbody>\r\n</table>\r\n<p style="margin-top: 8px; margin-bottom: 8px; padding: 0px; border: 0px; color: rgb(119, 119, 119); font-family: Roboto, Arial, sans-serif;"><strong style="margin: 0px; padding: 0px; border: 0px;">*</strong><em style="margin: 0px; padding: 0px; border: 0px;">Мировой опыт применения</em><strong style="margin: 0px; padding: 0px; border: 0px;"> </strong></p>\r\n<p style="margin-top: 8px; margin-bottom: 8px; padding: 0px; border: 0px; color: rgb(119, 119, 119); font-family: Roboto, Arial, sans-serif;"><strong style="margin: 0px; padding: 0px; border: 0px;">Максимальное количество обработок</strong> - 4.</p>\r\n<p style="margin-top: 8px; margin-bottom: 8px; padding: 0px; border: 0px; color: rgb(119, 119, 119); font-family: Roboto, Arial, sans-serif;"><strong style="margin: 0px; padding: 0px; border: 0px;">Норма расхода рабочего раствора:</strong> при обработке виноградников - 500-800 л/га; на плодовых 500-1000 л/га, на полевых культурах - 200-300 л/га. Норма расхода рабочего раствора на небольших участках: молодые деревья 3 л/дерево, плодовые деревья 5-6 л/дерево, виноград - 5 л/куст.  </p>\r\n<p style="margin-top: 8px; margin-bottom: 8px; padding: 0px; border: 0px; color: rgb(119, 119, 119); font-family: Roboto, Arial, sans-serif;"><strong style="margin: 0px; padding: 0px; border: 0px;">Особенности применения: </strong>повторные обработки проводят с интервалом 7-10 дней, в зависимости от погодных условий и инфекционного фона. Важным фактором для эффективного действия препарата является качество покрытия во время опрыскивания (достаточное смачивание всей поверхности листьев без стекания рабочего раствора с обработанной поверхности). Оптимальные температурные условия для обработки 8-25 ° С. Минимальная температура воздуха должна составлять не менее 4 ° С. Необходимо предотвращать использование воды, рН которой ниже 5 и выше 10, так как при такой кислотности препарат разлагается до оксида меди.</p>', NULL, NULL, NULL, 'ru'),
	(253, 128, 'Гарт Фунгіцид (Чемпіон)', '<p><span style="color: rgb(33, 33, 33); font-family: arial, sans-serif; font-size: 16px; white-space: pre-wrap;">Гарт аналог фунгіциду Чемпіон. </span><font color="#212121" face="arial, sans-serif"><span style="font-size: 16px; white-space: pre-wrap;">Контактний фунгіцид профілактичної та лікувальної дії від широкого спектру збудників грибкових хвороб</span></font><br></p>', '<p></p><p><b>Діюча речовина:</b> гідроксид міді 770 г/кг.<br></p><p><b>Препаративна форма: </b>порошок, що змочується.</p><p><b>Хімічна група:</b> препарат групи міді.</p><p><b>Сумісність:</b> сумісний з іншими пестицидами, за винятком органофосфатів (ДИМЕВІТ, ХЛОРПІРІВІТ-АГРО) та препаратів, що утворюють низькокислотну реакцію бакової суміші (рН нижче 5,5). Перед приготуванням робочих сумішей доцільно перевірити препарати на сумісність (відсутність осаду, піни, розшарування, збивання в клумки, неповне розчинення одного з препаратів тощо).</p><p><b>Механізм дії:</b> при контакті з обробленою поверхнею спори грибів поглинають мідь, що перешкоджає їх проростанню та діленню клітин. Мідь призводить до порушення обміну речовин патогенів шляхом пригнічення багатьох ферментативних реакцій, що значно знижує їх агресивну дію на культурну рослину.</p><p><b>Спектр дії:</b> мілдью, фітофтороз, альтернаріоз, бактеріальна плямистість, парша, рак, моніліоз, клястеспоріоз, коккомікоз, бактеріальний опік, кучерявість листя персика.</p><p><b>Максимальна кількість обробок</b> - 4.                                </p><table border="1" style="margin: auto; padding: 0px; border-width: 1px; border-style: solid; border-color: inherit; border-image: initial; table-layout: fixed; width: 849px; word-wrap: break-word; color: rgb (119, 119, 119); font-family: Roboto, Arial, sans-serif; background-color: rgb (255, 255, 255); "><tbody style="margin: 0px; padding: 0px; border-style: inherit; border-width: inherit; border-image: inherit;"><tr style="margin: 0px; padding: 0px; border-style: inherit; border-width: inherit; border-image: inherit;"><td style="margin: 0px; padding: 5px; list-style: none outside none; border: inherit;"> Культура <!-- td-->\r\n         </td><td style="margin: 0px; padding: 5px; list-style: none outside none; border: inherit; width: 101px;"> Норма витрати препарату, кг/га <!-- td-->\r\n         </td><td style="margin: 0px; padding: 5px; list-style: none outside none; border: inherit; width: 389px;"> Спектр дії <!-- td-->\r\n         </td><td style="margin: 0px; padding: 5px; list-style: none outside none; border: inherit; width: 105px;"> Спосіб, час обробки <!-- td-->\r\n      <!-- Tr-->\r\n      </td></tr><tr style="margin: 0px; padding: 0px; border-style: inherit; border-width: inherit; border-image: inherit;"><td style="margin: 0px; padding: 5px; list-style: none outside none; border: inherit;"> Картопля * <!-- td-->\r\n         </td><td style="margin: 0px; padding: 5px; list-style: none outside none; border: inherit; width: 101px;">\r\n            <p style="margin-top: 8px; margin-bottom: 8px; padding: 0px; border: 0px;"> 2,0-3,0 <!-- p-->\r\n         <!-- Td-->\r\n         </p></td><td colspan="1" style="margin: 0px; padding: 5px; list-style: none outside none; border: inherit; width: 389px;"> Макроспоріоз, альтернаріоз, фітофтороз <!-- td-->\r\n         </td><td colspan="1" rowspan="6" style="margin: 0px; padding: 5px; list-style: none outside none; border: inherit; width: 105px;"> Обприскування в період вегетації культури <!-- td-->\r\n      <!-- Tr-->\r\n      </td></tr><tr style="margin: 0px; padding: 0px; border-style: inherit; border-width: inherit; border-image: inherit;"><td style="margin: 0px; padding: 5px; list-style: none outside none; border: inherit;"> Огірки * <!-- td-->\r\n         </td><td style="margin: 0px; padding: 5px; list-style: none outside none; border: inherit; width: 101px;"> 2,0-2,5 <!-- td-->\r\n         </td><td colspan="1" style="margin: 0px; padding: 5px; list-style: none outside none; border: inherit; width: 389px;"> Бактеріальна плямистість, пероноспороз <!-- td-->\r\n      <!-- Tr-->\r\n      </td></tr><tr style="margin: 0px; padding: 0px; border-style: inherit; border-width: inherit; border-image: inherit;"><td style="margin: 0px; padding: 5px; list-style: none outside none; border: inherit;"> Томати <!-- td-->\r\n         </td><td style="margin: 0px; padding: 5px; list-style: none outside none; border: inherit; width: 101px;"> 2,5-3,0 <!-- td-->\r\n         </td><td colspan="1" style="margin: 0px; padding: 5px; list-style: none outside none; border: inherit; width: 389px;"> Бактеріальна плямистість, альтернаріоз, фітофтороз <!-- td-->\r\n      <!-- Tr-->\r\n      </td></tr><tr style="margin: 0px; padding: 0px; border-style: inherit; border-width: inherit; border-image: inherit;"><td style="margin: 0px; padding: 5px; list-style: none outside none; border: inherit;"> Плодові культури <!-- td-->\r\n         </td><td rowspan="1" style="margin: 0px; padding: 5px; list-style: none outside none; border: inherit; width: 101px;"> 3,0 <!-- td-->\r\n         </td><td colspan="1" style="margin: 0px; padding: 5px; list-style: none outside none; border: inherit; width: 389px;"> Бактеріальний рак, бактеріальний опік, коккомикоз, Моніліоз, клястероспоріоз, курчавость листя , парша <!-- td-->\r\n      <!-- Tr-->\r\n      </td></tr><tr style="margin: 0px; padding: 0px; border-style: inherit; border-width: inherit; border-image: inherit;"><td style="margin: 0px; padding: 5px; list-style: none outside none; border: inherit;"> Виноград <!-- td-->\r\n         </td><td style="margin: 0px; padding: 5px; list-style: none outside none; border: inherit; width: 101px;"> 3,0 <!-- td-->\r\n         </td><td colspan="1" style="margin: 0px; padding: 5px; list-style: none outside none; border: inherit; width: 389px;"> Мілдью <!-- td-->\r\n      <!-- Tr-->\r\n      </td></tr><tr style="margin: 0px; padding: 0px; border-style: inherit; border-width: inherit; border-image: inherit;"><td style="margin: 0px; padding: 5px; list-style: none outside none; border: inherit;"> Лук * <!-- td-->\r\n         </td><td style="margin: 0px; padding: 5px; list-style: none outside none; border: inherit; width: 101px;"> 2,0-2,5 <!-- td-->\r\n         </td><td colspan="1" style="margin: 0px; padding: 5px; list-style: none outside none; border: inherit; width: 389px;"> Альтернаріоз, пероноспороз <!-- td-->\r\n      <!-- Tr-->\r\n   <!-- Tbody-->\r\n<!-- Table--></td></tr></tbody></table>\r\n* Світовий досвід застосування\r\n<p></p><p><b>\r\nМаксимальна кількість обробок</b> - 4.</p><p><b>\r\n\r\nНорма витрати робочого розчину:</b> при обробці виноградників — 500-800 л/га; на плодових 500-1000 л/га, на польових культурах — 200-300 л/га</p><p><b>\r\nОсобливості застосування: </b>повторні обробки проводять з інтервалом 7-10 днів, в залежності від погодних умов та інфекційного фону. Важливим фактором для ефективної дії препарату є якість покриття під час обприскування (достатнє змочування всієї поверхні листя без стікання робочого розчину з обробленої поверхні). Необхідно запобігати використанню води, рН якої нижче 5 та вище 10, тому що за такої кислотності препарат розкладається до оксиду міді</p>', NULL, NULL, NULL, 'uk'),
	(258, 131, 'Дезарал Фунгицид (Дерозал)', '<h3 style="font-family: Roboto, sans-serif; font-weight: bold; line-height: 1.53846; color: rgb(119, 119, 119); margin-top: 10px; margin-right: 0px; margin-left: 0px; font-size: 1.2em; letter-spacing: normal; padding: 0px; border: 0px;">Дезарал аналог фунгицида Дерозал.</h3><p style="margin-top: 8px; margin-bottom: 8px; padding: 0px; border: 0px; color: rgb(119, 119, 119); font-family: Roboto, Arial, sans-serif;">Системный фунгицид и протравитель для защиты посевов сельскохозяйственных культур от грибковых болезней.</p>', '<h3 style="margin-top: 10px; margin-right: 0px; margin-left: 0px; font-size: 1.2em; padding: 0px; border: 0px; font-family: Roboto, sans-serif;  letter-spacing: normal;"><strong style="font-weight: bold; font-family: Roboto, Arial, sans-serif; font-size: 13px; margin: 0px; padding: 0px; border: 0px;">Препаративная форма: </strong><span style="font-family: Roboto, Arial, sans-serif; font-size: 13px;">концентрат суспензии</span></h3><h3 style="margin-top: 10px; margin-right: 0px; margin-left: 0px; font-size: 1.2em; padding: 0px; border: 0px; font-family: Roboto, sans-serif; color: rgb(119, 119, 119); letter-spacing: normal;"><strong style="font-weight: bold; font-family: Roboto, Arial, sans-serif; font-size: 13px; margin: 0px; padding: 0px; border: 0px;">Химическая группа: </strong><span style="font-family: Roboto, Arial, sans-serif; font-size: 13px;">производные дитиокарбаминовой кислоты</span></h3><p style="margin-top: 8px; margin-bottom: 8px; padding: 0px; border: 0px; color: rgb(119, 119, 119); font-family: Roboto, Arial, sans-serif;"><strong style="margin: 0px; padding: 0px; border: 0px;">Механизм действия: </strong>имеет системное действие. Карбендазим - ингибитор грибов- патогенов на всех фазах их развития, который подавляет развитие возбудителей болезней на ранней стадии, защищая растение от внутренних и внешних инфекций, передающихся через семена и почву.</p><p style="margin-top: 8px; margin-bottom: 8px; padding: 0px; border: 0px; color: rgb(119, 119, 119); font-family: Roboto, Arial, sans-serif;"><strong style="margin: 0px; padding: 0px; border: 0px;">Спектр действия:</strong> мучнистая роса, септориоз, ржавчина, корневые гнили, белая и серая гнили, фомоз, церкоспороз</p><table border="1" style="margin: auto; padding: 0px; border-width: 1px; border-style: solid; border-color: inherit; border-image: initial; table-layout: fixed; width: 849px; word-wrap: break-word; color: rgb(119, 119, 119); font-family: Roboto, Arial, sans-serif; background-color: rgb(255, 255, 255);"><tbody style="margin: 0px; padding: 0px; border-style: inherit; border-width: inherit; border-image: inherit;"><tr style="margin: 0px; padding: 0px; border-style: inherit; border-width: inherit; border-image: inherit;"><td style="margin: 0px; padding: 5px; list-style: none outside none; border: inherit;">Культура</td><td style="margin: 0px; padding: 5px; list-style: none outside none; border: inherit;">Норма расхода препарата</td><td style="margin: 0px; padding: 5px; list-style: none outside none; border: inherit;">Спектр действия</td><td style="margin: 0px; padding: 5px; list-style: none outside none; border: inherit;">Способ, время обработки</td></tr><tr style="margin: 0px; padding: 0px; border-style: inherit; border-width: inherit; border-image: inherit;"><td style="margin: 0px; padding: 5px; list-style: none outside none; border: inherit;">Зерновые колосовые (озимые, яровые)</td><td colspan="1" style="margin: 0px; padding: 5px; list-style: none outside none; border: inherit;"><p style="margin-top: 8px; margin-bottom: 8px; padding: 0px; border: 0px;">0,5л/га</p></td><td colspan="1" style="margin: 0px; padding: 5px; list-style: none outside none; border: inherit;">Корневые гнили, мучнистая роса, септориоз, ржавчина</td><td colspan="1" style="margin: 0px; padding: 5px; list-style: none outside none; border: inherit;">Опрыскивание в период вегетации культуры<br> </td></tr><tr style="margin: 0px; padding: 0px; border-style: inherit; border-width: inherit; border-image: inherit;"><td colspan="1" rowspan="2" style="margin: 0px; padding: 5px; list-style: none outside none; border: inherit;">Подсолнечник</td><td colspan="1" style="margin: 0px; padding: 5px; list-style: none outside none; border: inherit;">1,5л/га</td><td colspan="1" rowspan="2" style="margin: 0px; padding: 5px; list-style: none outside none; border: inherit;">Ложная мучнистая роса, фомоз, белая гниль, серая гниль</td><td colspan="1" style="margin: 0px; padding: 5px; list-style: none outside none; border: inherit;">Опрыскивание в период вегетации культуры</td></tr><tr style="margin: 0px; padding: 0px; border-style: inherit; border-width: inherit; border-image: inherit;"><td colspan="1" style="margin: 0px; padding: 5px; list-style: none outside none; border: inherit;">1,5л/т</td><td colspan="1" style="margin: 0px; padding: 5px; list-style: none outside none; border: inherit;">Протравливание семян суспензией препарата перед посевом</td></tr><tr style="margin: 0px; padding: 0px; border-style: inherit; border-width: inherit; border-image: inherit;"><td style="margin: 0px; padding: 5px; list-style: none outside none; border: inherit;">Свекла сахарная</td><td colspan="1" style="margin: 0px; padding: 5px; list-style: none outside none; border: inherit;"> 0,4л/га</td><td colspan="1" style="margin: 0px; padding: 5px; list-style: none outside none; border: inherit;">Мучнистая роса, церкоспороз</td><td colspan="1" style="margin: 0px; padding: 5px; list-style: none outside none; border: inherit;">Опрыскивание в период вегетации культуры (при появлении первых признаков заболевания)</td></tr><tr style="margin: 0px; padding: 0px; border-style: inherit; border-width: inherit; border-image: inherit;"><td style="margin: 0px; padding: 5px; list-style: none outside none; border: inherit;">Зерновые колосовые (озимые, яровые)*</td><td colspan="1" style="margin: 0px; padding: 5px; list-style: none outside none; border: inherit;">1,5л/т</td><td colspan="1" style="margin: 0px; padding: 5px; list-style: none outside none; border: inherit;">Корневые гнили, снежная плесень, головневые болезни, фузариоз</td><td colspan="1" style="margin: 0px; padding: 5px; list-style: none outside none; border: inherit;">Протравливание семян перед посевом</td></tr></tbody></table><p style="margin-top: 8px; margin-bottom: 8px; padding: 0px; border: 0px; color: rgb(119, 119, 119); font-family: Roboto, Arial, sans-serif;"><strong style="margin: 0px; padding: 0px; border: 0px;">*</strong><em style="margin: 0px; padding: 0px; border: 0px;">Мировой опыт применения</em><strong style="margin: 0px; padding: 0px; border: 0px;"> </strong></p><p style="margin-top: 8px; margin-bottom: 8px; padding: 0px; border: 0px; color: rgb(119, 119, 119); font-family: Roboto, Arial, sans-serif;"><strong style="margin: 0px; padding: 0px; border: 0px;">Совместимость:</strong> совместим с другими средствами защиты растений и жидкими удобрениями, кроме щелочных. Однако перед приготовлением баковой смеси пестицидов необходимо проверить препараты на совместимость</p><p style="margin-top: 8px; margin-bottom: 8px; padding: 0px; border: 0px; color: rgb(119, 119, 119); font-family: Roboto, Arial, sans-serif;"><strong style="margin: 0px; padding: 0px; border: 0px;">Максимальное количество обработок</strong> - 2.</p><p style="margin-top: 8px; margin-bottom: 8px; padding: 0px; border: 0px; color: rgb(119, 119, 119); font-family: Roboto, Arial, sans-serif;"><strong style="margin: 0px; padding: 0px; border: 0px;">Норма расхода рабочего раствора</strong> - 200-300 л/га при опрыскивании, при протравливании - 10 л на 1 т семян.</p><p style="margin-top: 8px; margin-bottom: 8px; padding: 0px; border: 0px; color: rgb(119, 119, 119); font-family: Roboto, Arial, sans-serif;"><strong style="margin: 0px; padding: 0px; border: 0px;">Особенности применения:</strong> препарат пригоден для применения в течение вегетации на всех зерновых колосовых культурах. Оптимальный срок применения - от начала кущения до фазы второго узла в зерновых. Для защиты подсолнечника и сахарной свеклы проводят профилактическое опрыскивание. Для полной защиты подсолнечника целесообразно проводить профилактические обработки: первая - в фазе формирования корзинок, вторая - через 14 дней. На свекле сахарной применяют при появлении первых признаков болезни. Обработку целесообразно проводить при температуре в пределах от 15 до 25 ° С и оптимальной влажности воздуха. Смеси с жидкими азотными удобрениями способствуют повышению эффективности препарата, но необходимо остерегаться повышенных температур, чтобы избежать ожогов на культурных растениях. Перед использованием препарат Дезарал тщательно взболтать в канистре.</p>', NULL, NULL, NULL, 'ru'),
	(259, 131, 'Дезарал Фунгіцид (Дерозал)', '<p>Дезарал аналог фунгіциду Дерозал</p><p>Системний фунгіцид та протруйник для захисту посівів сільськогосподарських культур від грибкових хвороб<br></p>', '<p><b>Препаративна форма:</b> Концентрат суспензії<br></p><p><b>Хімічна група:</b> Похідні дитіокарбамінової кислоти</p><p></p><p><b>Механізм дії:</b> Має системну дію. Карбендазим — інгібітор грибів- патогенів на всіх фазах їх розвитку, який пригнічує розвиток збудників хвороб на ранній стадії, захищаючи рослину від внутрішніх та зовнішніх інфекцій, що передаються через насіння та ґрунт.</p><p><b>Спектр дії:</b> Борошниста роса, септоріоз, іржа, кореневі гнилі, біла та сіра гнилі, фомоз, церкоспороз</p><table border="1" style="margin: auto; padding: 0px; border-width: 1px; border-style: solid; border-color: inherit; border-image: initial; table-layout: fixed; width: 849px; word-wrap: break-word; color: rgb (119, 119, 119); font-family: Roboto, Arial, sans-serif; background-color: rgb (255, 255, 255); "><tbody style="margin: 0px; padding: 0px; border-style: inherit; border-width: inherit; border-image: inherit;"><tr style="margin: 0px; padding: 0px; border-style: inherit; border-width: inherit; border-image: inherit;"><td style="margin: 0px; padding: 5px; list-style: none outside none; border: inherit;"> Культура <!-- td-->\r\n         </td><td style="margin: 0px; padding: 5px; list-style: none outside none; border: inherit;"> Норма витрати препарату <!-- td-->\r\n         </td><td style="margin: 0px; padding: 5px; list-style: none outside none; border: inherit;"> Спектр дії <!-- td-->\r\n         </td><td style="margin: 0px; padding: 5px; list-style: none outside none; border: inherit;"> Спосіб, час обробки <!-- td-->\r\n      <!-- Tr-->\r\n      </td></tr><tr style="margin: 0px; padding: 0px; border-style: inherit; border-width: inherit; border-image: inherit;"><td style="margin: 0px; padding: 5px; list-style: none outside none; border: inherit;"> Зернові колосові (озимі, ярі) <!-- td-->\r\n         </td><td colspan="1" style="margin: 0px; padding: 5px; list-style: none outside none; border: inherit;">\r\n            <p style="margin-top: 8px; margin-bottom: 8px; padding: 0px; border: 0px;"> 0,5 л / га <!-- p-->\r\n         <!-- Td-->\r\n         </p></td><td colspan="1" style="margin: 0px; padding: 5px; list-style: none outside none; border: inherit;"> Кореневі гнилі, борошниста роса, септоріоз, іржа <!-- td-->\r\n         </td><td colspan="1" style="margin: 0px; padding: 5px; list-style: none outside none; border: inherit;"> Обприскування в період вегетації культури       </td></tr><tr style="margin: 0px; padding: 0px; border-style: inherit; border-width: inherit; border-image: inherit;"><td colspan="1" rowspan="2" style="margin: 0px; padding: 5px; list-style: none outside none; border: inherit;"> Соняшник <!-- td-->\r\n         </td><td colspan="1" style="margin: 0px; padding: 5px; list-style: none outside none; border: inherit;"> 1,5л / га <!-- td-->\r\n         </td><td colspan="1" rowspan="2" style="margin: 0px; padding: 5px; list-style: none outside none; border: inherit;"> Несправжня борошниста роса, фомоз, біла гниль, сіра гниль <!-- td-->\r\n         </td><td colspan="1" style="margin: 0px; padding: 5px; list-style: none outside none; border: inherit;"> Обприскування в період вегетації культури <!-- td-->\r\n      <!-- Tr-->\r\n      </td></tr><tr style="margin: 0px; padding: 0px; border-style: inherit; border-width: inherit; border-image: inherit;"><td colspan="1" style="margin: 0px; padding: 5px; list-style: none outside none; border: inherit;"> 1,5л / т <!-- td-->\r\n         </td><td colspan="1" style="margin: 0px; padding: 5px; list-style: none outside none; border: inherit;"> Протруювання насіння суспензією препарату перед посівом <!-- td-->\r\n      <!-- Tr-->\r\n      </td></tr><tr style="margin: 0px; padding: 0px; border-style: inherit; border-width: inherit; border-image: inherit;"><td style="margin: 0px; padding: 5px; list-style: none outside none; border: inherit;"> Буряк цукровий <!-- td-->          </td><td colspan="1" style="margin: 0px; padding: 5px; list-style: none outside none; border: inherit;">0,4л / га <!-- td-->\r\n         </td><td colspan="1" style="margin: 0px; padding: 5px; list-style: none outside none; border: inherit;"> Борошниста роса, церкоспороз <!-- td-->\r\n         </td><td colspan="1" style="margin: 0px; padding: 5px; list-style: none outside none; border: inherit;"> Обприскування в період вегетації культури (при появі перших ознак захворювання) <!-- td-->\r\n      <!-- Tr-->\r\n      </td></tr><tr style="margin: 0px; padding: 0px; border-style: inherit; border-width: inherit; border-image: inherit;"><td style="margin: 0px; padding: 5px; list-style: none outside none; border: inherit;"> Зернові колосові (озимі, ярі) * <!-- td-->\r\n         </td><td colspan="1" style="margin: 0px; padding: 5px; list-style: none outside none; border: inherit;"> 1,5л / т <!-- td-->\r\n         </td><td colspan="1" style="margin: 0px; padding: 5px; list-style: none outside none; border: inherit;"> Кореневі гнилі, снігова пліснява, сажкові хвороби, фузаріоз <!-- td-->\r\n         </td><td colspan="1" style="margin: 0px; padding: 5px; list-style: none outside none; border: inherit;"> Протруювання насіння перед посівом <!-- td-->\r\n      <!-- Tr-->\r\n   <!-- Tbody-->\r\n<!-- Table-->\r\n</td></tr></tbody></table>\r\n* Світовий досвід застосування\r\n<p></p><p><b>\r\nСумісність:</b> сумісний з іншими засобами захисту рослин і рідкими добривами, крім лужних. Однак перед приготуванням бакової суміші пестицидів необхідно перевірити препарати на сумісність\r\n</p><p><b>\r\nМаксимальна кількість обробок</b> - 2.\r\n</p><p><b>\r\nНорма витрати робочого розчину</b> - 200-300 л / га при обприскуванні, при протравливании - 10 л на 1 т насіння.\r\n</p><p><b>\r\nОсобливості застосування: </b>Препарат придатний для застосування протягом вегетації на усіх зернових колосових культурах. Оптимальний термін застосування — від початку кущення до фази другого вузла у зернових. Для захисту соняшника та буряків цукрових проводять профілактичне обприскування. Для повного захисту соняшнику доцільно проводити профілактичні обробки: перша — у фазі формування кошиків, друга — через 14 днів. На буряках цукрових застосовують при появі перших ознак хвороби. Обробку доцільно проводити при температурі в межах від 15 до 25°С та оптимальній вологості повітря. Суміші з рідкими азотними добривами сприяють підвищенню ефективності дії препарату, але необхідно остерігатися підвищених температур, щоб уникнути опіків на культурних рослинах. Перед використанням препарат ДЕЗАРАЛ ретельно збовтати у каністрі</p><p></p>', NULL, NULL, NULL, 'uk'),
	(260, 132, 'Джек Пот Фунгицид (Топаз + Скор)', '<p style="margin-top: 8px; margin-bottom: 8px; padding: 0px; border: 0px; color: rgb(119, 119, 119); font-family: Roboto, Arial, sans-serif;">Джек Пот аналог фунгицидов Топаз+Скор   </p><p style="margin-top: 8px; margin-bottom: 8px; padding: 0px; border: 0px; color: rgb(119, 119, 119); font-family: Roboto, Arial, sans-serif;">Комбинированный системный фунгицид профилактического и лечебного действия для защиты плодовых и овощных культур от мучнистой росы, парши и других распространенных болезней</p>', '<p style="margin-top: 8px; margin-bottom: 8px; padding: 0px; border: 0px; color: rgb(119, 119, 119); font-family: Roboto, Arial, sans-serif;"><strong style="margin: 0px; padding: 0px; border: 0px;">Препаративная форма: </strong>концентрат эмульсии<br></p><p style="margin-top: 8px; margin-bottom: 8px; padding: 0px; border: 0px; color: rgb(119, 119, 119); font-family: Roboto, Arial, sans-serif;"><strong style="margin: 0px; padding: 0px; border: 0px;">Химическая группа: </strong>производные триазолов</p><p style="margin-top: 8px; margin-bottom: 8px; padding: 0px; border: 0px; color: rgb(119, 119, 119); font-family: Roboto, Arial, sans-serif;"><strong style="margin: 0px; padding: 0px; border: 0px;">Механизм действия: </strong>системное и трансламинарное действие. Препарат быстро проникает в растение и разносится по ней, что обеспечивает длительную защиту, уменьшает риск смыва дождем</p><p style="margin-top: 8px; margin-bottom: 8px; padding: 0px; border: 0px; color: rgb(119, 119, 119); font-family: Roboto, Arial, sans-serif;"><strong style="margin: 0px; padding: 0px; border: 0px;">Спектр действия:</strong> мучнистая роса, парша, гниль плодов, курчавость листьев</p><table border="1" style="margin: auto; padding: 0px; border-width: 1px; border-style: solid; border-color: inherit; border-image: initial; table-layout: fixed; width: 849px; word-wrap: break-word; color: rgb(119, 119, 119); font-family: Roboto, Arial, sans-serif; background-color: rgb(255, 255, 255);"><tbody style="margin: 0px; padding: 0px; border-style: inherit; border-width: inherit; border-image: inherit;"><tr style="margin: 0px; padding: 0px; border-style: inherit; border-width: inherit; border-image: inherit;"><td style="margin: 0px; padding: 5px; list-style: none outside none; border: inherit;">Культура</td><td style="margin: 0px; padding: 5px; list-style: none outside none; border: inherit;">Норма расхода препарата, л/га</td><td style="margin: 0px; padding: 5px; list-style: none outside none; border: inherit; width: 258px;">Спектр действия</td><td style="margin: 0px; padding: 5px; list-style: none outside none; border: inherit; width: 168px;">Способ, время обработки</td><td style="margin: 0px; padding: 5px; list-style: none outside none; border: inherit; width: 83px;">Срок ожидания</td><td style="margin: 0px; padding: 5px; list-style: none outside none; border: inherit; width: 74px;">Максимальная кратность обработок</td></tr><tr style="margin: 0px; padding: 0px; border-style: inherit; border-width: inherit; border-image: inherit;"><td style="margin: 0px; padding: 5px; list-style: none outside none; border: inherit;">Яблоня</td><td colspan="1" style="margin: 0px; padding: 5px; list-style: none outside none; border: inherit;"><p style="margin-top: 8px; margin-bottom: 8px; padding: 0px; border: 0px;">0,3-0,4</p></td><td colspan="1" style="margin: 0px; padding: 5px; list-style: none outside none; border: inherit; width: 258px;">Мучнистая роса, парша</td><td colspan="1" rowspan="5" style="margin: 0px; padding: 5px; list-style: none outside none; border: inherit; width: 168px;">Опрыскивание в период вегетации культуры<br> </td><td style="margin: 0px; padding: 5px; list-style: none outside none; border: inherit; width: 83px;">20</td><td style="margin: 0px; padding: 5px; list-style: none outside none; border: inherit; width: 74px;">3</td></tr><tr style="margin: 0px; padding: 0px; border-style: inherit; border-width: inherit; border-image: inherit;"><td colspan="1" rowspan="1" style="margin: 0px; padding: 5px; list-style: none outside none; border: inherit;">Абрикос</td><td colspan="1" rowspan="2" style="margin: 0px; padding: 5px; list-style: none outside none; border: inherit;">0,4-0,5<br> </td><td colspan="1" rowspan="1" style="margin: 0px; padding: 5px; list-style: none outside none; border: inherit; width: 258px;">Мучнистая роса, парша, курчавость листьев</td><td colspan="1" rowspan="1" style="margin: 0px; padding: 5px; list-style: none outside none; border: inherit; width: 83px;">30</td><td style="margin: 0px; padding: 5px; list-style: none outside none; border: inherit; width: 74px;">3</td></tr><tr style="margin: 0px; padding: 0px; border-style: inherit; border-width: inherit; border-image: inherit;"><td style="margin: 0px; padding: 5px; list-style: none outside none; border: inherit;">Персик</td><td colspan="1" style="margin: 0px; padding: 5px; list-style: none outside none; border: inherit; width: 258px;">Гниль плодов, курчавость листьев, парша, мучнистая роса</td><td style="margin: 0px; padding: 5px; list-style: none outside none; border: inherit; width: 83px;">30</td><td colspan="1" rowspan="3" style="margin: 0px; padding: 5px; list-style: none outside none; border: inherit; width: 74px;">2</td></tr><tr style="margin: 0px; padding: 0px; border-style: inherit; border-width: inherit; border-image: inherit;"><td style="margin: 0px; padding: 5px; list-style: none outside none; border: inherit;">Огурцы открытого грунта </td><td colspan="1" style="margin: 0px; padding: 5px; list-style: none outside none; border: inherit;">0,15-0,2</td><td colspan="1" rowspan="2" style="margin: 0px; padding: 5px; list-style: none outside none; border: inherit; width: 258px;">Мучнистая роса</td><td rowspan="2" style="margin: 0px; padding: 5px; list-style: none outside none; border: inherit; width: 83px;">14</td></tr><tr style="margin: 0px; padding: 0px; border-style: inherit; border-width: inherit; border-image: inherit;"><td style="margin: 0px; padding: 5px; list-style: none outside none; border: inherit;">Огурцы закрытого грунта </td><td colspan="1" style="margin: 0px; padding: 5px; list-style: none outside none; border: inherit;">0,25</td></tr><tr style="margin: 0px; padding: 0px; border-style: inherit; border-width: inherit; border-image: inherit;"><td style="margin: 0px; padding: 5px; list-style: none outside none; border: inherit;">Виноград*</td><td colspan="1" style="margin: 0px; padding: 5px; list-style: none outside none; border: inherit;">0,4</td><td colspan="1" style="margin: 0px; padding: 5px; list-style: none outside none; border: inherit; width: 258px;">Черная пятнистость, оидиуму</td><td colspan="1" style="margin: 0px; padding: 5px; list-style: none outside none; border: inherit; width: 168px;">Опрыскивание в период вегетации культуры</td><td style="margin: 0px; padding: 5px; list-style: none outside none; border: inherit; width: 83px;">20</td><td colspan="1" style="margin: 0px; padding: 5px; list-style: none outside none; border: inherit; width: 74px;">4</td></tr></tbody></table><p style="margin-top: 8px; margin-bottom: 8px; padding: 0px; border: 0px; color: rgb(119, 119, 119); font-family: Roboto, Arial, sans-serif;"><strong style="margin: 0px; padding: 0px; border: 0px;">*</strong><em style="margin: 0px; padding: 0px; border: 0px;">Мировой опыт применения</em><strong style="margin: 0px; padding: 0px; border: 0px;"> </strong></p><p style="margin-top: 8px; margin-bottom: 8px; padding: 0px; border: 0px; color: rgb(119, 119, 119); font-family: Roboto, Arial, sans-serif;"><strong style="margin: 0px; padding: 0px; border: 0px;">Совместимость:</strong> совместим с другими средствами защиты растений и жидкими удобрениями, кроме щелочных. Однако перед приготовлением баковой смеси пестицидов необходимо проверить препараты на совместимость. Не смешивать с препаратом на основе меди</p><p style="margin-top: 8px; margin-bottom: 8px; padding: 0px; border: 0px; color: rgb(119, 119, 119); font-family: Roboto, Arial, sans-serif;"><strong style="margin: 0px; padding: 0px; border: 0px;">Максимальное количество обработок</strong> - 3.</p><p style="margin-top: 8px; margin-bottom: 8px; padding: 0px; border: 0px; color: rgb(119, 119, 119); font-family: Roboto, Arial, sans-serif;"><strong style="margin: 0px; padding: 0px; border: 0px;">Норма расхода рабочего раствора</strong> - 500-1000 л/га - плодовые насаждения, 200-300 л/га - огурцы открытого грунта, для закрытого норму увеличивают. Нормы расхода рабочего раствора необходимо выбирать в зависимости от фазы развития культуры и степени развития болезни. Минимальные нормы расхода используются в начале вегетации и низком инфекционном фоне; максимальные - при полном развитии листовой поверхности и высоком инфекционном фоне.</p><p style="margin-top: 8px; margin-bottom: 8px; padding: 0px; border: 0px; color: rgb(119, 119, 119); font-family: Roboto, Arial, sans-serif;"><strong style="margin: 0px; padding: 0px; border: 0px;">Особенности применения:</strong> лучший результат достигается при профилактическом применении фунгицида. Профилактические обработки от первичной инфекции возбудителя мучнистой росы проводятся в начале вегетации. Дополнительные обработки проводятся для предотвращения распространения болезни или при появлении первых признаков болезни с интервалом между ними 10-14 дней, в зависимости от развития болезни и погодных условий. При высоком риске развития болезни необходимо сократить интервалы между обработками до 10 дней. За сезон проводят 2-4 опрыскивания в основной период развития мучнистой росы, который начинается в период цветения культуры и продолжается до стадии созревания плодов. Джек Пот можно использовать куративно (лечебно) в течение 2-4 суток с момента начала поражения. В случае необходимости, после обработки препаратом Джек Пот используйте контактные фунгициды. Своевременность проведения защитных мероприятий, высокое качество проведения технологий внесения препарата, благоприятные погодные условия (отсутствие атмосферных осадков, значительная росы), температура воздуха от 15 до 25 ° С - успех в получении хороших урожаев.</p>', NULL, NULL, NULL, 'ru'),
	(261, 132, 'Джек Пот Фунгіцид (Топаз + Швидкість)', '<p><span style="color: rgb(90, 90, 90); font-family: Helvetica, Helvetica, sans-serif, Arial; font-size: 20px;">Комбінований системний фунгіцид профілактичної та лікувальної дії для захисту плодових та овочевих культур від борошнистої роси, парші та інших поширених хвороб</span><br></p>', '<p> <b> Діюча речовина: </b> Пенконазол 100 г/л, Дифеноконазол 200 г/л </p>\r\n<p> <b> Препаративна форма: </b>Концентрат, що емульгується</p>\r\n<p> <b> Хімічна група: </b>Похідні триазолів</p>\r\n<p> <b> Механізм дії: </b>Системна та трансламінарна дії. Препарат швидко проникає в рослину та розноситься по ній, що забезпечує тривалий захист, зменшує ризик змиву дощем</p>\r\n<p> <b> Спектр дії: </b>Борошниста роса, парша, гниль плодів, кучерявість листя</p>\r\n<table border="1" style="margin: auto; padding: 0px; border-width: 1px; border-style: solid; border-color: inherit; border-image: initial; table-layout: fixed; width: 849px; word-wrap: break-word; color: rgb (119, 119, 119); font-family: Roboto, Arial, sans-serif; background-color: rgb (255, 255, 255); "> <tbody style="margin: 0px; padding: 0px; border-style: inherit; border-width: inherit; border-image: inherit;"> <tr style="margin: 0px; padding: 0px; border-style: inherit; border-width: inherit; border-image: inherit; "> <td style=" margin: 0px; padding: 5px; list-style: none outside none; border: inherit; "> Культура </td> <td style="margin: 0px; padding: 5px; list-style: none outside none; border: inherit;"> Норма витрати препарату, л / га </td> <td style="margin: 0px; padding: 5px; list-style : none outside none; border: inherit; width: 258px; "> Спектр дії </td> <td style=" margin: 0px; padding: 5px; list-style: none outside none; border: inherit; widt h: 168px; "> Спосіб, час обробки </td> <td style=" margin: 0px; padding: 5px; list-style: none outside none; border: inherit; width: 83px; "> Термін очікування </td> <td style=" margin: 0px; padding: 5px; list-style: none outside none; border: inherit; width: 74px; "> Максимальна кратність обробок </td> </tr> <tr style=" margin: 0px; padding: 0px; border-style: inherit; border-width: inherit; border-image: inherit; "> <td style=" margin: 0px; padding: 5px; list-style: none outside none; border: inherit; "> Яблуня </td> <td colspan=" 1 " style=" margin: 0px; padding: 5px; list-style: none outside none; border: inherit; "> <p style=" margin-top: 8px; margin-bottom: 8px; padding: 0px; border: 0px; "> 0,3-0,4 <!-- p--> </p></td> <td colspan=" 1 " style=" margin: 0px; padding: 5px; list-style: none outside none; border: inherit; width: 258px; "> Борошниста роса, парша </td> <td colspan=" 1 " rowspan=" 5 " style=" margin: 0px; padding: 5px; list-style: none outside none; border: inherit; width: 168px; "> Обприскування в період вегетації культури <br>  </td> <td style=" margin: 0px; padding: 5px; list-style: none outside none; border: inherit; width: 83px; "> 20 </td> <td style=" margin: 0px; padding: 5px; list-style: none outside none; border: inherit; width: 74px; "> 3 </td> </tr> <tr style=" margin: 0px; padding: 0px; border-style: inherit; border-width: inherit; border-image: inherit; "> <td colspan=" 1 " rowspan=" 1 " style=" margin: 0px; padding: 5px; list-style: none outside none; border: inherit; "> Абрикос </td> <td colspan=" 1 " rowspan=" 2 " style=" margin: 0px; padding: 5px; list-style: none outside none; border: inherit; "> 0,4-0,5 <br>  </td> <td colspan=" 1 " rowspan=" 1 " style=" margin: 0px; padding: 5px; list-style: none outside none; border: inherit; width: 258px; "> Борошниста роса, парша,  курчавость листя </td> <td colspan=" 1 " rowspan=" 1 " style=" margin: 0px; padding: 5px; list-style: none outside none; border: inherit; width: 83px; "> 30 </td> <td style=" margin: 0px; padding: 5px; list-style: none outside none; border: inherit; width: 74px; "> 3 </td> </tr> <tr style=" margin: 0px; padding: 0px; border-style: inherit; border-width: inherit; border-image: inherit; "> <td style=" margin: 0px; padding: 5px; list-style: none outside none; border: inherit; "> Персик </td> <td colspan=" 1 " style=" margin: 0px; padding: 5px; list-style: none outside none; border: inherit; width: 258px; "> Гниль плодів, курчавость листя, парша, борошниста роса </td> <td style=" margin: 0px; padding: 5px; list-style: none outside none; border: inherit; width: 83px; "> 30 </td> <td colspan=" 1 " rowspan=" 3 " style=" margin: 0px; padding: 5px; list-style: none outside none; border: inherit; width: 74px; "> 2 </td> </tr> <tr style=" margin: 0px; padding: 0px; border-style: inherit; border-width: inherit; border-image: inherit; "> <td style=" margin: 0px; padding: 5px; list-style: none outside none; border: inherit; "> Огірки відкритого грунту  </td> <td colspan=" 1 " style=" margin: 0px; padding: 5px; list-style: none outside none; border: inherit; "> 0,15-0,2 </td> <td colspan=" 1 " rowspan=" 2 " style=" margin: 0px; padding: 5px; list-style: none outside none; border: inherit; width: 258px; "> Борошниста роса </td> <td rowspan=" 2 " style=" margin: 0px; padding: 5px; list-style: none outside none; border: inherit; width: 83px; "> 14 </td> </tr> <tr style=" margin: 0px; padding: 0px; border-style: inherit; border-width: inherit; border-image: inherit; "> <td style=" margin: 0px; padding: 5px; list-style: none outside none; border: inherit; "> Огірки закритого грунту  </td> <td colspan=" 1 " style=" margin: 0px; padding: 5px; list-style: none outside none; border: inherit; "> 0,25 </td> </tr> <tr style=" margin: 0px; padding: 0px; border-style: inherit; border-width: inherit; border-image: inherit; "> <td style=" margin: 0px; padding: 5px; list-style: none outside none; border: inherit; "> Виноград * </td> <td colspan=" 1 " style=" margin: 0px; padding: 5px; list-style: none outside none; border: inherit; "> 0,4 ​​</td> <td colspan=" 1 " style=" margin: 0px; padding: 5px; list-style: none outside none; border: inherit; width: 258px; "> Чорна плямистість, оїдіуму </td> <td colspan="1" style="margin: 0px; padding: 5px; list-style: none outside none; border: inherit; width: 168px;"> Обприскування в період вегетації культури </td> <td style="margin: 0px; padding: 5px; list-style: none outside none; border: inherit; width: 83px;"> 20 </td> <td colspan="1" style="margin: 0px; padding: 5px; list-style: none outside none; border: inherit; width: 74px; "> 4 </td> </tr> </tbody> </table>\r\n<p><strong style="margin: 0px; padding: 0px; border: 0px; color: rgb(119, 119, 119); font-family: Roboto, Arial, sans-serif;">*</strong><em style="margin: 0px; padding: 0px; border: 0px; color: rgb(119, 119, 119); font-family: Roboto, Arial, sans-serif;">Мировой опыт применения</em><strong style="margin: 0px; padding: 0px; border: 0px; color: rgb(119, 119, 119); font-family: Roboto, Arial, sans-serif;">&nbsp;</strong><b><br></b></p><p><b>Сумісність: </b>Сумісний з іншими пестицидами та агрохімікатами, окрім лужних. Однак перед приготуванням бакової суміші пестицидів необхідно перевірити препарати на сумісність. Не змішувати із препаратом на основі міді</p>\r\n<p> <b> Максимальна кількість обробок </b> -&nbsp; 3</p>\r\n<p> <b> Норма витрати робочого розчину </b> - 500-1000 л/га – плодові насадження, 200-300 л/га – огірки відкритого ґрунту, для закритого норму збільшують. Норми витрат робочого розчину необхідно вибирати в залежності від фази розвитку культури та ступеня розвитку хвороби. Мінімальні норми витрат використовуються на початку вегетації та низькому інфекційному фоні; максимальні — при повному розвитку листової поверхні та високому інфекційному фоні</p>\r\n<p> <b> Особливості застосування: </b> Найкращий результат досягається при профілактичному застосуванні фунгіциду. Профілактичні обробки від первинної інфекції збудника борошнистої роси проводяться на початку вегетації. Додаткові обробки проводяться для запобігання поширення хвороби чи при появі перших ознак хвороби з інтервалом між ними 10-14 діб, залежно від розвитку хвороби та погодних умов. При високому ризику розвитку хвороби необхідно скоротити інтервали між обробками до 10 днів. За сезон проводять 2-4 обприскування в основний період розвитку борошнистої роси, який починається в період цвітіння культури та продовжується до стадії дозрівання плодів. ДЖЕК ПОТ можна використовувати куративно (лікувально) протягом 2-4 діб з моменту початку ураження. У разі необхідності, після обробки препаратом ДЖЕК ПОТ використовуйте контактні фунгіциди. Своєчасність проведення захисних заходів, висока якість проведення технологій внесення препарату, сприятливі погодні умови (відсутність атмосферних опадів, значної роси), температура повітря від 15 до 25°С – успіх в отриманні хороших врожаїв</p>', NULL, NULL, NULL, 'uk'),
	(262, 133, 'Фундазим Фунгицид (Фундазол)', '<p>Фундазим аналог фунгицида Фундазол.\r\n</p><p>\r\nВысокоэффективный фунгицид системного действия против широкого спектра болезней сельскохозяйственных культур и садово-парковых насаждений.</p>', '<p style="margin-top: 8px; margin-bottom: 8px; padding: 0px; border: 0px; color: rgb(119, 119, 119); font-family: Roboto, Arial, sans-serif;"><strong style="margin: 0px; padding: 0px; border: 0px;">Препаративная форма:</strong>смачиваемый порошок.</p>\r\n<p style="margin-top: 8px; margin-bottom: 8px; padding: 0px; border: 0px; color: rgb(119, 119, 119); font-family: Roboto, Arial, sans-serif;"><strong style="margin: 0px; padding: 0px; border: 0px;">Химическая группа</strong>: производные бензимидазола.</p>\r\n<p style="margin-top: 8px; margin-bottom: 8px; padding: 0px; border: 0px; color: rgb(119, 119, 119); font-family: Roboto, Arial, sans-serif;"><strong style="margin: 0px; padding: 0px; border: 0px;">Совместимость:</strong>совместим с другими средствами защиты растений и агрохимикатами, не имеющих щелочной реакции. Не рекомендуются баковые смеси или чередование с препаратами группы бензимидазола или тиофанат.</p>\r\n<p style="margin-top: 8px; margin-bottom: 8px; padding: 0px; border: 0px; color: rgb(119, 119, 119); font-family: Roboto, Arial, sans-serif;"><strong style="margin: 0px; padding: 0px; border: 0px;">Механизм действия:</strong>системное действие. Беномил быстро проникает в растение и тормозит процесс деления клеток патогенов, которые вызывают мучнистой росой, виды гнилей и плесеней, церкоспороз, аскохитоз, фузариоз.</p>\r\n<p style="margin-top: 8px; margin-bottom: 8px; padding: 0px; border: 0px; color: rgb(119, 119, 119); font-family: Roboto, Arial, sans-serif;"><strong style="margin: 0px; padding: 0px; border: 0px;">Спектр действия:</strong>мучнистая роса, снежная плесень, церкоспорелез, корневые гнили, некоторые пятнистости, фузариозное увядание, аскохитоз, серая гниль и другие.</p>\r\n<p><span style="color: rgb(119, 119, 119); font-family: Roboto, Arial, sans-serif;"></span></p>\r\n<table border="1" style="margin: auto; padding: 0px; border-width: 1px; border-style: solid; border-color: inherit; border-image: initial; table-layout: fixed; width: 849px; word-wrap: break-word; color: rgb(119, 119, 119); font-family: Roboto, Arial, sans-serif; background-color: rgb(255, 255, 255);">\r\n   <tbody style="margin: 0px; padding: 0px; border-style: inherit; border-width: inherit; border-image: inherit;">\r\n      <tr style="margin: 0px; padding: 0px; border-style: inherit; border-width: inherit; border-image: inherit;">\r\n         <td style="margin: 0px; padding: 5px; list-style: none outside none; border: inherit; width: 113px; text-align: center;">Культура</td>\r\n         <td style="margin: 0px; padding: 5px; list-style: none outside none; border: inherit; width: 116px; text-align: center;">Норма расхода препарата, кг / га</td>\r\n         <td style="margin: 0px; padding: 5px; list-style: none outside none; border: inherit; width: 202px; text-align: center;">Спектр действия</td>\r\n         <td style="margin: 0px; padding: 5px; list-style: none outside none; border: inherit; width: 210px; text-align: center;">Способ, время обработки</td>\r\n      </tr>\r\n      <tr style="margin: 0px; padding: 0px; border-style: inherit; border-width: inherit; border-image: inherit;">\r\n         <td style="margin: 0px; padding: 5px; list-style: none outside none; border: inherit; width: 113px; text-align: center;">Зерновые колосовые</td>\r\n         <td style="margin: 0px; padding: 5px; list-style: none outside none; border: inherit; width: 116px; text-align: center;">0,5-0,6</td>\r\n         <td style="margin: 0px; padding: 5px; list-style: none outside none; border: inherit; width: 202px; text-align: center;">Мучнистая роса, снежная плесень, церкоспорельозна, и фузариозная, корневая гниль, офиобольоз</td>\r\n         <td colspan="1" rowspan="2" style="margin: 0px; padding: 5px; list-style: none outside none; border: inherit; width: 210px; text-align: center;">Опрыскивание в период вегетации культуры</td>\r\n      </tr>\r\n      <tr style="margin: 0px; padding: 0px; border-style: inherit; border-width: inherit; border-image: inherit;">\r\n         <td style="margin: 0px; padding: 5px; list-style: none outside none; border: inherit; width: 113px; text-align: center;">Цветы, в т.ч розы</td>\r\n         <td style="margin: 0px; padding: 5px; list-style: none outside none; border: inherit; width: 116px; text-align: center;">1,5-2,0</td>\r\n         <td style="margin: 0px; padding: 5px; list-style: none outside none; border: inherit; width: 202px; text-align: center;">Мучнистая роса</td>\r\n      </tr>\r\n      <tr style="margin: 0px; padding: 0px; border-style: inherit; border-width: inherit; border-image: inherit;">\r\n         <td style="margin: 0px; padding: 5px; list-style: none outside none; border: inherit; width: 113px; text-align: center;">Лук, цветы</td>\r\n         <td style="margin: 0px; padding: 5px; list-style: none outside none; border: inherit; width: 116px; text-align: center;">_</td>\r\n         <td style="margin: 0px; padding: 5px; list-style: none outside none; border: inherit; width: 202px; text-align: center;">Луковые гнили</td>\r\n         <td colspan="1" style="margin: 0px; padding: 5px; list-style: none outside none; border: inherit; width: 210px; text-align: center;">Перед высадкой культуры в открытый грунт и перед закладкой на хранение</td>\r\n      </tr>\r\n      <tr style="margin: 0px; padding: 0px; border-style: inherit; border-width: inherit; border-image: inherit;">\r\n         <td style="margin: 0px; padding: 5px; list-style: none outside none; border: inherit; width: 113px; text-align: center;">Свекла сахарная*</td>\r\n         <td style="margin: 0px; padding: 5px; list-style: none outside none; border: inherit; width: 116px; text-align: center;">0,6-0,8</td>\r\n         <td style="margin: 0px; padding: 5px; list-style: none outside none; border: inherit; width: 202px; text-align: center;">Мучнистая роса, церкоспороз</td>\r\n         <td style="margin: 0px; padding: 5px; list-style: none outside none; border: inherit; width: 210px; text-align: center;">Опрыскивание в период вегетации культуры</td>\r\n      </tr>\r\n      <tr style="margin: 0px; padding: 0px; border-style: inherit; border-width: inherit; border-image: inherit;">\r\n         <td style="margin: 0px; padding: 5px; list-style: none outside none; border: inherit; width: 113px; text-align: center;">Малина (питомники)*</td>\r\n         <td style="margin: 0px; padding: 5px; list-style: none outside none; border: inherit; width: 116px; text-align: center;">1,5</td>\r\n         <td style="margin: 0px; padding: 5px; list-style: none outside none; border: inherit; width: 202px; text-align: center;">Пурпурная пятнистость, серая гниль</td>\r\n         <td style="margin: 0px; padding: 5px; list-style: none outside none; border: inherit; width: 210px; text-align: center;">Опрыскивание в период вегетации 0,15% суспензией препарата. Запрещается реализация ягод</td>\r\n      </tr>\r\n      <tr style="margin: 0px; padding: 0px; border-style: inherit; border-width: inherit; border-image: inherit;">\r\n         <td style="margin: 0px; padding: 5px; list-style: none outside none; border: inherit; width: 113px; text-align: center;">Земляника (маточники)*</td>\r\n         <td style="margin: 0px; padding: 5px; list-style: none outside none; border: inherit; width: 116px; text-align: center;">3,0</td>\r\n         <td style="margin: 0px; padding: 5px; list-style: none outside none; border: inherit; width: 202px; text-align: center;">Фузариозное и вертицилезное увядание</td>\r\n         <td style="margin: 0px; padding: 5px; list-style: none outside none; border: inherit; width: 210px; text-align: center;">Полив почвы 0,1-0,2% суспензией препарата под корень</td>\r\n      </tr>\r\n      <tr style="margin: 0px; padding: 0px; border-style: inherit; border-width: inherit; border-image: inherit;">\r\n         <td style="margin: 0px; padding: 5px; list-style: none outside none; border: inherit; width: 113px; text-align: center;">Пшеница, рожь, овес*</td>\r\n         <td style="margin: 0px; padding: 5px; list-style: none outside none; border: inherit; width: 116px; text-align: center;">2,0-3,0</td>\r\n         <td style="margin: 0px; padding: 5px; list-style: none outside none; border: inherit; width: 202px; text-align: center;">Летучая, твердая головня, корневые гнили, снежная плесень</td>\r\n         <td colspan="1" rowspan="3" style="margin: 0px; padding: 5px; list-style: none outside none; border: inherit; width: 210px; text-align: center;">Обработка семян перед посевом (10л воды на 1т семян)</td>\r\n      </tr>\r\n      <tr style="margin: 0px; padding: 0px; border-style: inherit; border-width: inherit; border-image: inherit;">\r\n         <td style="margin: 0px; padding: 5px; list-style: none outside none; border: inherit; width: 113px; text-align: center;">Просо*</td>\r\n         <td style="margin: 0px; padding: 5px; list-style: none outside none; border: inherit; width: 116px; text-align: center;">2,0</td>\r\n         <td style="margin: 0px; padding: 5px; list-style: none outside none; border: inherit; width: 202px; text-align: center;">Фузариозная корневая гниль, головня</td>\r\n      </tr>\r\n      <tr style="margin: 0px; padding: 0px; border-style: inherit; border-width: inherit; border-image: inherit;">\r\n         <td style="margin: 0px; padding: 5px; list-style: none outside none; border: inherit; width: 113px; text-align: center;">Люпин, горох*</td>\r\n         <td style="margin: 0px; padding: 5px; list-style: none outside none; border: inherit; width: 116px; text-align: center;">2,0-3,0</td>\r\n         <td style="margin: 0px; padding: 5px; list-style: none outside none; border: inherit; width: 202px; text-align: center;">Аскохитоз, фузариоз, антракноз, серая гнильплиснявиння семян</td>\r\n      </tr>\r\n      <tr style="margin: 0px; padding: 0px; border-style: inherit; border-width: inherit; border-image: inherit;">\r\n         <td style="margin: 0px; padding: 5px; list-style: none outside none; border: inherit; width: 113px; text-align: center;">Газонные травы*</td>\r\n         <td style="margin: 0px; padding: 5px; list-style: none outside none; border: inherit; width: 116px; text-align: center;">_</td>\r\n         <td style="margin: 0px; padding: 5px; list-style: none outside none; border: inherit; width: 202px; text-align: center;">Снежная плесень, мучнистая роса, фузариоз</td>\r\n         <td colspan="1" style="margin: 0px; padding: 5px; list-style: none outside none; border: inherit; width: 210px; text-align: center;">Ранней весной профилактически и при первых признаках болезней</td>\r\n      </tr>\r\n      <tr style="margin: 0px; padding: 0px; border-style: inherit; border-width: inherit; border-image: inherit;">\r\n         <td style="margin: 0px; padding: 5px; list-style: none outside none; border: inherit; width: 113px; text-align: center;">Смородина, крыжовник*</td>\r\n         <td style="margin: 0px; padding: 5px; list-style: none outside none; border: inherit; width: 116px; text-align: center;">_</td>\r\n         <td style="margin: 0px; padding: 5px; list-style: none outside none; border: inherit; width: 202px; text-align: center;">Мучнистая роса</td>\r\n         <td colspan="1" style="margin: 0px; padding: 5px; list-style: none outside none; border: inherit; width: 210px; text-align: center;">Опрыскивание в период вегетации культуры</td>\r\n      </tr>\r\n      <tr style="margin: 0px; padding: 0px; border-style: inherit; border-width: inherit; border-image: inherit;">\r\n         <td style="margin: 0px; padding: 5px; list-style: none outside none; border: inherit; width: 113px; text-align: center;">Капуста*</td>\r\n         <td style="margin: 0px; padding: 5px; list-style: none outside none; border: inherit; width: 116px; text-align: center;">_</td>\r\n         <td style="margin: 0px; padding: 5px; list-style: none outside none; border: inherit; width: 202px; text-align: center;">Кила</td>\r\n         <td colspan="1" style="margin: 0px; padding: 5px; list-style: none outside none; border: inherit; width: 210px; text-align: center;">До 5 л готового раствора на 10 м, полив почвы перед высадкой рассады</td>\r\n      </tr>\r\n   </tbody>\r\n</table>\r\n<p style="margin-top: 8px; margin-bottom: 8px; padding: 0px; border: 0px; color: rgb(119, 119, 119); font-family: Roboto, Arial, sans-serif;">*<em style="margin: 0px; padding: 0px; border: 0px;">К сведению потребителя. Мировой опыт применения аналогичного препарата</em></p>\r\n<p style="margin-top: 8px; margin-bottom: 8px; padding: 0px; border: 0px; color: rgb(119, 119, 119); font-family: Roboto, Arial, sans-serif;"><b>Максимальное количество обработок</b> - 2. </p><p style="margin-top: 8px; margin-bottom: 8px; padding: 0px; border: 0px; color: rgb(119, 119, 119); font-family: Roboto, Arial, sans-serif;">Период ожидания до сбора урожая зерновых - 30 дней, сахарной свеклы - 30 цветов - 5, на других культурах - не устанавливается.</p>\r\n<p style="margin-top: 8px; margin-bottom: 8px; padding: 0px; border: 0px; color: rgb(119, 119, 119); font-family: Roboto, Arial, sans-serif;"><strong style="margin: 0px; padding: 0px; border: 0px;">Норма расхода рабочего раствора</strong>: 200 - 300 л/га. Фундазим используется для опрыскивания растений в период вегетации, протравливания семян и посадочного материала, обеззараживание почвы.</p>\r\n<p style="margin-top: 8px; margin-bottom: 8px; padding: 0px; border: 0px; color: rgb(119, 119, 119); font-family: Roboto, Arial, sans-serif;">Перед применение необходимо сделать маточный раствор препарата. После чего бак опрыскивателя заливают водой на 1/3 часть объема, включают режим смешивания и добавляют необходимое количество препарата. Доливают бак опрыскивателя до полного объема при включенном режиме смешивания. При внесении препарата режим смешивания должен быть постоянно включен с целью поддержания рабочего раствора в однородном состоянии.</p>\r\n<p style="margin-top: 8px; margin-bottom: 8px; padding: 0px; border: 0px; color: rgb(119, 119, 119); font-family: Roboto, Arial, sans-serif;">Обработку целесообразно проводить при температуре в пределах от +15 до + 24 ° С. Важным фактором для эффективного действия препарата является качество покрытия во время опрыскивания (достаточное смачивание всей поверхности листьев без стекания рабочего раствора с обработанной поверхности).</p>', NULL, NULL, NULL, 'ru'),
	(263, 133, 'Фундазім Фунгіцид (Фундазол)', '<p>Фундазім аналог фунгіциду Фундазол.</p><p>Високоефективний фунгіцид системної дії проти широкого спектру хвороб сільськогосподарських культур і садово-паркових насаджень.</p>', '<p></p><p> <b> Діюча речовина: </b> Беноміл 500 г/кг </p>\r\n<p> <b> Препаративна форма: </b> Порошок, що змочується </p>\r\n<p> <b> Хімічна група: </b> Похідні бензимідазолу </p>\r\n<p> <b> Механізм дії: </b> Системна дія. Беноміл швидко проникає у рослину та гальмує процес ділення клітин патогенів, які викликають борошнисту росу, види гнилей і пліснявінь, церкоспороз, аскохітоз, фузаріоз </p>\r\n<p> <b> Спектр дії: </b> Борошниста роса, снігова пліснява, церкоспорельозна та фузаріозна коренева гниль, офіобольоз </p>\r\n<table border="1" style="margin: auto; padding: 0px; border-width: 1px; border-style: solid; border-color: inherit; border-image: initial; table-layout: fixed; width: 849px; word-wrap: break-word; color: rgb (119, 119, 119); font-family: Roboto, Arial, sans-serif; background-color: rgb (255, 255, 255); ">\r\n   \r\n<tbody style="margin: 0px; padding: 0px; border-style: inherit; border-width: inherit; border-image: inherit;">\r\n         \r\n   <tr style="margin: 0px; padding: 0px; border-style: inherit; border-width: inherit; border-image: inherit;">\r\n               \r\n      <td style="margin: 0px; padding: 5px; list-style: none outside none; border: inherit; width: 113px; text-align: center;"> Культура </td>\r\n                  \r\n      <td style="margin: 0px; padding: 5px; list-style: none outside none; border: inherit; width: 116px; text-align: center;"> Норма витрати препарату, кг / га </td>\r\n                  \r\n      <td style="margin: 0px; padding: 5px; list-style: none outside none; border: inherit; width: 202px; text-align: center;"> Спектр дії </td>\r\n                  \r\n      <td style="margin: 0px; padding: 5px; list-style: none outside none; border: inherit; width: 210px; text-align: center;"> Спосіб, час обробки </td>\r\n               </tr>\r\n               \r\n   <tr style="margin: 0px; padding: 0px; border-style: inherit; border-width: inherit; border-image: inherit;">\r\n               \r\n      <td style="margin: 0px; padding: 5px; list-style: none outside none; border: inherit; width: 113px; text-align: center;"> Зернові колосові </td>\r\n                  \r\n      <td style="margin: 0px; padding: 5px; list-style: none outside none; border: inherit; width: 116px; text-align: center;"> 0,5-0,6 </td>\r\n                  \r\n      <td style="margin: 0px; padding: 5px; list-style: none outside none; border: inherit; width: 202px; text-align: center;"> Борошниста роса, снігова пліснява, церкоспорельозна, і фузаріозна, коренева гниль , офіобольоз </td>\r\n                  \r\n      <td colspan="1" rowspan="2" style="margin: 0px; padding: 5px; list-style: none outside none; border: inherit; width: 210px; text-align: center;"> Обприскування в період вегетації культури </td>\r\n               </tr>\r\n               \r\n   <tr style="margin: 0px; padding: 0px; border-style: inherit; border-width: inherit; border-image: inherit;">\r\n               \r\n      <td style="margin: 0px; padding: 5px; list-style: none outside none; border: inherit; width: 113px; text-align: center;"> Квіти, в т.ч троянди </td>\r\n                  \r\n      <td style="margin: 0px; padding: 5px; list-style: none outside none; border: inherit; width: 116px; text-align: center;"> 1,5-2,0 </td>\r\n                  \r\n      <td style="margin: 0px; padding: 5px; list-style: none outside none; border: inherit; width: 202px; text-align: center;"> Борошниста роса </td>\r\n               </tr>\r\n               \r\n   <tr style="margin: 0px; padding: 0px; border-style: inherit; border-width: inherit; border-image: inherit;">\r\n               \r\n      <td style="margin: 0px; padding: 5px; list-style: none outside none; border: inherit; width: 113px; text-align: center;"> Лук, квіти </td>\r\n                  \r\n      <td style="margin: 0px; padding: 5px; list-style: none outside none; border: inherit; width: 116px; text-align: center;"> _ </td>\r\n                  \r\n      <td style="margin: 0px; padding: 5px; list-style: none outside none; border: inherit; width: 202px; text-align: center;"> Цибулеві гнилі </td>\r\n                  \r\n      <td colspan="1" style="margin: 0px; padding: 5px; list-style: none outside none; border: inherit; width: 210px; text-align: center;"> Перед висадкою культури у відкритий грунт і перед закладанням на зберігання </td>\r\n               </tr>\r\n               \r\n   <tr style="margin: 0px; padding: 0px; border-style: inherit; border-width: inherit; border-image: inherit;">\r\n               \r\n      <td style="margin: 0px; padding: 5px; list-style: none outside none; border: inherit; width: 113px; text-align: center;"> Буряк цукровий * </td>\r\n                  \r\n      <td style="margin: 0px; padding: 5px; list-style: none outside none; border: inherit; width: 116px; text-align: center;"> 0,6-0,8 </td>\r\n                  \r\n      <td style="margin: 0px; padding: 5px; list-style: none outside none; border: inherit; width: 202px; text-align: center;"> Борошниста роса, церкоспороз </td>\r\n                  \r\n      <td style="margin: 0px; padding: 5px; list-style: none outside none; border: inherit; width: 210px; text-align: center;"> Обприскування в період вегетації культури </td>\r\n               </tr>\r\n               \r\n   <tr style="margin: 0px; padding: 0px; border-style: inherit; border-width: inherit; border-image: inherit;">\r\n               \r\n      <td style="margin: 0px; padding: 5px; list-style: none outside none; border: inherit; width: 113px; text-align: center;"> Малина (розсадники) * </td>\r\n                  \r\n      <td style="margin: 0px; padding: 5px; list-style: none outside none; border: inherit; width: 116px; text-align: center;"> 1,5 </td>\r\n                  \r\n      <td style="margin: 0px; padding: 5px; list-style: none outside none; border: inherit; width: 202px; text-align: center;"> Пурпурова плямистість, сіра гниль </td>\r\n                  \r\n      <td style="margin: 0px; padding: 5px; list-style: none outside none; border: inherit; width: 210px; text-align: center;"> Обприскування в період вегетації 0,15% суспензією препарату. Забороняється реалізація ягід </td>\r\n               </tr>\r\n               \r\n   <tr style="margin: 0px; padding: 0px; border-style: inherit; border-width: inherit; border-image: inherit; ">\r\n      <td style=" margin: 0px; padding: 5px; list-style: none outside none; border: inherit; width: 113px; text-align: center; "> Суниця (маточники) * </td> \r\n      <td style=" margin: 0px; padding: 5px; list-style: none outside none; border: inherit; width: 116px; text-align: center; "> 3,0 </td> \r\n      <td style=" margin: 0px; padding: 5px; list-style: none outside none; border: inherit; width: 202px; text-align: center; "> Фузаріозне і вертицильозне в\'янення </td> \r\n      <td style=" margin: 0px; padding: 5px; list-style: none outside none; border: inherit; width: 210px; text-align: center; "> Полив грунту 0,1-0,2% суспензією препарату під корінь </td> </tr> \r\n   <tr style=" margin: 0px; padding: 0px; border-style: inherit; border-width: inherit; border-image: inherit; ">\r\n      <td style=" margin: 0px; padding: 5px; list-style: none outside none; border: inherit; width: 113px; text-align: center; "> Пшениця, жито, овес * </td> \r\n      <td style=" margin: 0px; padding: 5px; list-style: none outside none; border: inherit; width: 116px; text-align: center; "> 2,0-3,0 </td> \r\n      <td style=" margin: 0px; padding: 5px; list-style: none outside none; border: inherit; width: 202px; text-align: center; "> Летюча, тверда головешка, кореневі гнилі, снігова пліснява </td> \r\n      <td colspan=" 1 " rowspan=" 3 " style=" margin: 0px; padding: 5px; list-style: none outside none; border: inherit; width: 210px; text-align: center; "> Обробка насіння перед посівом (10 л води на 1 т насіння) </td> </tr> \r\n   <tr style=" margin: 0px; padding: 0px; border-style: inherit; border-width: inherit; border-image: inherit; ">\r\n      <td style=" margin: 0px; padding: 5px; list-style: none outside none; border: inherit; width: 113px; text-align: center; "> Просо * </td> \r\n      <td style=" margin: 0px; padding: 5px; list-style: none outside none; border: inherit; width: 116px; text-align: center; "> 2,0 </td> \r\n      <td style=" margin: 0px; padding: 5px; list-style: none outside none; border: inherit; width: 202px; text-align: center; "> Фузаріозна коренева гниль, головня </td> </tr> \r\n   <tr style=" margin: 0px; padding: 0px; border-style: inherit; border-width: inherit; border-image: inherit; ">\r\n      <td style=" margin: 0px; padding: 5px; list-style: none outside none; border: inherit; width: 113px; text-align: center; "> Люпин, горох * </td> \r\n      <td style=" margin: 0px; padding: 5px; list-style: none outside none; border: inherit; width: 116px; text-align: center; "> 2,0-3,0 </td> \r\n      <td style=" margin: 0px; padding: 5px; list-style: none outside none; border: inherit; width: 202px; text-align: center; "> Аскохитоз, фузаріоз, антракноз, сіра гнільпліснявіння насіння </td> </tr> \r\n   <tr style=" margin: 0px; padding: 0px; border-style: inherit; border-width: inherit; border-image: inherit; ">\r\n      <td style=" margin: 0px; padding: 5px; list-style: none outside none; border: inherit; width: 113px; text-align: center; "> Газонні трави * </td> \r\n      <td style=" margin: 0px; padding: 5px; list-style: none outside none; border: inherit; width: 116px; text-align: center; "> _ </td> \r\n      <td style=" margin: 0px; padding: 5px; list-style: none outside none; border: inherit; width: 202px; text-align: center; "> Снігова пліснява, борошниста роса, фузаріоз </td> \r\n      <td colspan=" 1 " style=" margin: 0px; padding: 5px; list-style: none outside none; border: inherit; width: 210px; text-align: center; "> Ранньою весною профілактично і при перших ознаках хвороб </td> </tr> \r\n   <tr style=" margin: 0px; padding: 0px; border-style: inherit; border-width: inherit; border-image: inherit; ">\r\n      <td style=" margin: 0px; padding: 5px; list-style: none outside none; border: inherit; width: 113px; text-align: center; "> Смородина, агрус * </td> \r\n      <td style=" margin: 0px; padding: 5px; list-style: none outside none; border: inherit; width: 116px; text-align: center; "> _ </td> \r\n      <td style=" margin: 0px; padding: 5px; list-style: none outside none; border: inherit; width: 202px; text-align: center; "> Борошниста роса </td> \r\n      <td colspan=" 1 " style=" margin: 0px; padding: 5px; list-style: none outside none; border: inherit; width: 210px; text-align: center; "> Обприскування в період вегетації культури </td> </tr> \r\n   <tr style=" margin: 0px; padding: 0px; border-style: inherit; border-width: inherit; border-image: inherit; ">\r\n      <td style=" margin: 0px; padding: 5px; list-style: none outside none; border: inherit; width: 113px; text-align: center; "> Капуста * </td> \r\n      <td style=" margin: 0px; padding: 5px; list-style: none outside none; border: inherit; width: 116px; text-align: center; "> _ </td> \r\n      <td style=" margin: 0px; padding: 5px; list-style: none outside none; border: inherit; width: 202px; text-align: center; "> Кила </td> \r\n      <td colspan=" 1 " style=" margin: 0px; padding: 5px; list-style: none outside none; border: inherit; width: 210px; text-align: center; "> До 5 л готового розчину на 10 м, полив грунту перед висадкою розсади </td> </tr> </tbody> </table>\r\n\r\n<p> <b> </b></p><p><font color="#777777" face="Roboto, Arial, sans-serif">*До відома споживача. Світовий досвід застосування аналогічного препарату</font><br></p><p><b>Максимальна кількість обробок </b> - 2 </p>\r\nПеріод очікування до збору врожаю зернових - 30 днів, цукрових буряків - 30 кольорів - 5, на інших культурах - не встановлюється.<p></p><p>\r\n</p><p> <b> Норма витрати робочого розчину </b> - 200 - 300 л / га. Фундазім використовується для обприскування рослин в період вегетації, протруювання насіння і садивного матеріалу, знезараження грунту. </p>\r\n<p>Перед застосування необхідно зробити матковий розчин препарату. Після чого бак обприскувача заливають водою на 1/3 частину об\'єму, вмикають режим змішування і додають необхідну кількість препарату. Доливають бак обприскувача до повного об\'єму при ввімкненому режимі змішування. При внесенні препарату режим змішування має бути постійно включений з метою підтримки робочого розчину в однорідному стані.</p><p>Обробку доцільно проводити при температурі в межах від +15 до + 24 ° С. Важливим фактором для ефективної дії препарату є якість покриття під час обприскування (достатнє змочування всієї поверхні листя без стікання робочого розчину з обробленої поверхні).</p><p></p>', NULL, NULL, NULL, 'uk'),
	(264, 134, 'Уникаль Фунгицид (Фоликур 250 EW)', '<p><span style="color: rgb(119, 119, 119); font-family: Roboto, Arial, sans-serif;">Высокоэффективный фунгицид системного действия для обработки посевов рапса и зерновых колосовых культур от широкого спектра возбудителей грибковых болезней</span><br></p>', '<p style="margin-top: 8px; margin-bottom: 8px; padding: 0px; border: 0px; color: rgb(119, 119, 119); font-family: Roboto, Arial, sans-serif;"><strong style="margin: 0px; padding: 0px; border: 0px;">Препаративная форма: </strong>концентрат суспензии.</p><p style="margin-top: 8px; margin-bottom: 8px; padding: 0px; border: 0px; color: rgb(119, 119, 119); font-family: Roboto, Arial, sans-serif;"><strong style="margin: 0px; padding: 0px; border: 0px;">Химическая группа: </strong>производные триазолов<strong style="margin: 0px; padding: 0px; border: 0px;">.</strong></p><p style="margin-top: 8px; margin-bottom: 8px; padding: 0px; border: 0px; color: rgb(119, 119, 119); font-family: Roboto, Arial, sans-serif;"><strong style="margin: 0px; padding: 0px; border: 0px;">Совместимость: </strong>можно смешивать со многими гербицидами, регуляторами роста, жидкими удобрениями, инсектицидами, а также с другими контактными и системными фунгицидами. Перед приготовлением рабочего раствора целесообразно проверить его на совместимость.</p><p style="margin-top: 8px; margin-bottom: 8px; padding: 0px; border: 0px; color: rgb(119, 119, 119); font-family: Roboto, Arial, sans-serif;"><strong style="margin: 0px; padding: 0px; border: 0px;">Механизм действия: </strong>системное действие. Тебуконазол быстро поглощается растениями через вегетативные органы и, перемещаясь преимущественно акропетально (снизу вверх), равномерно распределяется в центральной части стебля. Действие тебуконазола проявляется в угнетении синтеза эргостерола в мембранах клеток грибов-патогенов, что приводит к их отмиранию.</p><p style="margin-top: 8px; margin-bottom: 8px; padding: 0px; border: 0px; color: rgb(119, 119, 119); font-family: Roboto, Arial, sans-serif;"><strong style="margin: 0px; padding: 0px; border: 0px;">Спектр действия: </strong>альтернариоз, цилиндроспороз рапса, мучнистая роса, твердая, летучая и каменная головни пшеницы, корневые гнили, плесневение семян, пятнистости листьев.</p><table border="1" style="margin: auto; padding: 0px; border-width: 1px; border-style: solid; border-color: inherit; border-image: initial; table-layout: fixed; width: 849px; word-wrap: break-word; color: rgb(119, 119, 119); font-family: Roboto, Arial, sans-serif; background-color: rgb(255, 255, 255);"><tbody style="margin: 0px; padding: 0px; border-style: inherit; border-width: inherit; border-image: inherit;"><tr style="margin: 0px; padding: 0px; border-style: inherit; border-width: inherit; border-image: inherit;"><td style="margin: 0px; padding: 5px; list-style: none outside none; border: inherit; width: 110px; text-align: center;">Культура</td><td style="margin: 0px; padding: 5px; list-style: none outside none; border: inherit; width: 158px; text-align: center;">Норма расхода препарата, л/га</td><td style="margin: 0px; padding: 5px; list-style: none outside none; border: inherit; width: 126px; text-align: center;">Спектр действия</td><td style="margin: 0px; padding: 5px; list-style: none outside none; border: inherit; width: 148px; text-align: center;">Способ, время обработки</td><td style="margin: 0px; padding: 5px; list-style: none outside none; border: inherit; width: 143px; text-align: center;">Максим.кратность обработок </td></tr><tr style="margin: 0px; padding: 0px; border-style: inherit; border-width: inherit; border-image: inherit;"><td style="margin: 0px; padding: 5px; list-style: none outside none; border: inherit; width: 110px; text-align: center;">Рапс</td><td style="margin: 0px; padding: 5px; list-style: none outside none; border: inherit; width: 158px; text-align: center;">0,7-1,0 Норма внесения осенью рассчитывается в зависимости от количества листьев на растении (в 1листок 0,15л / га препарата)</td><td style="margin: 0px; padding: 5px; list-style: none outside none; border: inherit; width: 126px; text-align: center;">Мучнистая роса, фомоз, серая гниль, альтернариоз, цилиндроспороз</td><td style="margin: 0px; padding: 5px; list-style: none outside none; border: inherit; width: 148px; text-align: center;">Опрыскивание в период вегетации культуры</td><td colspan="1" rowspan="2" style="margin: 0px; padding: 5px; list-style: none outside none; border: inherit; width: 143px; text-align: center;">2</td></tr><tr style="margin: 0px; padding: 0px; border-style: inherit; border-width: inherit; border-image: inherit;"><td style="margin: 0px; padding: 5px; list-style: none outside none; border: inherit; width: 110px; text-align: center;">Зерновые колосовые культуры</td><td style="margin: 0px; padding: 5px; list-style: none outside none; border: inherit; width: 158px; text-align: center;">0,7-1,0</td><td style="margin: 0px; padding: 5px; list-style: none outside none; border: inherit; width: 126px; text-align: center;">Мучнистая роса, ржавчина, септориоз листьев и колоса, фузариоз колоса</td><td style="margin: 0px; padding: 5px; list-style: none outside none; border: inherit; width: 148px; text-align: center;">Опрыскивание с начала кущения до конца колошения</td></tr><tr style="margin: 0px; padding: 0px; border-style: inherit; border-width: inherit; border-image: inherit;"><td style="margin: 0px; padding: 5px; list-style: none outside none; border: inherit; width: 110px; text-align: center;">Виноград*</td><td style="margin: 0px; padding: 5px; list-style: none outside none; border: inherit; width: 158px; text-align: center;">0,4</td><td style="margin: 0px; padding: 5px; list-style: none outside none; border: inherit; width: 126px; text-align: center;">Оидиум</td><td colspan="1" rowspan="2" style="margin: 0px; padding: 5px; list-style: none outside none; border: inherit; width: 148px; text-align: center;">Опрыскивание в период вегетации</td><td style="margin: 0px; padding: 5px; list-style: none outside none; border: inherit; width: 143px; text-align: center;">3</td></tr><tr style="margin: 0px; padding: 0px; border-style: inherit; border-width: inherit; border-image: inherit;"><td style="margin: 0px; padding: 5px; list-style: none outside none; border: inherit; width: 110px; text-align: center;">Соя*</td><td style="margin: 0px; padding: 5px; list-style: none outside none; border: inherit; width: 158px; text-align: center;">1,0</td><td style="margin: 0px; padding: 5px; list-style: none outside none; border: inherit; width: 126px; text-align: center;">Борошниста роса, антракноз, іржа</td><td style="margin: 0px; padding: 5px; list-style: none outside none; border: inherit; width: 143px; text-align: center;">2</td></tr></tbody></table><p style="margin-top: 8px; margin-bottom: 8px; padding: 0px; border: 0px; color: rgb(119, 119, 119); font-family: Roboto, Arial, sans-serif;">*<em style="margin: 0px; padding: 0px; border: 0px;">К сведению потребителя. Мировой опыт применения аналогичного препарата</em><br></p><p style="margin-top: 8px; margin-bottom: 8px; padding: 0px; border: 0px; color: rgb(119, 119, 119); font-family: Roboto, Arial, sans-serif;"><strong style="margin: 0px; padding: 0px; border: 0px;">Норма расхода рабочего раствора</strong> - 200 - 300 л/га. Опрыскивание необходимо провести при появлении первых признаков болезни растения. Важным фактором для эффективного действия препарата является качество покрытия во время опрыскивания (достаточное смачивание всей поверхности листьев без стекания рабочего раствора с обработанной поверхности).</p><p style="margin-top: 8px; margin-bottom: 8px; padding: 0px; border: 0px; color: rgb(119, 119, 119); font-family: Roboto, Arial, sans-serif;">Качество приготовления рабочего раствора, баковая смесь с жидкими азотными удобрениями, своевременное проведение защитных мероприятий, благоприятные погодные условия повышают эффективность действия препарата.</p>', NULL, NULL, NULL, 'ru'),
	(265, 134, 'Унікальна Фунгіцид (Фолікур 250 EW)', '<p>Високоефективний фунгіцид системної дії для обробки посівів ріпаку та зернових колосових культур від широкого спектру збудників грибкових хвороб<br></p>', '<p> <b> Діюча речовина: </b> Тебуконазол 250 г/л </p>\r\n<p> <b> Препаративна форма: </b> Концентрат суспензії </p>\r\n<p> <b> Хімічна група: </b> Похідні триазолів </p>\r\n<p> <b> Механізм дії: </b> Системна дія. Тебуконазол швидко поглинається рослинами через вегетативні органи та, переміщуючись переважно акропетально, рівномірно розподіляється у центральній частині стебла. Дія тебуконазолу проявляється в пригніченні синтезу ергостеролу в мембранах клітин грибів-патогенів, що призводить до їх відмирання </p>\r\n<p> <b> Спектр дії: </b> Борошниста роса, фомоз, сіра гниль, альтернаріоз, циліндроспороз, іржа, септоріоз листя і колосу, фузаріоз колосу </p>\r\n<table border="1" style="margin: auto; padding: 0px; border-width: 1px; border-style: solid; border-color: inherit; border-image: initial; table-layout: fixed; width: 849px; word-wrap: break-word; color: rgb (119, 119, 119); font-family: Roboto, Arial, sans-serif; background-color: rgb (255, 255, 255); ">\r\n<tbody style="margin: 0px; padding: 0px; border-style: inherit; border-width: inherit; border-image: inherit;">\r\n   <tr style="margin: 0px; padding: 0px; border-style: inherit; border-width: inherit; border-image: inherit; ">\r\n      <td style=" margin: 0px; padding: 5px; list-style: none outside none; border: inherit; width: 110px; text-align: center; "> Культура </td> \r\n      <td style="margin: 0px; padding: 5px; list-style: none outside none; border: inherit; width: 158px; text-align: center;"> Норма витрати препарату, л / га </td> \r\n      <td style="margin: 0px; padding: 5px; list-style: none outside none; border: inherit; width: 126px; text-align: center;">\r\n         Спектр дії </td> \r\n         <td style="margin: 0px; padding: 5px; list-style: none outside none; border: inherit; width: 148px; text-align: center; ">\r\n         Спосіб, час обробки </td> \r\n      <td style=" margin: 0px; padding: 5px; list-style: none outside none; border: inherit; width: 143px; text-align: center; "> Максім.кратность обробок&nbsp;</td> </tr> \r\n   <tr style=" margin: 0px; padding: 0px; border-style: inherit; border-width: inherit; border-image: inherit; ">\r\n      <td style=" margin: 0px; padding: 5px; list-style: none outside none; border: inherit; width: 110px; text-align: center; "> Ріпак </td> \r\n      <td style=" margin: 0px; padding: 5px; list-style: none outside none; border: inherit; width: 158px; text-align: center; "> 0,7-1,0 Норма внесення восени розраховується залежно від кількості листків на рослині (в 1лісток 0,15л / га препарату) </td> \r\n      <td style=" margin: 0px; padding: 5px; list-style: none outside none; border: inherit; width: 126px; text-align: center; "> Борошниста роса, фомоз, сіра гниль, альтернаріоз, ціліндроспороз </td> \r\n      <td style=" margin: 0px; padding: 5px; list-style: none outside none; border: inherit; width: 148px; text-align: center; "> Обприскування в період вегетації культури </td> \r\n      <td colspan=" 1 " rowspan=" 2 " style=" margin: 0px; padding: 5px; list-style: none outside none; border: inherit; width: 143px; text-align: center; "> 2 </td> </tr> \r\n   <tr style=" margin: 0px; padding: 0px; border-style: inherit; border-width: inherit; border-image: inherit; ">\r\n      <td style=" margin: 0px; padding: 5px; list-style: none outside none; border: inherit; width: 110px; text-align: center; "> Зернові колосові культури </td> \r\n      <td style=" margin: 0px; padding: 5px; list-style: none outside none; border: inherit; width: 158px; text-align: center; "> 0,7-1,0 </td> \r\n      <td style=" margin: 0px; padding: 5px; list-style: none outside none; border: inherit; width: 126px; text-align: center; "> Борошниста роса, іржа, септоріоз листя та колоса, фузаріоз колоса </td> \r\n      <td style=" margin: 0px; padding: 5px; list-style: none outside none; border: inherit; width: 148px; text-align: center; "> Обприскування з початку кущення до кінця колосіння </td> </tr> \r\n   <tr style=" margin: 0px; padding: 0px; border-style: inherit; border-width: inherit; border-image: inherit; ">\r\n      <td style=" margin: 0px; padding: 5px; list-style: none outside none; border: inherit; width: 110px; text-align: center; "> Виноград * </td> \r\n      <td style=" margin: 0px; padding: 5px; list-style: none outside none; border: inherit; width: 158px; text-align: center; "> 0,4 ​​</td> \r\n      <td style=" margin: 0px; padding: 5px; list-style: none outside none; border: inherit; width: 126px; text-align: center; "> Оїдіум </td> \r\n      <td colspan=" 1 " rowspan=" 2 " style=" margin: 0px; padding: 5px; list-style: none outside none; border: inherit; width: 148px; text-align: center; "> Обприскування в період вегетації </td> \r\n      <td style=" margin: 0px; padding: 5px; list-style: none outside none; border: inherit; width: 143px; text-align: center; "> 3 </td> </tr> \r\n   <tr style=" margin: 0px; padding: 0px; border-style: inherit; border-width: inherit; border-image: inherit; ">\r\n      <td style=" margin: 0px; padding: 5px; list-style: none outside none; border: inherit; width: 110px; text-align: center; "> Соя * </td> \r\n      <td style=" margin: 0px; padding: 5px; list-style: none outside none; border: inherit; width: 158px; text-align: center; "> 1,0 </td> \r\n      <td style=" margin: 0px; padding: 5px; list-style: none outside none; border: inherit; width: 126px; text-align: center; "> Борошніста роса, антракноз, іржа </td> \r\n      <td style=" margin: 0px; padding: 5px; list-style: none outside none; border: inherit; width: 143px; text-align: center; "> 2 </td> </tr> </tbody></table>\r\n<p> <b> </b></p><p><span style="color: rgb(119, 119, 119); font-family: Roboto, Arial, sans-serif;">*До відома споживача. Світовий досвід застосування аналогічного препарату</span><br></p><p><b>Сумісність: </b> Сумісний з іншими пестицидами та агрохімікатами, окрім лужних. Однак перед приготуванням бакової суміші пестицидів необхідно перевірити препарати на сумісність </p>\r\n<p> <b> Максимальна кількість обробок </b> -  2</p>\r\n<p> <b> Норма витрати робочого розчину </b> -  200-300 л/га.<b>&nbsp;</b>Обприскування необхідно проводити при появі перших ознак хвороби рослин. Важливим фактором для ефективної дії препарату є якість покриття під час обприскування (достатнє змочування всієї поверхні листя без стікання робочого розчину з обробленої поверхні). Також, дуже важливим фактором при застосуванні на посівах озимого ріпаку є врахування кількості листочків та інтенсивність їх росту, який проходить швидкими темпами, та розвиток і ураженість хворобами, тоді норми витрати препарату потрібно збільшити до максимальних (1,0 л/га) при застосуванні в осінній період. При використанні в цей період припиняється наростання наземної частини, але при цьому фотосинтез продовжується, що сприяє нагромадженню пластичних речовин в корені, забезпечує ріст потужної добро розвиненої кореневої системи, що покращує зимостійкіть. </p><p>Якість приготування робочого розчину, бакова суміш з рідкими азотними добривами, своєчасне проведення захисних заходів, сприятливі погодні  умови підвищують ефективність дії препарату</p>', NULL, NULL, NULL, 'uk'),
	(266, 135, 'Захисник Фунгицид (Топсин М)', '<p>Захисник аналог фунгицида Топсин М.</p><p>Фунгицид системного действия против широкого спектра болезней растений.</p>', '<p style="margin-top: 8px; margin-bottom: 8px; padding: 0px; border: 0px; color: rgb(119, 119, 119); font-family: Roboto, Arial, sans-serif;"><strong style="margin: 0px; padding: 0px; border: 0px;">Препаративная форма:&nbsp;</strong>концентрат суспензии</p><p style="margin-top: 8px; margin-bottom: 8px; padding: 0px; border: 0px; color: rgb(119, 119, 119); font-family: Roboto, Arial, sans-serif;"><strong style="margin: 0px; padding: 0px; border: 0px;">Химическая группа:&nbsp;</strong>бензимидазолы</p><p style="margin-top: 8px; margin-bottom: 8px; padding: 0px; border: 0px; color: rgb(119, 119, 119); font-family: Roboto, Arial, sans-serif;"><strong style="margin: 0px; padding: 0px; border: 0px;">Механизм действия:&nbsp;</strong>системный фунгицид защитного и терапевтического действия. Действующее вещество сорбируется надземными вегетативными органами растений, распространяется по сосудистой системе акропетально (снизу вверх), тормозит деление клеточного ядра, уменьшает рост гриба и останавливает дыхание и, как следствие, задерживает выработку микотоксинов.</p><p style="margin-top: 8px; margin-bottom: 8px; padding: 0px; border: 0px; color: rgb(119, 119, 119); font-family: Roboto, Arial, sans-serif;"><strong style="margin: 0px; padding: 0px; border: 0px;">Спектр действия:</strong>&nbsp;оидиум, гниль серая, фузариоз, альтернариоз, мучнистая роса, серая гниль, гнили, пятнистости</p><table border="1" style="margin: auto; padding: 0px; border-width: 1px; border-style: solid; border-color: inherit; border-image: initial; table-layout: fixed; width: 849px; word-wrap: break-word; color: rgb(119, 119, 119); font-family: Roboto, Arial, sans-serif; background-color: rgb(255, 255, 255);">\r\n   <tbody style="margin: 0px; padding: 0px; border-style: inherit; border-width: inherit; border-image: inherit;">\r\n      <tr style="margin: 0px; padding: 0px; border-style: inherit; border-width: inherit; border-image: inherit;">\r\n         <td style="margin: 0px; padding: 5px; list-style: none outside none; border: inherit; width: 96px;">Культура</td>\r\n         <td style="margin: 0px; padding: 5px; list-style: none outside none; border: inherit; width: 81px;">Норма расхода препарата, л/га</td>\r\n         <td style="margin: 0px; padding: 5px; list-style: none outside none; border: inherit; width: 270px;">Спектр действия</td>\r\n         <td style="margin: 0px; padding: 5px; list-style: none outside none; border: inherit; width: 193px;">Способ, время обработки</td>\r\n      </tr>\r\n      <tr style="margin: 0px; padding: 0px; border-style: inherit; border-width: inherit; border-image: inherit;">\r\n         <td style="margin: 0px; padding: 5px; list-style: none outside none; border: inherit; width: 96px;">Виноград</td>\r\n         <td colspan="1" style="margin: 0px; padding: 5px; list-style: none outside none; border: inherit; width: 81px;">\r\n            <p style="margin-top: 8px; margin-bottom: 8px; padding: 0px; border: 0px;">1,5-2,0</p>\r\n         </td>\r\n         <td colspan="1" style="margin: 0px; padding: 5px; list-style: none outside none; border: inherit; width: 270px;">Оидиум, серая гниль</td>\r\n         <td colspan="1" style="margin: 0px; padding: 5px; list-style: none outside none; border: inherit; width: 193px;">Опрыскивание в период вегетации культуры<br></td>\r\n      </tr>\r\n      <tr style="margin: 0px; padding: 0px; border-style: inherit; border-width: inherit; border-image: inherit;">\r\n         <td colspan="1" rowspan="1" style="margin: 0px; padding: 5px; list-style: none outside none; border: inherit; width: 96px;">Лук</td>\r\n         <td colspan="1" rowspan="1" style="margin: 0px; padding: 5px; list-style: none outside none; border: inherit; width: 81px;">1,0-1,2</td>\r\n         <td colspan="1" rowspan="1" style="margin: 0px; padding: 5px; list-style: none outside none; border: inherit; width: 270px;">Фузариоз, альтернариоз, мучнистая роса, серая гниль</td>\r\n         <td colspan="1" style="margin: 0px; padding: 5px; list-style: none outside none; border: inherit; width: 193px;">Опрыскивание в период вегетации культуры</td>\r\n      </tr>\r\n      <tr style="margin: 0px; padding: 0px; border-style: inherit; border-width: inherit; border-image: inherit;">\r\n         <td style="margin: 0px; padding: 5px; list-style: none outside none; border: inherit; width: 96px;">Огурцы</td>\r\n         <td colspan="1" style="margin: 0px; padding: 5px; list-style: none outside none; border: inherit; width: 81px;">1,2-1,5</td>\r\n         <td colspan="1" rowspan="2" style="margin: 0px; padding: 5px; list-style: none outside none; border: inherit; width: 270px;">Гнили, пятнистости, мучнистая роса</td>\r\n         <td colspan="1" rowspan="2" style="margin: 0px; padding: 5px; list-style: none outside none; border: inherit; width: 193px;">Опрыскивание в период вегетации культуры(профилактически и при первых признаках болезни)</td>\r\n      </tr>\r\n      <tr style="margin: 0px; padding: 0px; border-style: inherit; border-width: inherit; border-image: inherit;">\r\n         <td style="margin: 0px; padding: 5px; list-style: none outside none; border: inherit; width: 96px;">Огурцы закрытого грунта*</td>\r\n         <td colspan="1" style="margin: 0px; padding: 5px; list-style: none outside none; border: inherit; text-align: center; width: 81px;">_</td>\r\n      </tr>\r\n      <tr style="margin: 0px; padding: 0px; border-style: inherit; border-width: inherit; border-image: inherit;">\r\n         <td style="margin: 0px; padding: 5px; list-style: none outside none; border: inherit; width: 96px;">Пшеница</td>\r\n         <td colspan="1" style="margin: 0px; padding: 5px; list-style: none outside none; border: inherit; width: 81px;">1,2-1,5</td>\r\n         <td colspan="1" style="margin: 0px; padding: 5px; list-style: none outside none; border: inherit; width: 270px;">Фузариозная корневая гниль, бурая ржавчина, септориоз, мучнистая роса</td>\r\n         <td colspan="1" style="margin: 0px; padding: 5px; list-style: none outside none; border: inherit; width: 193px;">Опрыскивание в фазе кущения и в начале колошения</td>\r\n      </tr>\r\n      <tr style="margin: 0px; padding: 0px; border-style: inherit; border-width: inherit; border-image: inherit;">\r\n         <td style="margin: 0px; padding: 5px; list-style: none outside none; border: inherit; width: 96px;">Подсолнечник</td>\r\n         <td colspan="1" style="margin: 0px; padding: 5px; list-style: none outside none; border: inherit; width: 81px;">1,2-1,5</td>\r\n         <td colspan="1" style="margin: 0px; padding: 5px; list-style: none outside none; border: inherit; width: 270px;">Вертицилезу, фомопсис, фомоз, белая гниль</td>\r\n         <td colspan="1" style="margin: 0px; padding: 5px; list-style: none outside none; border: inherit; width: 193px;">Опрыскивание в период вегетации культуры</td>\r\n      </tr>\r\n      <tr style="margin: 0px; padding: 0px; border-style: inherit; border-width: inherit; border-image: inherit;">\r\n         <td style="margin: 0px; padding: 5px; list-style: none outside none; border: inherit; width: 96px;">Ячмень (яровой, озимый)</td>\r\n         <td colspan="1" style="margin: 0px; padding: 5px; list-style: none outside none; border: inherit; width: 81px;">1,4-1,5</td>\r\n         <td colspan="1" style="margin: 0px; padding: 5px; list-style: none outside none; border: inherit; width: 270px;">Гельминтоспориоз, мучнистая роса</td>\r\n         <td colspan="1" style="margin: 0px; padding: 5px; list-style: none outside none; border: inherit; width: 193px;">Опрыскивание в период вегетации культуры</td>\r\n      </tr>\r\n      <tr style="margin: 0px; padding: 0px; border-style: inherit; border-width: inherit; border-image: inherit;">\r\n         <td style="margin: 0px; padding: 5px; list-style: none outside none; border: inherit; width: 96px;">Свекла сахарная</td>\r\n         <td colspan="1" style="margin: 0px; padding: 5px; list-style: none outside none; border: inherit; width: 81px;">1,0-1,2</td>\r\n         <td colspan="1" style="margin: 0px; padding: 5px; list-style: none outside none; border: inherit; width: 270px;">Мучнистая роса, церкоспороз</td>\r\n         <td colspan="1" style="margin: 0px; padding: 5px; list-style: none outside none; border: inherit; width: 193px;">Опрыскивание в период вегетации культуры</td>\r\n      </tr>\r\n      <tr style="margin: 0px; padding: 0px; border-style: inherit; border-width: inherit; border-image: inherit;">\r\n         <td style="margin: 0px; padding: 5px; list-style: none outside none; border: inherit; width: 96px;">Яблоня, груша*</td>\r\n         <td colspan="1" style="margin: 0px; padding: 5px; list-style: none outside none; border: inherit; width: 81px;">1,4-1,6</td>\r\n         <td colspan="1" rowspan="2" style="margin: 0px; padding: 5px; list-style: none outside none; border: inherit; width: 270px;">Монилиоз, курчавость листьев, парша, мучнистая роса</td>\r\n         <td colspan="1" rowspan="2" style="margin: 0px; padding: 5px; list-style: none outside none; border: inherit; width: 193px;">Опрыскивание в период вегетации культуры(профилактически и при первых признаках болезни)</td>\r\n      </tr>\r\n      <tr style="margin: 0px; padding: 0px; border-style: inherit; border-width: inherit; border-image: inherit;">\r\n         <td style="margin: 0px; padding: 5px; list-style: none outside none; border: inherit; width: 96px;">Персик*</td>\r\n         <td colspan="1" style="margin: 0px; padding: 5px; list-style: none outside none; border: inherit; width: 81px;">3,9</td>\r\n      </tr>\r\n      <tr style="margin: 0px; padding: 0px; border-style: inherit; border-width: inherit; border-image: inherit;">\r\n         <td style="margin: 0px; padding: 5px; list-style: none outside none; border: inherit; width: 96px;">Баклажаны*</td>\r\n         <td colspan="1" style="margin: 0px; padding: 5px; list-style: none outside none; border: inherit; text-align: center; width: 81px;">_</td>\r\n         <td colspan="1" style="margin: 0px; padding: 5px; list-style: none outside none; border: inherit; width: 270px;">Вертицилез, фузариоз, черная пятнистость, мучнистая роса, белая гниль, серая гниль</td>\r\n         <td colspan="1" rowspan="5" style="margin: 0px; padding: 5px; list-style: none outside none; border: inherit; width: 193px;">Опрыскивание в период вегетации культуры (профилактически и при первых признаках болезни)</td>\r\n      </tr>\r\n      <tr style="margin: 0px; padding: 0px; border-style: inherit; border-width: inherit; border-image: inherit;">\r\n         <td style="margin: 0px; padding: 5px; list-style: none outside none; border: inherit; width: 96px;">Перец*</td>\r\n         <td colspan="1" style="margin: 0px; padding: 5px; list-style: none outside none; border: inherit; text-align: center; width: 81px;">_</td>\r\n         <td colspan="1" style="margin: 0px; padding: 5px; list-style: none outside none; border: inherit; width: 270px;">Антракноз, мучнистая роса, белая гниль, серая гниль</td>\r\n      </tr>\r\n      <tr style="margin: 0px; padding: 0px; border-style: inherit; border-width: inherit; border-image: inherit;">\r\n         <td style="margin: 0px; padding: 5px; list-style: none outside none; border: inherit; width: 96px;">Фасоль*</td>\r\n         <td colspan="1" style="margin: 0px; padding: 5px; list-style: none outside none; border: inherit; text-align: center; width: 81px;">_</td>\r\n         <td colspan="1" style="margin: 0px; padding: 5px; list-style: none outside none; border: inherit; width: 270px;">Белая гниль, серая гниль, серая угловатая гниль</td>\r\n      </tr>\r\n      <tr style="margin: 0px; padding: 0px; border-style: inherit; border-width: inherit; border-image: inherit;">\r\n         <td style="margin: 0px; padding: 5px; list-style: none outside none; border: inherit; width: 96px;">Вишня*</td>\r\n         <td colspan="1" style="margin: 0px; padding: 5px; list-style: none outside none; border: inherit; text-align: center; width: 81px;">_</td>\r\n         <td colspan="1" style="margin: 0px; padding: 5px; list-style: none outside none; border: inherit; width: 270px;">Коккомикоз, курчавость листьев, парша, мучнистая роса</td>\r\n      </tr>\r\n      <tr style="margin: 0px; padding: 0px; border-style: inherit; border-width: inherit; border-image: inherit;">\r\n         <td style="margin: 0px; padding: 5px; list-style: none outside none; border: inherit; width: 96px;">Смородина черная*</td>\r\n         <td colspan="1" style="margin: 0px; padding: 5px; list-style: none outside none; border: inherit; text-align: center; width: 81px;">_</td>\r\n         <td colspan="1" style="margin: 0px; padding: 5px; list-style: none outside none; border: inherit; width: 270px;">Мучнистая роса, антрокноз</td>\r\n      </tr>\r\n   </tbody>\r\n</table><p style="margin-top: 8px; margin-bottom: 8px; padding: 0px; border: 0px; color: rgb(119, 119, 119); font-family: Roboto, Arial, sans-serif;"><strong style="margin: 0px; padding: 0px; border: 0px;">*</strong><em style="margin: 0px; padding: 0px; border: 0px;">Мировой опыт применения</em><strong style="margin: 0px; padding: 0px; border: 0px;">&nbsp;</strong></p><p style="margin-top: 8px; margin-bottom: 8px; padding: 0px; border: 0px; color: rgb(119, 119, 119); font-family: Roboto, Arial, sans-serif;"><strong style="margin: 0px; padding: 0px; border: 0px;">Совместимость:</strong>&nbsp;совместим с другими средствами защиты растений и жидкими удобрениями, кроме щелочных. Однако перед приготовлением баковой смеси пестицидов необходимо проверить препараты на совместимость</p><p style="margin-top: 8px; margin-bottom: 8px; padding: 0px; border: 0px; color: rgb(119, 119, 119); font-family: Roboto, Arial, sans-serif;"><strong style="margin: 0px; padding: 0px; border: 0px;">Максимальное количество обработок</strong>&nbsp;- 3.</p><p style="margin-top: 8px; margin-bottom: 8px; padding: 0px; border: 0px; color: rgb(119, 119, 119); font-family: Roboto, Arial, sans-serif;"><strong style="margin: 0px; padding: 0px; border: 0px;">Норма расхода рабочего раствора</strong>&nbsp;- виноградники - 500-800 л/га, полевые культуры - 200-300 л/га, плодовые насаждения - 500-1000 л/га&nbsp;</p><p style="margin-top: 8px; margin-bottom: 8px; padding: 0px; border: 0px; color: rgb(119, 119, 119); font-family: Roboto, Arial, sans-serif;"><strong style="margin: 0px; padding: 0px; border: 0px;">Особенности применения:</strong>&nbsp;опрыскивание необходимо проводить профилактически для предупреждения появления заболеваний или при наличии первых признаков поражения. Своевременность проведения защитных мероприятий, высокое качество проведения технологий внесения препарата, благоприятные погодные условия (отсутствие атмосферных осадков, значительная росы, температура воздуха от 15 до 25 ° С) является залогом получения хороших урожаев</p>', NULL, NULL, NULL, 'ru'),
	(267, 135, 'Захисник Фунгіцид (Топсин М)', '<p>Захисник аналог фунгіциду Топсин М.</p><p>Фунгіцид системної дії проти широкого спектру хвороб рослин</p>', '<p> <b> Діюча речовина: </b> Тіофанат-метил 500 г/л </p>\r\n<p> <b> Препаративна форма: </b> Концентрат суспензії </p>\r\n<p> <b> Хімічна група: </b> Бензимідазоли </p>\r\n<p> <b> Механізм дії: </b> Системний фунгіцид захисної та терапевтичної дії. Діюча речовина сорбується надземними вегетативними органами рослин, поширюється по судинній системі акропетально знизу вгору), гальмує поділ клітинного ядра, що зменшує ріст гриба та зупиняє дихання і, як наслідок, затримує продукування мікотоксинів </p>\r\n<p> <b> Спектр дії: </b> Оїдіум, гниль сіра, фузаріоз, альтернаріоз, борошниста роса, сіра гниль, гнилі, плямистості </p>\r\n<table border="1" style="margin: auto; padding: 0px; border-width: 1px; border-style: solid; border-color: inherit; border-image: initial; table-layout: fixed; width: 849px; word-wrap: break-word; color: rgb(119, 119, 119); font-family: Roboto, Arial, sans-serif; background-color: rgb(255, 255, 255);">\r\n<tbody style="margin: 0px; padding: 0px; border-style: inherit; border-width: inherit; border-image: inherit;">\r\n         \r\n   <tr style="margin: 0px; padding: 0px; border-style: inherit; border-width: inherit; border-image: inherit;">\r\n               \r\n      <td style="margin: 0px; padding: 5px; list-style: none outside none; border: inherit; width: 96px;"> Культура </td>\r\n                  \r\n      <td style="margin: 0px; padding: 5px; list-style: none outside none; border: inherit; width: 81px;"> Норма витрати препарату, л / га </td>\r\n                  \r\n      <td style="margin: 0px; padding: 5px; list-style: none outside none; border: inherit; width: 270px;"> Спектр дії </td>\r\n                  \r\n      <td style="margin: 0px; padding: 5px; list-style: none outside none; border: inherit; width: 193px;"> Спосіб, час обробки </td>\r\n               </tr>\r\n               \r\n   <tr style="margin: 0px; padding: 0px; border-style: inherit; border-width: inherit; border-image: inherit;">\r\n               \r\n      <td style="margin: 0px; padding: 5px; list-style: none outside none; border: inherit; width: 96px;"> Виноград </td>\r\n                  \r\n      <td colspan="1" style="margin: 0px; padding: 5px; list-style: none outside none; border: inherit; width: 81px;">\r\n                     \r\n         <p style="margin-top: 8px; margin-bottom: 8px; padding: 0px; border: 0px;"> 1,5-2,0 <!-- p-->\r\n                     </p></td>\r\n                     \r\n      <td colspan="1" style="margin: 0px; padding: 5px; list-style: none outside none; border: inherit; width: 270px;"> Оїдіум, сіра гниль </td>\r\n                  \r\n      <td colspan="1" style="margin: 0px; padding: 5px; list-style: none outside none; border: inherit; width: 193px;"> Обприскування в період вегетації культури <br> </td>\r\n               </tr>\r\n               \r\n   <tr style="margin: 0px; padding: 0px; border-style: inherit; border-width: inherit; border-image: inherit;">\r\n               \r\n      <td colspan="1" rowspan="1" style="margin: 0px; padding: 5px; list-style: none outside none; border: inherit; width: 96px;"> Лук </td>\r\n                  \r\n      <td colspan="1" rowspan="1" style="margin: 0px; padding: 5px; list-style: none outside none; border: inherit; width: 81px;"> 1,0-1,2 </td>\r\n                  \r\n      <td colspan="1" rowspan="1" style="margin: 0px; padding: 5px; list-style: none outside none; border: inherit; width: 270px;"> Фузариоз, альтернаріоз, борошниста роса, сіра гниль </td>\r\n                  \r\n      <td colspan="1" style="margin: 0px; padding: 5px; list-style: none outside none; border: inherit; width: 193px;"> Обприскування в період вегетації культури </td>\r\n               </tr>\r\n               \r\n   <tr style="margin: 0px; padding: 0px; border-style: inherit; border-width: inherit; border-image: inherit;">\r\n               \r\n      <td style="margin: 0px; padding: 5px; list-style: none outside none; border: inherit; width: 96px;"> Огірки </td>\r\n                  \r\n      <td colspan="1" style="margin: 0px; padding: 5px; list-style: none outside none; border: inherit; width: 81px;"> 1,2-1,5 </td>\r\n                  \r\n      <td colspan="1" rowspan="2" style="margin: 0px; padding: 5px; list-style: none outside none; border: inherit; width: 270px;"> Гнилі, плямистості, борошниста роса <!-- td -->\r\n                  \r\n      </td><td colspan="1" rowspan="2" style="margin: 0px; padding: 5px; list-style: none outside none; border: inherit; width: 193px;"> Обприскування в період вегетації культури (профілактично і при перших ознаках хвороби) </td>\r\n               </tr>\r\n               \r\n   <tr style="margin: 0px; padding: 0px; border-style: inherit; border-width: inherit; border-image: inherit;">\r\n               \r\n      <td style="margin: 0px; padding: 5px; list-style: none outside none; border: inherit; width: 96px;"> Огірки закритого грунту * </td>\r\n                  \r\n      <td colspan="1" style="margin: 0px; padding: 5px; list-style: none outside none; border: inherit; text-align: center; width: 81px;"> _ </td>\r\n               </tr>\r\n               \r\n   <tr style="margin: 0px; padding: 0px; border-style: inherit; border-width: inherit; border-image: inherit;">\r\n               \r\n      <td style="margin: 0px; padding: 5px; list-style: none outside none; border: inherit; width: 96px;"> Пшениця </td>\r\n                  \r\n      <td colspan="1" style="margin: 0px; padding: 5px; list-style: none outside none; border: inherit; width: 81px;"> 1,2-1,5 </td>\r\n                  \r\n      <td colspan="1" style="margin: 0px; padding: 5px; list-style: none outside none; border: inherit; width: 270px;"> Фузаріозна коренева гниль, бура іржа, септоріоз, борошниста роса <!-- td -->\r\n                  \r\n      </td><td colspan="1" style="margin: 0px; padding: 5px; list-style: none outside none; border: inherit; width: 193px;"> Обприскування у фазі кущіння і на початку колосіння </td>\r\n               </tr>\r\n               \r\n   <tr style="margin: 0px; padding: 0px; border-style: inherit; border-width: inherit; border-image: inherit;">\r\n               \r\n      <td style="margin: 0px; padding: 5px; list-style: none outside none; border: inherit; width: 96px;"> Соняшник </td>\r\n                  \r\n      <td colspan="1" style="margin: 0px; padding: 5px; list-style: none outside none; border: inherit; width: 81px;"> 1,2-1,5 </td>\r\n                  \r\n      <td colspan="1" style="margin: 0px; padding: 5px; list-style: none outside none; border: inherit; width: 270px;"> вертицильозу, фомопсис, фомоз, біла гниль </td>\r\n                  \r\n      <td colspan="1" style="margin: 0px; padding: 5px; list-style: none outside none; border: inherit; width: 193px;"> Обприскування в періодвегетації культури </td> </tr> \r\n   <tr style="margin: 0px; padding: 0px; border-style: inherit; border-width: inherit; border-image: inherit;">\r\n      <td style="margin: 0px; padding: 5px; list-style: none outside none; border: inherit; width: 96px; "> Ячмінь (ярий, озимий) </td> \r\n      <td colspan=" 1 " style=" margin: 0px; padding: 5px; list-style: none outside none; border: inherit; width: 81px; "> 1,4-1,5 </td> \r\n      <td colspan=" 1 " style=" margin: 0px; padding: 5px; list -style: none outside none; border: inherit; width: 270px; "> Гельмінтоспоріоз, борошниста роса </td> \r\n      <td colspan=" 1 " style=" margin: 0px; padding: 5px; list-style: none outside none ; border: inherit; width: 193px; "> Обприскування в період вегетації культури </td> </tr> \r\n   <tr style=" margin: 0px; padding: 0px; border-style: inherit; border-width: inherit; border -image: inherit; ">\r\n      <td style=" margin: 0px; padding: 5px; list-style: none outside none; border: inher it; width: 96px; "> Буряк цукровий </td> \r\n      <td colspan=" 1 " style=" margin: 0px; padding: 5px; list-style: none outside none; border: inherit; width: 81px; "> 1,0-1,2 </td> \r\n      <td colspan=" 1 " style=" margin: 0px; padding: 5px; list-style: none outside none; border: inherit; width: 270px; "> Борошниста роса, церкоспороз </td> \r\n      <td colspan=" 1 " style=" margin: 0px; padding: 5px; list-style: none outside none; border: inherit; width: 193px; "> Обприскування в період вегетації культури </td> </tr> \r\n   <tr style=" margin: 0px; padding: 0px; border-style: inherit; border-width: inherit; border-image: inherit; ">\r\n      <td style=" margin: 0px; padding: 5px; list-style: none outside none; border: inherit; width: 96px; "> Яблуня, груша * </td> \r\n      <td colspan=" 1 " style=" margin: 0px; padding: 5px; list-style: none outside none; border: inherit; width: 81px; "> 1,4-1,6 </td> \r\n      <td colspan=" 1 " rowspan=" 2 " style=" margin: 0px; padding: 5px; list-style: none outside none; border: inherit; width: 270px; "> Моніліоз, курчавость листя, парша, борошниста роса </td> \r\n      <td colspan=" 1 " rowspan=" 2 " style=" margin: 0px; padding: 5px; list-style: none outside none; border: inherit; width: 193px; "> Обприскування в період вегетації культури (профілактично і при перших ознаках хвороби) </td> </tr> \r\n   <tr style=" margin: 0px; padding: 0px; border-style: inherit; border-width: inherit; border-image: inherit; ">\r\n      <td style=" margin: 0px; padding: 5px; list-style: none outside none; border: inherit; width: 96px; "> Персик * </td> \r\n      <td colspan=" 1 " style=" margin: 0px; padding: 5px; list-style: none outside none; border: inherit; width: 81px; "> 3,9 </td> </tr> \r\n   <tr style=" margin: 0px; padding: 0px; border-style: inherit; border-width: inherit; border-image: inherit; ">\r\n      <td style=" margin: 0px; padding: 5px; list-style: none outside none; border: inherit; width: 96px; "> Баклажани * </td> \r\n      <td colspan=" 1 " style=" margin: 0px; padding: 5px; list-style: none outside none; border: inherit; text-align: center; width: 81px; "> _ </td> \r\n      <td colspan=" 1 " style=" margin: 0px; padding: 5px; list-style: none outside none; border: inherit; width: 270px; "> вертицильозу, фузаріоз, чорна плямистість, борошниста роса, біла гниль, сіра гниль </td> \r\n      <td colspan=" 1 " rowspan=" 5 " style=" margin: 0px; padding: 5px; list-style: none outside none; border: inherit; width: 193px; "> Обприскування в період вегетації культури (профілактично і при перших ознаках хвороби) </td> </tr> \r\n   <tr style=" margin: 0px; padding: 0px; border-style: inherit; border-width: inherit; border-image: inherit; ">\r\n      <td style=" margin: 0px; padding: 5px; list-style: none outside none; border: inherit; width: 96px; "> Перець * </td> \r\n      <td colspan=" 1 " style=" margin: 0px; padding: 5px; list-style: none outside none; border: inherit; text-align: center; width: 81px; "> _ </td> \r\n      <td colspan=" 1 " style=" margin: 0px; padding: 5px; list-style: none outside none; border: inherit; width: 270px; "> Антракноз, борошниста роса, біла гниль, сіра гниль </td> </tr> \r\n   <tr style=" margin: 0px; padding: 0px; border-style: inherit; border-width: inherit; border-image: inherit; ">\r\n      <td style=" margin: 0px; padding: 5px; list-style: none outside none; border: inherit; width: 96px; "> Квасоля * </td> \r\n      <td colspan=" 1 " style=" margin: 0px; padding: 5px; list-style: none outside none; border: inherit; text-align: center; width: 81px; "> _ </td> \r\n      <td colspan=" 1 " style=" margin: 0px; padding: 5px; list-style: none outside none; border: inherit; width: 270px; "> Біла гниль, сіра гниль, сіра незграбна гниль </td> </tr> \r\n   <tr style=" margin: 0px; padding: 0px; border-style: inherit; border-width: inherit; border-image: inherit; ">\r\n      <td style=" margin: 0px; padding: 5px; list-style: none outside none; border: inherit; width: 96px; "> Вишня * </td> \r\n      <td colspan=" 1 " style=" margin: 0px; padding: 5px; list-style: none outside none; border: inherit; text-align: center; width: 81px; "> _ </td> \r\n      <td colspan=" 1 " style=" margin: 0px; padding: 5px; list-style: none outside none; border: inherit; width: 270px; "> Коккомікоз, курчавость листя, парша, борошниста роса </td> </tr> \r\n   <tr style=" margin: 0px; padding: 0px; border-style: inherit; border-width: inherit; border-image: inherit; ">\r\n      <td style="margin: 0px; padding: 5px; list-style: none outside none; border: inherit; width: 96px;"> Смородина чорна * </td> \r\n      <td colspan="1" style="margin: 0px; padding: 5px; list-style: none outside none; border: inherit; text-align: center; width: 81px; "> _ </td> \r\n      <td colspan=" 1 " style=" margin: 0px; padding: 5px ; list-style: none outside none; border: inherit; width: 270px; "> Борошниста роса, антрокноз</td></tr></tbody></table><p><span style="margin: 0px; padding: 0px; border: 0px;"><font color="#777777" face="Roboto, Arial, sans-serif">*Світовий досвід застосування</font><span style="color: rgb(119, 119, 119); font-family: Roboto, Arial, sans-serif;"> </span></span><b><br></b></p><p><b>Сумісність: </b> Сумісний з іншими пестицидами та агрохімікатами, окрім лужних. В кожному конкретному випадку необхідно перевіряти препарати на сумісність </p>\r\n<p> <b> Максимальна кількість обробок </b> - 3 </p>\r\n<p> <b> Норма витрати робочого розчину </b> - Виноградники — 500-800 л/га, польові культури — 200-300 л/га, плодові насадження – 500-1000 л/га </p>\r\n<p> <b> Особливості застосування: </b>Обприскування необхідно проводити профілактично для попередження появи захворювань або при наявності перших ознак ураження. Своєчасність проведення захисних заходів, висока якість проведення технологій внесення препарату, сприятливі погодні умови (відсутність атмосферних опадів, значної роси, температура повітря від 15 до 25°С) є запорукою отримання хороших врожаїв </p>', NULL, NULL, NULL, 'uk'),
	(268, 136, 'Захист Фунгицид (Танос)', '<p>Захист аналог фунгицида Танос.\r\n</p><p>Комбинированный фунгицид профилактического и лечебного действия для защиты подсолнечника, овощных культур и винограда от комплекса болезней.</p>', '<p style="margin-top: 8px; margin-bottom: 8px; padding: 0px; border: 0px; color: rgb(119, 119, 119); font-family: Roboto, Arial, sans-serif;"><strong style="margin: 0px; padding: 0px; border: 0px;">Препаративная форма: </strong>смачиваемый порошок </p><p style="margin-top: 8px; margin-bottom: 8px; padding: 0px; border: 0px; color: rgb(119, 119, 119); font-family: Roboto, Arial, sans-serif;"><strong style="margin: 0px; padding: 0px; border: 0px;">Химическая группа: </strong>алкинпроизводные мочевины + производные фениламидов</p><p style="margin-top: 8px; margin-bottom: 8px; padding: 0px; border: 0px; color: rgb(119, 119, 119); font-family: Roboto, Arial, sans-serif;"><strong style="margin: 0px; padding: 0px; border: 0px;">Механизм действия: </strong>трансламинарное и локально-системное действие. Уникальность этого препарата заключается в том, что он состоит из двух действующих веществ, которые в удачном сочетании дополняют друг друга и увеличивают продолжительность защитного и лечебного действия препарата. Цимоксанил проникает через листья, перераспределяется в тканях растений во все ее клетки (трансламинарное действие). Он обладает лечебным и антиспороляционным  действием, останавливает процесс обмена веществ гриба, замедляет и прекращает жизненные процессы, происходящие в клетках. Цимоксанил уничтожает патоген, который начал развиваться, даже через 1-2 дня после заражения. Металаксил являются системными фунгицидом защитной, лечебной и искоренительным  действием. Он подавляет активные постинфекционные стадии развития грибов, предотвращает спорообразования и обеспечивает защиту необработанных частей растений и нового прироста</p><p style="margin-top: 8px; margin-bottom: 8px; padding: 0px; border: 0px; color: rgb(119, 119, 119); font-family: Roboto, Arial, sans-serif;"><strong style="margin: 0px; padding: 0px; border: 0px;">Спектр действия:</strong> фитофтороз, пятнистости, фитофтороз, альтернариоз, макроспориоз, милдью, серая и белая гнили, ложная мучнистая роса, мучнистая роса, фомоз, фомопсис</p><table border="1" style="margin: auto; padding: 0px; border-width: 1px; border-style: solid; border-color: inherit; border-image: initial; table-layout: fixed; width: 849px; word-wrap: break-word; color: rgb(119, 119, 119); font-family: Roboto, Arial, sans-serif; background-color: rgb(255, 255, 255);">\r\n   <tbody style="margin: 0px; padding: 0px; border-style: inherit; border-width: inherit; border-image: inherit;">\r\n      <tr style="margin: 0px; padding: 0px; border-style: inherit; border-width: inherit; border-image: inherit;">\r\n         <td style="margin: 0px; padding: 5px; list-style: none outside none; border: inherit;">Культура</td>\r\n         <td style="margin: 0px; padding: 5px; list-style: none outside none; border: inherit;">Норма расхода препарата, кг/га</td>\r\n         <td style="margin: 0px; padding: 5px; list-style: none outside none; border: inherit;">Спектр действия</td>\r\n         <td style="margin: 0px; padding: 5px; list-style: none outside none; border: inherit;">Способ, время обработки</td>\r\n      </tr>\r\n      <tr style="margin: 0px; padding: 0px; border-style: inherit; border-width: inherit; border-image: inherit;">\r\n         <td style="margin: 0px; padding: 5px; list-style: none outside none; border: inherit;">Томаты</td>\r\n         <td colspan="1" rowspan="2" style="margin: 0px; padding: 5px; list-style: none outside none; border: inherit;">\r\n            <p style="margin-top: 8px; margin-bottom: 8px; padding: 0px; border: 0px;">0,75-2,0*</p>\r\n         </td>\r\n         <td colspan="1" style="margin: 0px; padding: 5px; list-style: none outside none; border: inherit;">Фитофтороз и другие пятнистости</td>\r\n         <td colspan="1" rowspan="3" style="margin: 0px; padding: 5px; list-style: none outside none; border: inherit;">Опрыскивание в период вегетации культуры</td>\r\n      </tr>\r\n      <tr style="margin: 0px; padding: 0px; border-style: inherit; border-width: inherit; border-image: inherit;">\r\n         <td style="margin: 0px; padding: 5px; list-style: none outside none; border: inherit;">Картофель</td>\r\n         <td colspan="1" style="margin: 0px; padding: 5px; list-style: none outside none; border: inherit;">Фитофтороз, альтернариоз, макроспориоз</td>\r\n      </tr>\r\n      <tr style="margin: 0px; padding: 0px; border-style: inherit; border-width: inherit; border-image: inherit;">\r\n         <td colspan="1" rowspan="1" style="margin: 0px; padding: 5px; list-style: none outside none; border: inherit;">Виноград </td>\r\n         <td colspan="1" rowspan="1" style="margin: 0px; padding: 5px; list-style: none outside none; border: inherit;">0,6</td>\r\n         <td colspan="1" rowspan="1" style="margin: 0px; padding: 5px; list-style: none outside none; border: inherit;">Милдью, серая гниль</td>\r\n      </tr>\r\n      <tr style="margin: 0px; padding: 0px; border-style: inherit; border-width: inherit; border-image: inherit;">\r\n         <td style="margin: 0px; padding: 5px; list-style: none outside none; border: inherit;">Подсолнечник</td>\r\n         <td colspan="1" style="margin: 0px; padding: 5px; list-style: none outside none; border: inherit;">0,5-0,8</td>\r\n         <td colspan="1" style="margin: 0px; padding: 5px; list-style: none outside none; border: inherit;">Фомопсис, альтернариоз, пероноспороз, мучнистая роса, фомоз, белая гниль, серая гниль</td>\r\n         <td colspan="1" style="margin: 0px; padding: 5px; list-style: none outside none; border: inherit;">Опрыскивание в период вегетации культуры (при появлении первых признаков заболевания)</td>\r\n      </tr>\r\n   </tbody>\r\n</table><p style="margin-top: 8px; margin-bottom: 8px; padding: 0px; border: 0px; color: rgb(119, 119, 119); font-family: Roboto, Arial, sans-serif;">*К сведению потребителя: при однократном применении</p><p style="margin-top: 8px; margin-bottom: 8px; padding: 0px; border: 0px; color: rgb(119, 119, 119); font-family: Roboto, Arial, sans-serif;"><strong style="margin: 0px; padding: 0px; border: 0px;">Совместимость:</strong> совместим с другими средствами защиты растений и жидкими удобрениями, кроме щелочных. Однако перед приготовлением баковой смеси пестицидов необходимо проверить препараты на совместимость</p><p style="margin-top: 8px; margin-bottom: 8px; padding: 0px; border: 0px; color: rgb(119, 119, 119); font-family: Roboto, Arial, sans-serif;"><strong style="margin: 0px; padding: 0px; border: 0px;">Максимальное количество обработок</strong> - 3.</p><p style="margin-top: 8px; margin-bottom: 8px; padding: 0px; border: 0px; color: rgb(119, 119, 119); font-family: Roboto, Arial, sans-serif;"><strong style="margin: 0px; padding: 0px; border: 0px;">Норма расхода рабочего раствора</strong> - полевые культуры - 200-300 л/га, виноградники - 500-800 л/га</p><p style="margin-top: 8px; margin-bottom: 8px; padding: 0px; border: 0px; color: rgb(119, 119, 119); font-family: Roboto, Arial, sans-serif;"><strong style="margin: 0px; padding: 0px; border: 0px;">Особенности применения:</strong> лучший результат обеспечивается при применении препарата профилактически или на ранних стадиях развития инфекции - до появления видимых симптомов болезней. Профилактические обработки против первичной инфекции проводятся в начале вегетации, дополнительные обработки проводятся для предотвращения распространения болезни или при появлении ее первых признаков с интервалом между обработками 8-12 дней, в зависимости от развития болезни и погодных условий. При высоком риске развития болезни (дождевые условия) необходимо сократить интервалы между обработками (8 дней). За сезон проводят 2-3 опрыскивания, начиная с ранних фаз роста растений. Учитывая биологию возбудителей фитофтороза картофеля и томатов, милдью винограда, повторные обработки планируют заранее, особенно при благоприятных для патогенов гидротермических условий. Качественное приготовления рабочего раствора и покрытия растений во время опрыскивания, использования баковых смесей с жидкими азотными удобрениями усиливает эффективность действия препарата. Обработку целесообразно проводить при благоприятных погодных условиях (отсутствие атмосферных осадков и значительной росы, температура воздуха от 15 до 25 ° С)</p>', NULL, NULL, NULL, 'ru'),
	(269, 136, 'Захист Фунгіцид (Танос)', '<p>Захист аналог фунгіциду Танос.</p><p>Комбінований фунгіцид профілактичної та лікувальної дії для захисту соняшнику, овочевих культур і винограду від комплексу хвороб.</p>', '<p> <b> Діюча речовина: </b> Металаксил 100 г/кг, Цимоксаніл 250 г/кг </p>\r\n<p> <b> Препаративна форма: </b> Порошок, що змочується </p>\r\n<p> <b> Хімічна група: </b> Алкінпохідні сечовини + похідні феніламідів </p>\r\n<p> <b> Механізм дії: </b> Трансламінарна та локально-системна дія. Унікальність цього препарату полягає у тому, що він складається з двох діючих речовин, які у вдалому поєднанні доповнюють одна одну та збільшують довготривалість захисної та лікувальної дії препарату. Цимоксаніл проникає через листя, перерозподіляється в тканинах рослин у всі її клітини (трансламінарна дія). Він має лікувальну та антиспоруляційну дії, зупиняє процес обміну речовин гриба, сповільнює та припиняє життєві процеси, що проходять у клітинах. Цимоксаніл знищує патоген, що почав розвиватись, навіть через 1-2 дні після зараження. Металаксил є системними фунгіцидом захисної, лікувальної та викорінювальної дії. Він пригнічує активні постінфекційні стадії розвитку грибів, запобігає спороутворенню і забезпечує захист необроблених частин рослин та нового приросту </p>\r\n<p> <b> Спектр дії: </b> Фітофтороз, плямості, фітофтороз, альтернаріоз, макроспоріоз, мілдью, сіра та біла гнилі, несправжня борошниста роса, борошниста роса, фомоз, фомопсис </p>&nbsp; &nbsp; &nbsp; &nbsp; &nbsp; &nbsp; &nbsp; &nbsp; &nbsp; &nbsp; &nbsp; &nbsp; &nbsp; &nbsp; &nbsp; &nbsp; &nbsp; &nbsp; &nbsp; &nbsp; &nbsp; &nbsp; &nbsp; &nbsp; &nbsp; &nbsp; &nbsp; &nbsp; &nbsp; &nbsp; &nbsp; &nbsp; &nbsp; &nbsp; &nbsp; &nbsp; &nbsp; &nbsp; &nbsp; &nbsp; &nbsp; &nbsp; &nbsp; &nbsp; &nbsp; &nbsp; &nbsp; &nbsp; &nbsp; &nbsp; &nbsp; &nbsp; &nbsp; &nbsp; &nbsp; &nbsp; &nbsp; &nbsp; &nbsp; &nbsp; &nbsp; &nbsp; &nbsp; &nbsp; &nbsp; &nbsp; &nbsp; &nbsp; &nbsp; &nbsp; &nbsp; &nbsp; &nbsp; &nbsp; &nbsp; &nbsp; &nbsp; &nbsp; &nbsp; &nbsp; &nbsp; &nbsp; &nbsp; &nbsp; &nbsp; &nbsp; &nbsp; &nbsp; &nbsp; &nbsp; &nbsp; &nbsp; &nbsp; &nbsp; &nbsp; &nbsp; &nbsp; &nbsp; &nbsp; &nbsp;<table border="1" style="margin: auto; padding: 0px; border-width: 1px; border-style: solid; border-color: inherit; border-image: initial; table-layout: fixed; width: 849px; word-wrap: break-word; color: rgb (119, 119, 119); font-family: Roboto, Arial, sans-serif; background-color: rgb (255, 255, 255); "><tbody style="margin: 0px; padding: 0px; border-style: inherit; border-width: inherit; border-image: inherit;"><tr style="margin: 0px; padding: 0px; border-style: inherit; border-width: inherit; border-image: inherit;"><td style="margin: 0px; padding: 5px; list-style: none outside none; border: inherit;"> Культура </td><td style="margin: 0px; padding: 5px; list-style: none outside none; border: inherit;"> Норма витрати препарату, кг / га </td><td style="margin: 0px; padding: 5px; list-style: none outside none; border: inherit;"> Спектр дії </td><td style="margin: 0px; padding: 5px; list-style: none outside none; border: inherit;"> Спосіб, час обробки </td></tr><tr style="margin: 0px; padding: 0px; border-style: inherit; border-width: inherit; border-image: inherit;"><td style="margin: 0px; padding: 5px; list-style: none outside none; border: inherit;"> Томати </td><td colspan="1" rowspan="2" style="margin: 0px; padding: 5px; list-style: none outside none; border: inherit;">\r\n&nbsp;&nbsp;&nbsp;&nbsp;&nbsp;&nbsp;&nbsp;&nbsp;&nbsp;&nbsp;&nbsp;&nbsp;<p style="margin-top: 8px; margin-bottom: 8px; padding: 0px; border: 0px;"> 0,75-2,0 * </p>\r\n&nbsp;&nbsp;&nbsp;&nbsp;&nbsp;&nbsp;&nbsp;&nbsp;&nbsp;</td><td colspan="1" style="margin: 0px; padding: 5px; list-style: none outside none; border: inherit;"> Фитофтороз і інші плямистості </td><td colspan="1" rowspan="3" style="margin: 0px; padding: 5px; list-style: none outside none; border: inherit;"> Обприскування в період вегетації культури </td></tr><tr style="margin: 0px; padding: 0px; border-style: inherit; border-width: inherit; border-image: inherit;"><td style="margin: 0px; padding: 5px; list-style: none outside none; border: inherit;"> Картопля </td><td colspan="1" style="margin: 0px; padding: 5px; list-style: none outside none; border: inherit;"> Фитофтороз, альтернаріоз, макроспоріоз </td></tr><tr style="margin: 0px; padding: 0px; border-style: inherit; border-width: inherit; border-image: inherit;"><td colspan="1" rowspan="1" style="margin: 0px; padding: 5px; list-style: none outside none; border: inherit;"> Виноград</td><td colspan="1" rowspan="1" style="margin: 0px; padding: 5px; list-style: none outside none; border: inherit;"> 0,6 </td><td colspan="1" rowspan="1" style="margin: 0px; padding: 5px; list-style: none outside none; border: inherit;"> Мілдью, сіра гниль </td></tr><tr style="margin: 0px; padding: 0px; border-style: inherit; border-width: inherit; border-image: inherit;"><td style="margin: 0px; padding: 5px; list-style: none outside none; border: inherit;"> Соняшник </td><td colspan="1" style="margin: 0px; padding: 5px; list-style: none outside none; border: inherit;"> 0,5-0,8 </td><td colspan="1" style="margin: 0px; padding: 5px; list-style: none outside none; border: inherit;"> Фомопсис, альтернаріоз, пероноспороз, борошниста роса, фомоз, біла гниль, сіра гниль </td><td colspan="1" style="margin: 0px; padding: 5px; list-style: none outside none; border: inherit;"> Обприскування в період вегетації культури (при появі перших ознак захворювання) </td></tr></tbody>\r\n</table>\r\n<p> <b> </b></p><p><font color="#777777" face="Roboto, Arial, sans-serif">* До відома споживача: при одноразовому застосуванні</font><br></p><p><b>Сумісність: </b> Сумісний з іншими пестицидами та агрохімікатами, окрім лужних. Однак перед приготуванням бакової суміші пестицидів необхідно перевірити препарати на сумісність </p>\r\n<p> <b> Максимальна кількість обробок </b> - 3 </p>\r\n<p> <b> Норма витрати робочого розчину </b> -  Польові культури — 200-300 л/га, виноградники — 500-800 л/га</p>\r\n<p> <b> Особливості застосування: </b> Найкращий результат забезпечується у разі застосування препарату профілактично або на ранніх стадіях розвитку інфекції — до появи видимих симптомів хвороб. Профілактичні обробки проти первинної інфекції проводяться на початку вегетації, додаткові обробки проводяться для запобігання поширення хвороби чи при появі її перших ознак з інтервалом між обробками 8-12 днів, залежно від розвитку хвороби та погодних умов. При високому ризику розвитку хвороби (дощові умови) необхідно скоротити інтервали між обробками (8 днів). За сезон проводять 2-3 обприскування, починаючи з ранніх фаз росту рослин. Враховуючи біологію збудників фітофторозу картоплі та томатів, мілдью винограду, повторні обробки планують заздалегідь, особливо за сприятливих для патогенів гідротермічних умов. Якісне приготування робочого розчину та покриття рослин під час обприскування, використання бакових сумішей з рідкими азотними добривами під-вищують ефективність дії препарату. Обробку доцільно проводити за сприятливих погодних умов (відсутність атмосферних опадів та значної роси, температура повітря від 15 до 25°С)</p>', NULL, NULL, NULL, 'uk'),
	(270, 137, 'Ти Рекс Фунгицид (Тилт + Байлетон)', '<p><span style="color: rgb(119, 119, 119); font-family: Roboto, Arial, sans-serif;">Комбинированный системный фунгицид защитного и лечебного действия для борьбы с болезнями зерновых культур.</span><br></p>', '<p style="margin-top: 8px; margin-bottom: 8px; padding: 0px; border: 0px; color: rgb(119, 119, 119); font-family: Roboto, Arial, sans-serif;"><strong style="margin: 0px; padding: 0px; border: 0px;">Препаративная форма:</strong>. концентрат эмульсии.</p><p style="margin-top: 8px; margin-bottom: 8px; padding: 0px; border: 0px; color: rgb(119, 119, 119); font-family: Roboto, Arial, sans-serif;"><strong style="margin: 0px; padding: 0px; border: 0px;">Химическая группа:</strong> производные триазолов.</p><p style="margin-top: 8px; margin-bottom: 8px; padding: 0px; border: 0px; color: rgb(119, 119, 119); font-family: Roboto, Arial, sans-serif;"><strong style="margin: 0px; padding: 0px; border: 0px;">Совместимость:</strong> совместим с веществами нейтральной реакции, однако в каждом конкретном случае необходимо проверять препараты на совместимость.</p><p style="margin-top: 8px; margin-bottom: 8px; padding: 0px; border: 0px; color: rgb(119, 119, 119); font-family: Roboto, Arial, sans-serif;"><strong style="margin: 0px; padding: 0px; border: 0px;">Механизм действия:</strong> системное действие. Механизм действия препарата заключается в ингибировании биосинтеза питательных веществ патогена, увеличении интенсивности фотосинтеза в листьях культурных растений. Подавление возбудителя происходит с момента проникновения действующих веществ препарата в ткани растения-хозяина.</p><p style="margin-top: 8px; margin-bottom: 8px; padding: 0px; border: 0px; color: rgb(119, 119, 119); font-family: Roboto, Arial, sans-serif;"><strong style="margin: 0px; padding: 0px; border: 0px;">Спектр действия: </strong>мучнистая роса, ржавчина, пятнистости, септориоз.</p><table border="1" style="margin: auto; padding: 0px; border-width: 1px; border-style: solid; border-color: inherit; border-image: initial; table-layout: fixed; width: 583px; word-wrap: break-word; color: rgb(119, 119, 119); font-family: Roboto, Arial, sans-serif; background-color: rgb(255, 255, 255);"><tbody style="margin: 0px; padding: 0px; border-style: inherit; border-width: inherit; border-image: inherit;"><tr style="margin: 0px; padding: 0px; border-style: inherit; border-width: inherit; border-image: inherit;"><td style="margin: 0px; padding: 5px; list-style: none outside none; border: inherit; width: 129px; text-align: center;">Культура</td><td style="margin: 0px; padding: 5px; list-style: none outside none; border: inherit; width: 107px; text-align: center;">Норма расхода препарата, л/га</td><td style="margin: 0px; padding: 5px; list-style: none outside none; border: inherit; width: 184px; text-align: center;">Спектр действия</td><td style="margin: 0px; padding: 5px; list-style: none outside none; border: inherit; width: 135px; text-align: center;">Срок ожидания урожая, суток</td></tr><tr style="margin: 0px; padding: 0px; border-style: inherit; border-width: inherit; border-image: inherit;"><td colspan="1" rowspan="2" style="margin: 0px; padding: 5px; list-style: none outside none; border: inherit; width: 129px; text-align: center;">Пшениця (яровая та озимая)</td><td colspan="1" rowspan="3" style="margin: 0px; padding: 5px; list-style: none outside none; border: inherit; width: 107px; text-align: center;">0,5</td><td style="margin: 0px; padding: 5px; list-style: none outside none; border: inherit; width: 184px; text-align: center;">Мучнистая роса, ржавчина бурая, церкоспорельоз, гельминоспориоз, пиренофороз</td><td colspan="1" rowspan="3" style="margin: 0px; padding: 5px; list-style: none outside none; border: inherit; width: 135px; text-align: center;">30</td></tr><tr style="margin: 0px; padding: 0px; border-style: inherit; border-width: inherit; border-image: inherit;"><td style="margin: 0px; padding: 5px; list-style: none outside none; border: inherit; width: 184px; text-align: center;">Ржавчина (желтая, стеблевая), септориоз</td></tr><tr style="margin: 0px; padding: 0px; border-style: inherit; border-width: inherit; border-image: inherit;"><td style="margin: 0px; padding: 5px; list-style: none outside none; border: inherit; width: 129px; text-align: center;">Ячмень (яровой и озимый)</td><td style="margin: 0px; padding: 5px; list-style: none outside none; border: inherit; width: 184px; text-align: center;">Пятнистость (сетчатая, темно-бурая, полосатая), мучнистая роса, ржавчина</td></tr><tr style="margin: 0px; padding: 0px; border-style: inherit; border-width: inherit; border-image: inherit;"><td style="margin: 0px; padding: 5px; list-style: none outside none; border: inherit; width: 129px; text-align: center;">Сахарная свекла*</td><td style="margin: 0px; padding: 5px; list-style: none outside none; border: inherit; width: 107px; text-align: center;">0,5</td><td style="margin: 0px; padding: 5px; list-style: none outside none; border: inherit; width: 184px; text-align: center;">Мучнистая роса, ржавчина, церкоспороз</td><td style="margin: 0px; padding: 5px; list-style: none outside none; border: inherit; width: 135px; text-align: center;">20</td></tr></tbody></table><p><span style="color: rgb(119, 119, 119); font-family: Roboto, Arial, sans-serif;">*</span><em style="margin: 0px; padding: 0px; border: 0px; color: rgb(119, 119, 119); font-family: Roboto, Arial, sans-serif;">К сведению потребителя. Мировой опыт применения аналогичного препарата:</em><span style="color: rgb(119, 119, 119); font-family: Roboto, Arial, sans-serif;"></span></p><p style="margin-top: 8px; margin-bottom: 8px; padding: 0px; border: 0px; color: rgb(119, 119, 119); font-family: Roboto, Arial, sans-serif;"><strong style="margin: 0px; padding: 0px; border: 0px;">Максимальное количество обработок - </strong>1-3. Период ожидания до сбора урожая - см. таблицу.</p><p style="margin-top: 8px; margin-bottom: 8px; padding: 0px; border: 0px; color: rgb(119, 119, 119); font-family: Roboto, Arial, sans-serif;"><strong style="margin: 0px; padding: 0px; border: 0px;">Норма расхода рабочего раствора -</strong> 200 - 300 л/га. Опрыскивание в период вегетации при появлении первых признаков болезни. Опрыскивание проводят свежеприготовленным раствором в сухую погоду при скорости ветра не более 5 м/с, лучше в утренние (до 10:00) или вечернее время (18 - 21 часов), не допуская сноса препарата на соседние культуры.</p><p style="margin-top: 8px; margin-bottom: 8px; padding: 0px; border: 0px; color: rgb(119, 119, 119); font-family: Roboto, Arial, sans-serif;">Важными факторами для эффективного действия препарата является качество покрытия во время опрыскивания (достаточное смачивание всей поверхности листьев без стекания рабочего раствора с обработанной поверхности) и оптимальное сочетание гидротермических условий окружающей среды.</p>', NULL, NULL, NULL, 'ru'),
	(271, 137, 'Ті Рекс Фунгіцид (Тілт + Байлетон)', '<p>Комбінований системний фунгіцид захисної та лікувальної дії для боротьби з хворобами зернових культур.<br></p>', '<p> <b> Діюча речовина: </b> Пропіконазол 150 г/л, Тріадимефон 150 г/л </p>\r\n<p> <b> Препаративна форма: </b> Концентрат, що емульгується </p>\r\n<p> <b> Хімічна група: </b> Похідні триазолів </p>\r\n<p> <b> Механізм дії: </b> Системна дія. Механізм дії препарату полягає в інгібуванні біосинтезу поживних речовин патогену, збільшенні інтенсивності фотосинтезу у листках культурних рослин. Пригнічення збудника відбувається з моменту проникнення діючих речовин препарату у тканини рослини-живителя </p>\r\n<p> <b> Спектр дії: </b> Борошниста роса, іржа бура, церкоспорельоз, гельмінтоспоріоз, піренофороз, іржа (жовта, стеблова), септоріоз, плямистість (сітчаста, темно-бура, смугаста), борошниста роса, іржа </p>\r\n\r\n&nbsp;&nbsp;&nbsp;\r\n&nbsp;&nbsp;&nbsp;&nbsp;&nbsp;&nbsp;\r\n&nbsp;&nbsp;&nbsp;&nbsp;&nbsp;&nbsp;&nbsp;&nbsp;&nbsp;\r\n&nbsp;&nbsp;&nbsp;&nbsp;&nbsp;&nbsp;&nbsp;&nbsp;&nbsp;\r\n&nbsp;&nbsp;&nbsp;&nbsp;&nbsp;&nbsp;&nbsp;&nbsp;&nbsp;\r\n&nbsp;&nbsp;&nbsp;&nbsp;&nbsp;&nbsp;&nbsp;&nbsp;&nbsp;\r\n&nbsp;&nbsp;&nbsp;&nbsp;&nbsp;&nbsp;\r\n&nbsp;&nbsp;&nbsp;&nbsp;&nbsp;&nbsp;\r\n&nbsp;&nbsp;&nbsp;&nbsp;&nbsp;&nbsp;&nbsp;&nbsp;&nbsp;\r\n&nbsp;&nbsp;&nbsp;&nbsp;&nbsp;&nbsp;&nbsp;&nbsp;&nbsp;\r\n&nbsp;&nbsp;&nbsp;&nbsp;&nbsp;&nbsp;&nbsp;&nbsp;&nbsp;\r\n&nbsp;&nbsp;&nbsp;&nbsp;&nbsp;&nbsp;&nbsp;&nbsp;&nbsp;\r\n&nbsp;&nbsp;&nbsp;&nbsp;&nbsp;&nbsp;\r\n&nbsp;&nbsp;&nbsp;&nbsp;&nbsp;&nbsp;\r\n&nbsp;&nbsp;&nbsp;&nbsp;&nbsp;&nbsp;&nbsp;&nbsp;&nbsp;\r\n&nbsp;&nbsp;&nbsp;&nbsp;&nbsp;&nbsp;\r\n&nbsp;&nbsp;&nbsp;&nbsp;&nbsp;&nbsp;\r\n&nbsp;&nbsp;&nbsp;&nbsp;&nbsp;&nbsp;&nbsp;&nbsp;&nbsp;\r\n&nbsp;&nbsp;&nbsp;&nbsp;&nbsp;&nbsp;&nbsp;&nbsp;&nbsp;\r\n&nbsp;&nbsp;&nbsp;&nbsp;&nbsp;&nbsp;\r\n&nbsp;&nbsp;&nbsp;&nbsp;&nbsp;&nbsp;\r\n&nbsp;&nbsp;&nbsp;&nbsp;&nbsp;&nbsp;&nbsp;&nbsp;&nbsp;\r\n&nbsp;&nbsp;&nbsp;&nbsp;&nbsp;&nbsp;&nbsp;&nbsp;&nbsp;\r\n&nbsp;&nbsp;&nbsp;&nbsp;&nbsp;&nbsp;&nbsp;&nbsp;&nbsp;\r\n&nbsp;&nbsp;&nbsp;&nbsp;&nbsp;&nbsp;&nbsp;&nbsp;&nbsp;\r\n&nbsp;&nbsp;&nbsp;&nbsp;&nbsp;&nbsp;\r\n&nbsp;&nbsp;&nbsp;<table border="1" style="margin: auto; padding: 0px; border-width: 1px; border-style: solid; border-color: inherit; border-image: initial; table-layout: fixed; width: 583px; word-wrap: break-word; color: rgb (119, 119, 119); font-family: Roboto, Arial, sans-serif; background-color: rgb (255, 255, 255); "><tbody style="margin: 0px; padding: 0px; border-style: inherit; border-width: inherit; border-image: inherit;"><tr style="margin: 0px; padding: 0px; border-style: inherit; border-width: inherit; border-image: inherit;"><td style="margin: 0px; padding: 5px; list-style: none outside none; border: inherit; width: 129px; text-align: center;"> Культура </td><td style="margin: 0px; padding: 5px; list-style: none outside none; border: inherit; width: 107px; text-align: center;"> Норма витрати препарату, л / га </td><td style="margin: 0px; padding: 5px; list-style: none outside none; border: inherit; width: 184px; text-align: center;"> Спектр дії </td><td style="margin: 0px; padding: 5px; list-style: none outside none; border: inherit; width: 135px; text-align: center;"> Термін очікування врожаю, діб </td></tr><tr style="margin: 0px; padding: 0px; border-style: inherit; border-width: inherit; border-image: inherit;"><td colspan="1" rowspan="2" style="margin: 0px; padding: 5px; list-style: none outside none; border: inherit; width: 129px; text-align: center;"> Пшениця (яра та озима) </td><td colspan="1" rowspan="3" style="margin: 0px; padding: 5px; list-style: none outside none; border: inherit; width: 107px; text-align: center;"> 0,5 </td><td style="margin: 0px; padding: 5px; list-style: none outside none; border: inherit; width: 184px; text-align: center;"> Борошниста роса, іржа бура, церкоспорельоз, гельміноспоріоз, піренофороз </td><td colspan="1" rowspan="3" style="margin: 0px; padding: 5px; list-style: none outside none; border: inherit; width: 135px; text-align: center;"> 30 </td></tr><tr style="margin: 0px; padding: 0px; border-style: inherit; border-width: inherit; border-image: inherit;"><td style="margin: 0px; padding: 5px; list-style: none outside none; border: inherit; width: 184px; text-align: center;"> Іржа (жовта, стеблова), септоріоз </td></tr><tr style="margin: 0px; padding: 0px; border-style: inherit; border-width: inherit; border-image: inherit;"><td style="margin: 0px; padding: 5px; list-style: none outside none; border: inherit; width: 129px; text-align: center;"> Ячмінь (озимого та ярового) </td><td style="margin: 0px; padding: 5px; list-style: none outside none; border: inherit; width: 184px; text-align: center;"> Плямистість (сітчаста, темно-бура, смугаста), борошниста роса , іржа </td></tr><tr style="margin: 0px; padding: 0px; border-style: inherit; border-width: inherit; border-image: inherit;"><td style="margin: 0px; padding: 5px; list-style: none outside none; border: inherit; width: 129px; text-align: center;"> Цукрові буряки * </td><td style="margin: 0px; padding: 5px; list-style: none outside none; border: inherit; width: 107px; text-align: center;"> 0,5 </td><td style="margin: 0px; padding: 5px; list-style: none outside none; border: inherit; width: 184px; text-align: center;"> Борошниста роса, іржа, церкоспороз </td><td style="margin: 0px; padding: 5px; list-style: none outside none; border: inherit; width: 135px; text-align: center;"> 20 </td></tr></tbody>\r\n</table>\r\n<p> <b> </b></p><p><span style="color: rgb(119, 119, 119); font-family: Roboto, Arial, sans-serif;">*</span><em style="margin: 0px; padding: 0px; border: 0px; color: rgb(119, 119, 119); font-family: Roboto, Arial, sans-serif;">До відома споживача. Світовий досвід застосування аналогічного препарату</em><b><br></b></p><p><b>Сумісність: </b> Сумісний з іншими пестицидами та агрохімікатами, окрім лужних. Однак перед приготуванням бакової суміші пестицидів необхідно перевірити препарати на сумісність </p>\r\n<p> <b> Максимальна кількість обробок </b> -  1</p>\r\n<p> <b> Норма витрати робочого розчину </b> - 200-300 л/га </p>\r\n<p> <b> Особливості застосування: </b> Обприскування в період вегетації профілактично та за появи перших ознак хвороби. Обприскування проводять свіжоприготовленим розчином в суху погоду при швидкості вітру не більше 5 м/с, краще в ранковий (до 10 години) або вечірній час (18-21 години), не допускаючи зносу препарату на сусідні культури. Важливими факторами для ефективної дії препарату є якість покриття під час  обприскування (достатнє змочування всієї поверхні листя без стікання робочого розчину з обробленої поверхні) та оптимальне поєднання гідротермічних умов навколишнього середовища </p>', NULL, NULL, NULL, 'uk'),
	(272, 138, 'Топ Эффект Фунгицид  (Импакт)', '<p style="margin-top: 8px; margin-bottom: 8px; padding: 0px; border: 0px; color: rgb(119, 119, 119); font-family: Roboto, Arial, sans-serif;">Топ Эффект аналог фунгицида Импакт.</p><p style="margin-top: 8px; margin-bottom: 8px; padding: 0px; border: 0px; color: rgb(119, 119, 119); font-family: Roboto, Arial, sans-serif;">Фунгицид контактно-системного действия для борьбы с болезнями зерновых культур.</p>', '<p style="margin-top: 8px; margin-bottom: 8px; padding: 0px; border: 0px; color: rgb(119, 119, 119); font-family: Roboto, Arial, sans-serif;"><strong style="margin: 0px; padding: 0px; border: 0px;">Препаративная форма:</strong> концентрат суспензии.</p><p style="margin-top: 8px; margin-bottom: 8px; padding: 0px; border: 0px; color: rgb(119, 119, 119); font-family: Roboto, Arial, sans-serif;"><strong style="margin: 0px; padding: 0px; border: 0px;">Химическая группа:</strong> производные триазолов.</p><p style="margin-top: 8px; margin-bottom: 8px; padding: 0px; border: 0px; color: rgb(119, 119, 119); font-family: Roboto, Arial, sans-serif;"><strong style="margin: 0px; padding: 0px; border: 0px;">Совместимость:</strong> совместим с большинством препаратов, кроме щелочных. Однако, в каждом отдельном случае необходимо проверить препараты на совместимость.</p><p style="margin-top: 8px; margin-bottom: 8px; padding: 0px; border: 0px; color: rgb(119, 119, 119); font-family: Roboto, Arial, sans-serif;"><strong style="margin: 0px; padding: 0px; border: 0px;">Механизм действия:</strong> контактно-системный фунгицид с лечебной и защитной действиями. Флутриафол поглощается листовой поверхностью культуры и переносится по растению через лучевой-волокнистые пучки. Действует как ингибитор биосинтеза питательных веществ вредных видов грибов, что приводит к разрушению клеточных мембран возбудителей болезней и остановки их развития.</p><p style="margin-top: 8px; margin-bottom: 8px; padding: 0px; border: 0px; color: rgb(119, 119, 119); font-family: Roboto, Arial, sans-serif;"><strong style="margin: 0px; padding: 0px; border: 0px;">Спектр действия</strong>: мучнистая роса, ржавчина (бурая, желтая, стеблевая), септориоз, пятнистости, церкоспороз.</p><table border="1" style="margin: auto; padding: 0px; border-width: 1px; border-style: solid; border-color: inherit; border-image: initial; table-layout: fixed; width: 619px; word-wrap: break-word; color: rgb(119, 119, 119); font-family: Roboto, Arial, sans-serif; background-color: rgb(255, 255, 255);"><tbody style="margin: 0px; padding: 0px; border-style: inherit; border-width: inherit; border-image: inherit;"><tr style="margin: 0px; padding: 0px; border-style: inherit; border-width: inherit; border-image: inherit;"><td style="margin: 0px; padding: 5px; list-style: none outside none; border: inherit; width: 122px; text-align: center;">Культура</td><td style="margin: 0px; padding: 5px; list-style: none outside none; border: inherit; width: 131px; text-align: center;">Норма расхода препарата, л/га</td><td style="margin: 0px; padding: 5px; list-style: none outside none; border: inherit; width: 223px; text-align: center;">Спектр действия </td><td style="margin: 0px; padding: 5px; list-style: none outside none; border: inherit; width: 115px; text-align: center;">Способ, время обработки</td></tr><tr style="margin: 0px; padding: 0px; border-style: inherit; border-width: inherit; border-image: inherit;"><td style="margin: 0px; padding: 5px; list-style: none outside none; border: inherit; width: 122px; text-align: center;">Пшеница озимая</td><td colspan="1" rowspan="3" style="margin: 0px; padding: 5px; list-style: none outside none; border: inherit; width: 131px; text-align: center;">0,5</td><td style="margin: 0px; padding: 5px; list-style: none outside none; border: inherit; width: 223px; text-align: center;">Мучнистая роса, септориоз, бурая ржавчина, альтернариозом</td><td colspan="1" rowspan="3" style="margin: 0px; padding: 5px; list-style: none outside none; border: inherit; width: 115px; text-align: center;">Опрыскивание в период вегетации культуры</td></tr><tr style="margin: 0px; padding: 0px; border-style: inherit; border-width: inherit; border-image: inherit;"><td style="margin: 0px; padding: 5px; list-style: none outside none; border: inherit; width: 122px; text-align: center;">Пшеница яровая</td><td style="margin: 0px; padding: 5px; list-style: none outside none; border: inherit; width: 223px; text-align: center;">Мучнистая роса, септориоз, бурая ржавчина</td></tr><tr style="margin: 0px; padding: 0px; border-style: inherit; border-width: inherit; border-image: inherit;"><td style="margin: 0px; padding: 5px; list-style: none outside none; border: inherit; width: 122px; text-align: center;">Ячмень яровой </td><td style="margin: 0px; padding: 5px; list-style: none outside none; border: inherit; width: 223px; text-align: center;">Мучнистая роса, септориоз, ринхоспориоз, полосатая пятнистый, гельминтоспориоз</td></tr><tr style="margin: 0px; padding: 0px; border-style: inherit; border-width: inherit; border-image: inherit;"><td style="margin: 0px; padding: 5px; list-style: none outside none; border: inherit; width: 122px; text-align: center;">Сахарная свекла*</td><td style="margin: 0px; padding: 5px; list-style: none outside none; border: inherit; width: 131px; text-align: center;">0,25</td><td style="margin: 0px; padding: 5px; list-style: none outside none; border: inherit; width: 223px; text-align: center;">Мучнистая роса, церкоспороз, фомоз</td><td colspan="1" rowspan="3" style="margin: 0px; padding: 5px; list-style: none outside none; border: inherit; width: 115px; text-align: center;">Опрыскивание в период вегетации культуры</td></tr><tr style="margin: 0px; padding: 0px; border-style: inherit; border-width: inherit; border-image: inherit;"><td style="margin: 0px; padding: 5px; list-style: none outside none; border: inherit; width: 122px; text-align: center;">Виноград*</td><td style="margin: 0px; padding: 5px; list-style: none outside none; border: inherit; width: 131px; text-align: center;">0,1-0,15</td><td style="margin: 0px; padding: 5px; list-style: none outside none; border: inherit; width: 223px; text-align: center;">Оидиум</td></tr><tr style="margin: 0px; padding: 0px; border-style: inherit; border-width: inherit; border-image: inherit;"><td style="margin: 0px; padding: 5px; list-style: none outside none; border: inherit; width: 122px; text-align: center;">Яблоня*</td><td style="margin: 0px; padding: 5px; list-style: none outside none; border: inherit; width: 131px; text-align: center;">0,15</td><td style="margin: 0px; padding: 5px; list-style: none outside none; border: inherit; width: 223px; text-align: center;">Мучнистая роса, парша</td></tr></tbody></table><p style="margin-top: 8px; margin-bottom: 8px; padding: 0px; border: 0px; color: rgb(119, 119, 119); font-family: Roboto, Arial, sans-serif;">*К сведению потребителя. Мировой опыт применения аналогичного препарата </p><p style="margin-top: 8px; margin-bottom: 8px; padding: 0px; border: 0px; color: rgb(119, 119, 119); font-family: Roboto, Arial, sans-serif;"><strong style="margin: 0px; padding: 0px; border: 0px;">Максимальное количество обработок</strong> - 2. Период ожидания до сбора урожая - 30 суток.</p><p style="margin-top: 8px; margin-bottom: 8px; padding: 0px; border: 0px; color: rgb(119, 119, 119); font-family: Roboto, Arial, sans-serif;"><strong style="margin: 0px; padding: 0px; border: 0px;">Норма расхода рабочего раствора</strong>: на полевых культурах - 200 - 300 л/га, в садах и на виноградниках - 600 - 800 л/га. Опрыскивание фунгицидом целесообразно начинать при появлении первых признаков болезни. Повторные обработки проводят в условиях высокого уровня пораженности растений болезнями и благоприятных для их развития гидротермических условий. Опрыскивание необходимо проводить при скорости ветра не более 5 м/с.</p><p style="margin-top: 8px; margin-bottom: 8px; padding: 0px; border: 0px; color: rgb(119, 119, 119); font-family: Roboto, Arial, sans-serif;">Своевременность проведения защитных мероприятий, высокое качество проведения технологий внесения препарата, благоприятные погодные условия (отсутствие атмосферных осадков, значительная росы, температура воздуха от +14 до +24 ° С).</p>', NULL, NULL, NULL, 'ru'),
	(273, 138, 'Топ Ефект Фунгіцид (Імпакт)', '<p>Топ Ефект аналог фунгіциду Імпакт.</p><p>Фунгіцид контактно-системної дії для боротьби з хворобами зернових культур.</p>', '<p> <b> Діюча речовина: </b> Флутріафол 250 г/л </p>\r\n<p> <b> Препаративна форма: </b> Концентрат суспензії </p>\r\n<p> <b> Хімічна група: </b> Похідні триазолів </p>\r\n<p> <b> Механізм дії: </b> Контактно-системний фунгіцид з лікувальною та захисною діями. Флутриафол поглинається листовою поверхнею культури та переноситься по рослині через променево-волокнисті пучки. Він діє як інгібітор біосинтезу поживних речовин шкідливих видів грибів, що призводить до руйнування клітинних мембран збудників хвороб та зупинки їх розвитку </p>\r\n<p> <b> Спектр дії: </b> Борошниста роса, септоріоз, бура іржа, альтернаріоз, ринхоспоріоз, смугаста плямистість, гельмінтоспоріоз </p>\r\n<table border="1" style="margin: auto; padding: 0px; border-width: 1px; border-style: solid; border-color: inherit; border-image: initial; table-layout: fixed; width: 619px; word-wrap: break-word; color: rgb (119, 119, 119); font-family: Roboto, Arial, sans-serif; background-color: rgb (255, 255, 255); "> <tbody style="margin: 0px; padding: 0px; border-style: inherit; border-width: inherit; border-image: inherit;"> <tr style="margin: 0px; padding: 0px; border-style: inherit; border-width: inherit; border-image: inherit; "> <td style=" margin: 0px; padding: 5px; list-style: none outside none; border: inherit; width: 122px; text-align: center; "> Культура </td> <td style="margin: 0px; padding: 5px; list-style: none outside none; border: inherit; width: 131px; text-align: center;"> Норма витрати препарату, л / га </td> <td style="margin: 0px; padding: 5px; list-style: none outside none; border: inherit; width: 223px; text-align: center;"> Спектр дії </td><td style="margin: 0px; padding: 5px; list-style: none outside none; border: inherit; width: 115px; text-align: center; "> Спосіб, час обробки </td> </tr> <tr style=" margin: 0px; padding: 0px; border-style: inherit; border-width: inherit; border-image: inherit; "> <td style=" margin: 0px; padding: 5px; list-style: none outside none; border: inherit; width: 122px; text-align: center; "> Пшениця озима </td> <td colspan=" 1 " rowspan=" 3 " style=" margin: 0px; padding: 5px; list-style: none outside none; border: inherit; width: 131px; text-align: center; "> 0,5 </td> <td style=" margin: 0px; padding: 5px; list-style: none outside none; border: inherit; width: 223px; text-align: center; "> Борошниста роса, септоріоз, бура іржа, альтернаріоз </td> <td colspan=" 1 " rowspan=" 3 " style=" margin: 0px; padding: 5px; list-style: none outside none; border: inherit; width: 115px; text-align: center; "> Обприскування в період вегетації культури </td> </tr> <tr style=" margin: 0px; padding: 0px; border-style: inherit; border-width: inherit; border-image: inherit; "> <td style=" margin: 0px; padding: 5px; list-style: none outside none; border: inherit; width: 122px; text-align: center; "> Пшениця яра </td> <td style=" margin: 0px; padding: 5px; list-style: none outside none; border: inherit; width: 223px; text-align: center; "> Борошниста роса, септоріоз, бура іржа </td> </tr> <tr style=" margin: 0px; padding: 0px; border-style: inherit; border-width: inherit; border-image: inherit; "> <td style=" margin: 0px; padding: 5px; list-style: none outside none; border: inherit; width: 122px; text-align: center; "> Ячмінь яровий  </td> <td style=" margin: 0px; padding: 5px; list-style: none outside none; border: inherit; width: 223px; text-align: center; "> Борошниста роса, септоріоз, ринхоспоріоз, смугаста плямистий, гельмінтоспоріоз </td> </tr> <tr style=" margin: 0px; padding: 0px; border-style: inherit; border-width: inherit; border-image: inherit; "> <td style=" margin: 0px; padding: 5px; list-style: none outside none; border: inherit; width: 122px; text-align: center; "> Цукрові буряки * </td> <td style=" margin: 0px; padding: 5px; list-style: none outside none; border: inherit; width: 131px; text-align: center; "> 0,25 </td> <td style=" margin: 0px; padding: 5px; list-style: none outside none; border: inherit; width: 223px; text-align: center; "> Борошниста роса, церкоспороз, фомоз </td> <td colspan=" 1 " rowspan=" 3 " style=" margin: 0px; padding: 5px; list-style: none outside none; border: inherit; width: 115px; text-align: center; "> Обприскування в період вегетації культури </td> </tr> <tr style=" margin: 0px; padding: 0px; border-style: inherit; border-width: inherit; border-image: inherit; "> <td style=" margin: 0px; padding: 5px; list-style: none outside none; border: inherit; width: 122px; text-align: center; "> Виноград * </td> <td style=" margin: 0px; padding: 5px; list-style: none outside none; border: inherit; width: 131px; text-align: center; "> 0,1-0,15 </td> <td style=" margin: 0px; padding: 5px; list-style: none outside none; border: inherit; width: 223px; text-align: center; "> Оїдіум </td> </tr> <tr style=" margin: 0px; padding: 0px; border-style: inherit; border-width: inherit; border-image: inherit; "> <td style=" margin: 0px; padding: 5px; list-style: none outside none; border: inherit; width: 122px; text-align: center; "> Яблуня * </td> <td style=" margin: 0px; padding: 5px; list-style: none outside none; border: inherit; width: 131px; text-align: center; "> 0,15 </td> <td style=" margin: 0px; padding: 5px; list-style: none outside none; border: inherit; width: 223px; text-align: center; "> Борошниста роса, парша </td> </tr> </tbody> </table>\r\n<p> <b> </b></p><p><font color="#777777" face="Roboto, Arial, sans-serif">* До відома споживача. Світовий досвід застосування аналогічного препарату&nbsp;</font><b><br></b></p><p><b>Сумісність: </b> Сумісний з іншими пестицидами та агрохімікатами, окрім лужних. Однак перед приготуванням бакової суміші пестицидів необхідно перевірити препарати на сумісність </p>\r\n<p> <b> Максимальна кількість обробок </b> -  2</p>\r\n<p> <b> Норма витрати робочого розчину </b> -  На польових культурах — 200-300 л/га, у садах і на виноградниках — 500-1000 л/га</p>\r\n<p> <b> Особливості застосування: </b> Обприскування фунгіцидом доцільно проводити профілактично та при появі перших ознак хвороби. Повторні обробки проводять за умов високого рівня ураженості рослин хворобами та за сприятливих для їх розвитку гідротермічних умов. Обприскування необхідно проводити при швидкості вітру не більше, ніж 5 м/с. Своєчасність проведення захисних заходів, висока якість проведення технологій внесення препарату, сприятливі погодні умови (відсутність атмосферних опадів впродовж 4 годин, значної роси, температура повітря від 14 до 25°С) забезпечують високу ефективність та довготривалий захисний період</p>', NULL, NULL, NULL, 'uk'),
	(274, 139, 'Аякс Фунгицид (Рекс Дуо)', '<p>Аякс аналог фунгицида Рекс Дуо.</p><p>Системный фунгицид профилактического и лечебного действия против широкого спектра болезней зерновых колосовых, свеклы сахарной и сои.</p>', '<p style="margin-top: 8px; margin-bottom: 8px; padding: 0px; border: 0px; color: rgb(119, 119, 119); font-family: Roboto, Arial, sans-serif;"><strong style="margin: 0px; padding: 0px; border: 0px;">Препаративная форма: </strong>концентрат суспензии</p><p style="margin-top: 8px; margin-bottom: 8px; padding: 0px; border: 0px; color: rgb(119, 119, 119); font-family: Roboto, Arial, sans-serif;"><strong style="margin: 0px; padding: 0px; border: 0px;">Химическая группа: </strong>бензимидазолы + триазола<strong style="margin: 0px; padding: 0px; border: 0px;">.</strong></p><p style="margin-top: 8px; margin-bottom: 8px; padding: 0px; border: 0px; color: rgb(119, 119, 119); font-family: Roboto, Arial, sans-serif;"><strong style="margin: 0px; padding: 0px; border: 0px;">Механизм действия:</strong> тиофанат-метил сорбируется надземными вегетативными органами растений, распространяется по сосудистой системе акропетально (снизу вверх), блокируя при этом развитие патогенов.</p><p style="margin-top: 8px; margin-bottom: 8px; padding: 0px; border: 0px; color: rgb(119, 119, 119); font-family: Roboto, Arial, sans-serif;">Эпоксиконазол блокирует образование эргостерола в клетках гриба. Из-за отсутствия эргостерола грибы не в состоянии сформировать клеточные мембраны. Следствием этого является блокирование роста и дальнейшего развития вредного гриба</p><p style="margin-top: 8px; margin-bottom: 8px; padding: 0px; border: 0px; color: rgb(119, 119, 119); font-family: Roboto, Arial, sans-serif;">Тебуконазол быстро поглощается растениями через вегетативные органы и, перемещаясь преимущественно акропетально (снизу вверх), равномерно распределяется в центральной части стебля. Действие тебуконазолу проявляется в угнетении синтеза эргостерола в мембранах клеток грибов-патогенов, что приводит к их отмиранию</p><p style="margin-top: 8px; margin-bottom: 8px; padding: 0px; border: 0px; color: rgb(119, 119, 119); font-family: Roboto, Arial, sans-serif;"><strong style="margin: 0px; padding: 0px; border: 0px;">Спектр действия:</strong> мучнистая роса, септориоз листьев и колоса, ржавчина стеблевая и бурая, фузариоз, корневые гнили, церкоспорелез, гельминтоспориоз, церкоспороз, рамуляриоз, антракноз, ржавчина, септориоз, аскохитоз, церкоспороз, оливковая пятнистость</p><table border="1" style="margin: auto; padding: 0px; border-width: 1px; border-style: solid; border-color: inherit; border-image: initial; table-layout: fixed; width: 849px; word-wrap: break-word; color: rgb(119, 119, 119); font-family: Roboto, Arial, sans-serif; background-color: rgb(255, 255, 255);"><tbody style="margin: 0px; padding: 0px; border-style: inherit; border-width: inherit; border-image: inherit;"><tr style="margin: 0px; padding: 0px; border-style: inherit; border-width: inherit; border-image: inherit;"><td style="margin: 0px; padding: 5px; list-style: none outside none; border: inherit;">Культура</td><td style="margin: 0px; padding: 5px; list-style: none outside none; border: inherit; width: 106px;">Норма расхода препарата, л/га</td><td style="margin: 0px; padding: 5px; list-style: none outside none; border: inherit; width: 429px;">Спектр действия</td><td style="margin: 0px; padding: 5px; list-style: none outside none; border: inherit;">Способ, время обработки</td></tr><tr style="margin: 0px; padding: 0px; border-style: inherit; border-width: inherit; border-image: inherit;"><td style="margin: 0px; padding: 5px; list-style: none outside none; border: inherit;">Зерновые колосовые (озимые, яровые)</td><td colspan="1" rowspan="3" style="margin: 0px; padding: 5px; list-style: none outside none; border: inherit; width: 106px;"><p style="margin-top: 8px; margin-bottom: 8px; padding: 0px; border: 0px;">0,5-0,6</p></td><td colspan="1" style="margin: 0px; padding: 5px; list-style: none outside none; border: inherit; width: 429px;">Септориоз листьев, септориоз колоса, корневые гнили, мучнистая роса, бурая ржавчина, церкоспорелез, стеблевой ржавчины, гельминтоспориоз, фузариоз</td><td colspan="1" rowspan="5" style="margin: 0px; padding: 5px; list-style: none outside none; border: inherit;">Опрыскивание в период вегетации культуры<br> </td></tr><tr style="margin: 0px; padding: 0px; border-style: inherit; border-width: inherit; border-image: inherit;"><td style="margin: 0px; padding: 5px; list-style: none outside none; border: inherit;">Соя</td><td colspan="1" style="margin: 0px; padding: 5px; list-style: none outside none; border: inherit; width: 429px;">Церкоспороз, мучнистая роса, септориоз, ржавчина, антракноз, аскохитоз, оливковая пятнистость</td></tr><tr style="margin: 0px; padding: 0px; border-style: inherit; border-width: inherit; border-image: inherit;"><td style="margin: 0px; padding: 5px; list-style: none outside none; border: inherit;">Свекла сахарная</td><td colspan="1" style="margin: 0px; padding: 5px; list-style: none outside none; border: inherit; width: 429px;">Рамуляриоз, мучнистая роса, церкоспороз</td></tr><tr style="margin: 0px; padding: 0px; border-style: inherit; border-width: inherit; border-image: inherit;"><td style="margin: 0px; padding: 5px; list-style: none outside none; border: inherit;">Лен-долгунец*</td><td colspan="1" rowspan="2" style="margin: 0px; padding: 5px; list-style: none outside none; border: inherit; width: 106px;"> 0,6 </td><td colspan="1" style="margin: 0px; padding: 5px; list-style: none outside none; border: inherit; width: 429px;">Пасмо, фузариоз, антракноз</td></tr><tr style="margin: 0px; padding: 0px; border-style: inherit; border-width: inherit; border-image: inherit;"><td style="margin: 0px; padding: 5px; list-style: none outside none; border: inherit;">Горох*</td><td colspan="1" style="margin: 0px; padding: 5px; list-style: none outside none; border: inherit; width: 429px;">Аскохитоз, серая гниль</td></tr></tbody></table><p style="margin-top: 8px; margin-bottom: 8px; padding: 0px; border: 0px; color: rgb(119, 119, 119); font-family: Roboto, Arial, sans-serif;"><strong style="margin: 0px; padding: 0px; border: 0px;">*</strong><em style="margin: 0px; padding: 0px; border: 0px;">Мировой опыт применения</em><strong style="margin: 0px; padding: 0px; border: 0px;"> </strong></p><p style="margin-top: 8px; margin-bottom: 8px; padding: 0px; border: 0px; color: rgb(119, 119, 119); font-family: Roboto, Arial, sans-serif;"><strong style="margin: 0px; padding: 0px; border: 0px;">Совместимость:</strong> совместим с другими средствами защиты растений и жидкими удобрениями, кроме щелочных. Однако перед приготовлением баковой смеси пестицидов необходимо проверить препараты на совместимость</p><p style="margin-top: 8px; margin-bottom: 8px; padding: 0px; border: 0px; color: rgb(119, 119, 119); font-family: Roboto, Arial, sans-serif;"><strong style="margin: 0px; padding: 0px; border: 0px;">Максимальное количество обработок</strong> - 2.</p><p style="margin-top: 8px; margin-bottom: 8px; padding: 0px; border: 0px; color: rgb(119, 119, 119); font-family: Roboto, Arial, sans-serif;"><strong style="margin: 0px; padding: 0px; border: 0px;">Норма расхода рабочего раствора</strong> - 200-300 л/га.</p><p style="margin-top: 8px; margin-bottom: 8px; padding: 0px; border: 0px; color: rgb(119, 119, 119); font-family: Roboto, Arial, sans-serif;">Препарат применяется в течении вегетации на всех зерновых колосовых культурах, свеклы сахарной и сои. Оптимальный срок применения - профилактически в период вегетации, в зависимости от фитосанитарных прогнозов, а также при появлении первых признаков болезней. Обработку целесообразно проводить при температуре в пределах от 12 до 25 ° С и оптимальной влажности воздуха</p>', NULL, NULL, NULL, 'ru'),
	(275, 139, 'Аякс Фунгіцид (Рекс Дуо)', '<p><font color="#5a5a5a" face="Helvetica, Helvetica, sans-serif, Arial"><span style="font-size: 20px;">Аякс аналог фунгіциду Рекс Дуо.</span></font><br></p><p><span style="color: rgb(90, 90, 90); font-family: Helvetica, Helvetica, sans-serif, Arial; font-size: 20px;">Системний фунгіцид профілактичної та лікувальної дії проти широкого спектру хвороб зернових колосових, буряку цукрового та сої</span><br></p>', '<p> <b> Діюча речовина: </b> Епоксиконазол 120 г/л, Тіофанат-метил 310 г/л, Тебуконазол 70 г/л </p>\r\n<p> <b> Препаративна форма: </b>  Концентрат суспензії</p>\r\n<p> <b> Хімічна група: </b> Бензимідазоли+триазоли </p>\r\n<p> <b> Механізм дії: </b>  Тіофанат-метил сорбується надземними вегетативними органами рослин, поширюється по судинній системі акропетально (знизу вгору), блокуючи при цьому розвиток патогенів\r\n\r\nЕпоксиконазол блокує утворення ергостеролу в клітинах гриба. Через відсутність ергостеролу гриби не в змозі сформувати клітинні мембрани. Наслідком цього є блокування росту і подальшого розвитку шкідливого гриба\r\n\r\nТебуконазол швидко поглинається рослинами через вегетативні органи та, переміщуючись переважно акропетально, рівномірно розподіляється у центральній частині стебла. Дія тебуконазолу проявляється в пригніченні синтезу ергостеролу в мембранах клітин грибів-патогенів, що призводить до їх відмирання</p>\r\n<p> <b> Спектр дії: </b> Борошниста роса, септоріоз листя та колосу, іржа стеблова та бура, фузаріоз, кореневі гнилі, церкоспорельоз, гельмінтоспоріоз, церкоспороз, рамуляріоз, антракноз, іржа, септоріоз, аскохітоз, церкоспороз, оливкова плямистість </p>\r\n<table border="1" style="margin: auto; padding: 0px; border-width: 1px; border-style: solid; border-color: inherit; border-image: initial; table-layout: fixed; width: 849px; word-wrap: break-word; color: rgb (119, 119, 119); font-family: Roboto, Arial, sans-serif; background-color: rgb (255, 255, 255); "> <tbody style="margin: 0px; padding: 0px; border-style: inherit; border-width: inherit; border-image: inherit;"> <tr style="margin: 0px; padding: 0px; border-style: inherit; border-width: inherit; border-image: inherit; "> <td style=" margin: 0px; padding: 5px; list-style: none outside none; border: inherit; "> Культура </td> <td style="margin: 0px; padding: 5px; list-style: none outside none; border: inherit; width: 106px;"> Норма витрати препарату,  л / га </td> <td style="margin: 0px; padding : 5px; list-style: none outside none; border: inherit; width: 429px; "> Спектр дії </td> <td style=" margin: 0px; padding: 5px; list-style: none outside none; bo rder: inherit; "> Спосіб, час обробки </td> </tr> <tr style=" margin: 0px; padding: 0px; border-style: inherit; border-width: inherit; border-image: inherit; "> <td style=" margin: 0px; padding: 5px; list-style: none outside none; border: inherit; "> Зернові колосові (озимі, ярі) </td> <td colspan=" 1 " rowspan=" 3 " style=" margin: 0px; padding: 5px; list-style: none outside none; border: inherit; width: 106px; "> <p style=" margin-top: 8px; margin-bottom: 8px; padding: 0px; border: 0px; "> 0,5-0,6 <!-- p--> </p></td> <td colspan=" 1 " style=" margin: 0px; padding: 5px; list-style: none outside none; border: inherit; width: 429px; "> Септоріоз листя, септоріоз колоса, кореневі гнилі, борошниста роса, бура іржа, церкоспорелез, стебловий іржі, гельмінтоспоріоз, фузаріоз </td> <td colspan=" 1 " rowspan=" 5 " style=" margin: 0px; padding: 5px; list-style: none outside none; border: inherit; "> Обприскування в період вегетації культури <br>  </td> </tr> <tr style=" margin: 0px; padding: 0px; border-style: inherit; border-width: inherit; border-image: inherit; "> <td style=" margin: 0px; padding: 5px; list-style: none outside none; border: inherit; "> Соя </td> <td colspan=" 1 " style=" margin: 0px; padding: 5px; list-style: none outside none; border: inherit; width: 429px; "> Церкоспороз, борошниста роса, септоріоз, іржа, антракноз, аскохітоз, оливкова плямистість </td> </tr> <tr style=" margin: 0px; padding: 0px; border-style: inherit; border-width: inherit; border-image: inherit; "> <td style=" margin: 0px; padding: 5px; list-style: none outside none; border: inherit; "> Буряк цукровий </td> <td colspan=" 1 " style=" margin: 0px; padding: 5px; list-style: none outside none; border: inherit; width: 429px; "> рамуляріозу, борошниста роса, церкоспороз </td> </tr> <tr style=" margin: 0px; padding: 0px; border-style: inherit; border-width: inherit; border-image: inherit; "> <td style=" margin: 0px; padding: 5px; list-style: none outside none; border: inherit; "> Льон-довгунець * </td> <td colspan=" 1 " rowspan=" 2 " style=" margin: 0px; padding: 5px; list-style: none outside none; border: inherit; width: 106px; ">  0,6  </td> <td colspan=" 1 " style=" margin: 0px; padding: 5px; list-style: none outside none; border: inherit; width: 429px; "> Пасмо, фузаріоз, антракноз </td> </tr> <tr style=" margin: 0px; padding: 0px; border-style: inherit; border-width: inherit; border-image: inherit; "> <td style=" margin: 0px; padding: 5px; list-style: none outside none; border: inherit; "> Горох * </td> <td colspan=" 1 " style=" margin: 0px; padding: 5px; list-style: none outside none; border: inherit; width: 429px; "> Аскохитоз, сіра гниль</td></tr></tbody></table><p><span style="margin: 0px; padding: 0px; border: 0px;"><br><font color="#777777" face="Roboto, Arial, sans-serif"><b>* Світовий досвід застосування</b></font><b style="color: rgb(119, 119, 119); font-family: Roboto, Arial, sans-serif;">&nbsp;</b></span><b><br></b></p><p><b>Сумісність: </b>  Сумісний з іншими засобами захисту рослин та рідкими добривами, окрім лужних. Однак перед приготуванням бакової суміші пестицидів необхідно перевірити препарати на сумісність</p>\r\n<p> <b> Максимальна кількість обробок </b> -  2</p>\r\n<p> <b> Норма витрати робочого розчину </b> -  200-300 л/га</p>\r\n<p> <b> Особливості застосування: </b> Препарат придатний для застосування протягом вегетації на усіх зернових колосових культурах, буряку цукровому та сої. Оптимальний термін застосування — профілактично в перiод вегетацiї, залежно вiд фiтосанiтарних прогнозiв, а також при появі перших ознак хвороб. Обробку доцільно проводити при температурі в межах від 12 до 25°С та оптимальній вологості повітря</p>', NULL, NULL, NULL, 'uk'),
	(276, 140, 'Страж Фунгицид (Хорус)', '<p>Страж аналог фунгицида Хорус.</p><p>Системный фунгицид для контроля комплекса болезней плодово-ягодных насаждений и винограда.</p>', '<p style="margin-top: 8px; margin-bottom: 8px; padding: 0px; border: 0px; color: rgb(119, 119, 119); font-family: Roboto, Arial, sans-serif;"><strong style="margin: 0px; padding: 0px; border: 0px;">Препаративная форма:&nbsp;</strong>концентрат суспензии</p><p style="margin-top: 8px; margin-bottom: 8px; padding: 0px; border: 0px; color: rgb(119, 119, 119); font-family: Roboto, Arial, sans-serif;"><strong style="margin: 0px; padding: 0px; border: 0px;">Химическая группа:&nbsp;</strong>анилинопиримидины</p><p style="margin-top: 8px; margin-bottom: 8px; padding: 0px; border: 0px; color: rgb(119, 119, 119); font-family: Roboto, Arial, sans-serif;"><strong style="margin: 0px; padding: 0px; border: 0px;">Совместимость:</strong>&nbsp;совместим с другими пестицидами и агрохимикатами, кроме щелочных. Перед приготовлением рабочих смесей целесообразно проверить препараты на совместимость (отсутствие осадка, пены, расслоение, взбивания в комки, неполное растворение одного из препаратов и т.д.). Не рекомендуется смешивать с минеральными маслами и препаратами на основе серы</p><p style="margin-top: 8px; margin-bottom: 8px; padding: 0px; border: 0px; color: rgb(119, 119, 119); font-family: Roboto, Arial, sans-serif;"><strong style="margin: 0px; padding: 0px; border: 0px;">Механизм действия:&nbsp;</strong>имеет чрезвычайно высокое&nbsp;системное&nbsp;действие</p><p style="margin-top: 8px; margin-bottom: 8px; padding: 0px; border: 0px; color: rgb(119, 119, 119); font-family: Roboto, Arial, sans-serif;">Ципродинил нарушает жизненный цикл грибов, главным образом в момент проникновения и роста мицелия в растительных тканях, останавливает биосинтез аминокислот. Он характеризуется акропетальным (снизу вверх)&nbsp;и трансламинарным перемещением</p><p style="margin-top: 8px; margin-bottom: 8px; padding: 0px; border: 0px; color: rgb(119, 119, 119); font-family: Roboto, Arial, sans-serif;"><strong style="margin: 0px; padding: 0px; border: 0px;">Спектр действия:</strong>&nbsp;мучнистая роса, парша, курчавость листьев, клястероспориоз, милдью, оидиуму, монилиоз, серая гниль</p><table border="1" style="margin: auto; padding: 0px; border-width: 1px; border-style: solid; border-color: inherit; border-image: initial; table-layout: fixed; width: 849px; word-wrap: break-word; color: rgb(119, 119, 119); font-family: Roboto, Arial, sans-serif; background-color: rgb(255, 255, 255);">\r\n   <tbody style="margin: 0px; padding: 0px; border-style: inherit; border-width: inherit; border-image: inherit;">\r\n      <tr style="margin: 0px; padding: 0px; border-style: inherit; border-width: inherit; border-image: inherit;">\r\n         <td style="margin: 0px; padding: 5px; list-style: none outside none; border: inherit;">Культура</td>\r\n         <td style="margin: 0px; padding: 5px; list-style: none outside none; border: inherit; width: 112px;">Норма расхода препарата,л/га</td>\r\n         <td style="margin: 0px; padding: 5px; list-style: none outside none; border: inherit; width: 359px;">Спектр действия</td>\r\n         <td style="margin: 0px; padding: 5px; list-style: none outside none; border: inherit;">Способ, время обработки</td>\r\n      </tr>\r\n      <tr style="margin: 0px; padding: 0px; border-style: inherit; border-width: inherit; border-image: inherit;">\r\n         <td style="margin: 0px; padding: 5px; list-style: none outside none; border: inherit;">Виноград, яблоня, персик</td>\r\n         <td colspan="1" style="margin: 0px; padding: 5px; list-style: none outside none; border: inherit; width: 112px;">\r\n            <p style="margin-top: 8px; margin-bottom: 8px; padding: 0px; border: 0px;">0,3-0,4</p>\r\n         </td>\r\n         <td colspan="1" style="margin: 0px; padding: 5px; list-style: none outside none; border: inherit; width: 359px;">Мучнистая роса, парша, курчавость листьев, клястероспориоз, милдью, оидиум, монилиоз, серая гниль</td>\r\n         <td colspan="1" rowspan="2" style="margin: 0px; padding: 5px; list-style: none outside none; border: inherit;">Опрыскивание в период вегетации культуры<br></td>\r\n      </tr>\r\n      <tr style="margin: 0px; padding: 0px; border-style: inherit; border-width: inherit; border-image: inherit;">\r\n         <td style="margin: 0px; padding: 5px; list-style: none outside none; border: inherit;">Груша, вишня, черешня, слива, абрикос</td>\r\n         <td colspan="1" rowspan="1" style="margin: 0px; padding: 5px; list-style: none outside none; border: inherit; width: 112px;">0,3-0,4</td>\r\n         <td colspan="1" style="margin: 0px; padding: 5px; list-style: none outside none; border: inherit; width: 359px;">Коккомикоз, монилиоз, клястероспориоз, курчавость листьев, парша</td>\r\n      </tr>\r\n      <tr style="margin: 0px; padding: 0px; border-style: inherit; border-width: inherit; border-image: inherit;">\r\n         <td style="margin: 0px; padding: 5px; list-style: none outside none; border: inherit;">Клубника садовая</td>\r\n         <td colspan="1" style="margin: 0px; padding: 5px; list-style: none outside none; border: inherit; width: 112px; text-align: center;">_</td>\r\n         <td colspan="1" style="margin: 0px; padding: 5px; list-style: none outside none; border: inherit; width: 359px;">Серая гниль, белая и бурая пятнистость, мучнистая роса</td>\r\n         <td colspan="1" rowspan="2" style="margin: 0px; padding: 5px; list-style: none outside none; border: inherit;">Опрыскивание в период вегетации культуры (профилактически и при первых признаках болезни)</td>\r\n      </tr>\r\n      <tr style="margin: 0px; padding: 0px; border-style: inherit; border-width: inherit; border-image: inherit;">\r\n         <td style="margin: 0px; padding: 5px; list-style: none outside none; border: inherit;">Злаковые газонные травы</td>\r\n         <td colspan="1" style="margin: 0px; padding: 5px; list-style: none outside none; border: inherit; width: 112px; text-align: center;">_</td>\r\n         <td colspan="1" style="margin: 0px; padding: 5px; list-style: none outside none; border: inherit; width: 359px;">Пятнистости листья</td>\r\n      </tr>\r\n   </tbody>\r\n</table><p style="margin-top: 8px; margin-bottom: 8px; padding: 0px; border: 0px; color: rgb(119, 119, 119); font-family: Roboto, Arial, sans-serif;"><strong style="margin: 0px; padding: 0px; border: 0px;">Максимальное количество обработок</strong>&nbsp;-&nbsp; 2. Период ожидания от последней обработки до сбора урожая яблони, персика - 30 суток, виноград - 20 суток.&nbsp;</p><p style="margin-top: 8px; margin-bottom: 8px; padding: 0px; border: 0px; color: rgb(119, 119, 119); font-family: Roboto, Arial, sans-serif;"><strong style="margin: 0px; padding: 0px; border: 0px;">Норма расхода рабочего раствора</strong>&nbsp;- 500-1000 л / га - плодовые насаждения; 500-800 л / га - виноград; Нормы расхода рабочего раствора необходимо выбирать в зависимости от фазы развития культуры, возраста насаждений и степени развития болезни.&nbsp;</p><p style="margin-top: 8px; margin-bottom: 8px; padding: 0px; border: 0px; color: rgb(119, 119, 119); font-family: Roboto, Arial, sans-serif;"><strong style="margin: 0px; padding: 0px; border: 0px;">Особенности применения:&nbsp;</strong>обработку целесообразно проводить при благоприятных погодных условиях (отсутствие атмосферных осадков, значительная росы, температура воздуха от 10 до 25 ° С). Оптимальная фаза применения - от фазы зеленого конуса до цветения. Обработку целесообразно проводить при температуре в пределах от 12 до 20 ° С и оптимальной влажности воздуха. Не рекомендуется проводить опрыскивание за 2 часа до выпадения осадков.</p>', NULL, NULL, NULL, 'ru'),
	(277, 140, 'Страж Фунгіцид (Хорус)', '<p>Страж аналог фунгіциду Хорус.</p><p>Системний фунгіцид для контролю комплексу хвороб плодово-ягідних насаджень та винограду.</p>', '<p> <b> Діюча речовина: </b> ципродиніл 500 г / л </p>\r\n<p> <b> Препаративна форма: </b> Концентрат суспензії </p>\r\n<p> <b> Хімічна група: </b> Анілінопіримідини </p>\r\n<p> <b> Механізм дії: </b> Має надзвичайно високу системну дію. Ципродиніл порушує життєвий цикл грибів, головним чином у момент проникнення і росту міцелію в рослинних тканинах, зупиняє біосинтез амінокислот. Він характеризується акропетальним та трансламінарним переміщенням </p>\r\n<p> <b> Спектр дії: </b> Борошниста роса, парша, кучерявість листя, клястероспоріоз, мілдью, оїдіум, моніліоз, сіра гниль </p>\r\n\r\n   \r\n      \r\n         \r\n         \r\n         \r\n         \r\n      \r\n      \r\n         \r\n         \r\n         \r\n         \r\n      \r\n      \r\n         \r\n         \r\n         \r\n      \r\n      \r\n         \r\n         \r\n         \r\n         \r\n      \r\n      \r\n         \r\n         \r\n         \r\n      \r\n   <table border="1" style="margin: auto; padding: 0px; border-width: 1px; border-style: solid; border-color: inherit; border-image: initial; table-layout: fixed; width: 849px; word-wrap: break-word; color: rgb (119, 119, 119); font-family: Roboto, Arial, sans-serif; background-color: rgb (255, 255, 255); "><tbody style="margin: 0px; padding: 0px; border-style: inherit; border-width: inherit; border-image: inherit;"><tr style="margin: 0px; padding: 0px; border-style: inherit; border-width: inherit; border-image: inherit;"><td style="margin: 0px; padding: 5px; list-style: none outside none; border: inherit;"> Культура </td><td style="margin: 0px; padding: 5px; list-style: none outside none; border: inherit; width: 112px;"> Норма витрати препарату, л / га </td><td style="margin: 0px; padding: 5px; list-style: none outside none; border: inherit; width: 359px;"> Спектр дії </td><td style="margin: 0px; padding: 5px; list-style: none outside none; border: inherit;"> Спосіб, час обробки </td></tr><tr style="margin: 0px; padding: 0px; border-style: inherit; border-width: inherit; border-image: inherit;"><td style="margin: 0px; padding: 5px; list-style: none outside none; border: inherit;"> Виноград, яблуня, персик </td><td colspan="1" style="margin: 0px; padding: 5px; list-style: none outside none; border: inherit; width: 112px;">\r\n            <p style="margin-top: 8px; margin-bottom: 8px; padding: 0px; border: 0px;"> 0,3-0,4 <!-- p-->\r\n         </p></td><td colspan="1" style="margin: 0px; padding: 5px; list-style: none outside none; border: inherit; width: 359px;"> Борошниста роса, парша, курчавость листя, клястероспоріоз, мілдью, оїдіум, моніліоз, сіра гниль </td><td colspan="1" rowspan="2" style="margin: 0px; padding: 5px; list-style: none outside none; border: inherit;"> Обприскування в період вегетації культури <br> </td></tr><tr style="margin: 0px; padding: 0px; border-style: inherit; border-width: inherit; border-image: inherit;"><td style="margin: 0px; padding: 5px; list-style: none outside none; border: inherit;"> Груша, вишня, черешня, слива, абрикос </td><td colspan="1" rowspan="1" style="margin: 0px; padding: 5px; list-style: none outside none; border: inherit; width: 112px;"> 0,3-0,4 </td><td colspan="1" style="margin: 0px; padding: 5px; list-style: none outside none; border: inherit; width: 359px;"> Коккомікоз, Моніліоз, клястероспоріоз, курчавость листя, парша </td></tr><tr style="margin: 0px; padding: 0px; border-style: inherit; border-width: inherit; border-image: inherit;"><td style="margin: 0px; padding: 5px; list-style: none outside none; border: inherit;"> Полуниця садова </td><td colspan="1" style="margin: 0px; padding: 5px; list-style: none outside none; border: inherit; width: 112px; text-align: center;"> _ </td><td colspan="1" style="margin: 0px; padding: 5px; list-style: none outside none; border: inherit; width: 359px;"> Сіра гниль, біла і бура плямистість, борошниста роса </td><td colspan="1" rowspan="2" style="margin: 0px; padding: 5px; list-style: none outside none; border: inherit;"> Обприскування в період вегетації культури (профілактично і при перших ознаках хвороби) </td></tr><tr style="margin: 0px; padding: 0px; border-style: inherit; border-width: inherit; border-image: inherit;"><td style="margin: 0px; padding: 5px; list-style: none outside none; border: inherit;"> Злакові газонні трави </td><td colspan="1" style="margin: 0px; padding: 5px; list-style: none outside none; border: inherit; width: 112px; text-align: center;"> _ </td><td colspan="1" style="margin: 0px; padding: 5px; list-style: none outside none; border: inherit; width: 359px;"> Плямистості листя </td></tr></tbody>\r\n</table>\r\n<p> <b> </b></p><p><b><br></b></p><p><b>Сумісність: </b> Сумісний з іншими пестицидами та агрохімікатами, за виключенням лужних. Однак в кожному конкретному випадку доцільно провести тест на сумісність </p>\r\n<p> <b> Максимальна кількість обробок </b> -  2 Період очікування від останньої обробки до збирання врожаю яблуні, персика - 30 діб, виноград - 20 діб.</p>\r\n<p> <b> Норма витрати робочого розчину </b> -  Плодові насадження — 500-1000 л/га, виноград — 500-800 л/га. Норми витрат робочого розчину необхідно вибирати в залежності від фази розвитку культури та ступеня розвитку хвороби</p>\r\n<p> <b> Особливості застосування: </b> Обробку доцільно проводити при температурі в межах від 12 до 20°С та оптимальній вологості повітря. Не рекомендується проводити обприскування за 2 години до випадання опадів. Оптимальна фаза застосування – від фази зеленого конуса до цвітіння</p>', NULL, NULL, NULL, 'uk'),
	(278, 141, 'Дезарал Экстра Фунгицид', '<p><span style="color: rgb(119, 119, 119); font-family: Roboto, Arial, sans-serif;">Высокоэффективный фунгицид профилактического и лечебного действия для защиты посевов зерновых колосовых культур от широкого спектра болезней</span><br></p>', '<p style="margin-top: 8px; margin-bottom: 8px; padding: 0px; border: 0px; color: rgb(119, 119, 119); font-family: Roboto, Arial, sans-serif;"><strong style="margin: 0px; padding: 0px; border: 0px;">Препаративная форма: </strong>РР</p><p style="margin-top: 8px; margin-bottom: 8px; padding: 0px; border: 0px; color: rgb(119, 119, 119); font-family: Roboto, Arial, sans-serif;"><strong style="margin: 0px; padding: 0px; border: 0px;">Химическая группа: </strong>производные дитиокарбаминовой кислоты + триазолы</p><p style="margin-top: 8px; margin-bottom: 8px; padding: 0px; border: 0px; color: rgb(119, 119, 119); font-family: Roboto, Arial, sans-serif;"><strong style="margin: 0px; padding: 0px; border: 0px;">Механизм действия: </strong>контактно-системный</p><p style="margin-top: 8px; margin-bottom: 8px; padding: 0px; border: 0px; color: rgb(119, 119, 119); font-family: Roboto, Arial, sans-serif;">Карбендазим - ингибитор грибов-патогенов на всех фазах их развития, который подавляет развитие возбудителей болезней на ранней стадии где блокирует процессы деления клеток (митоз) в фитопатогена, в результате чего рост мицелия гриба останавливается и он погибает</p><p style="margin-top: 8px; margin-bottom: 8px; padding: 0px; border: 0px; color: rgb(119, 119, 119); font-family: Roboto, Arial, sans-serif;">Флутриафол - быстро поглощается поверхностью растений и перемещается по всему растению акропетально (снизу вверх) через лучисто-волокнистые пучки. При этом нарушает процессы синтеза эргостеролов в мембранах клеток возбудителей болезней, в результате чего мембраны клеток теряют свои свойства и фитопатогены погибают</p><p style="margin-top: 8px; margin-bottom: 8px; padding: 0px; border: 0px; color: rgb(119, 119, 119); font-family: Roboto, Arial, sans-serif;"><strong style="margin: 0px; padding: 0px; border: 0px;">Спектр действия:</strong> мучнистая роса, септориоз, ржавчина, церкоспорелезная корневая гниль, гельминтоспориоз</p><table border="1" style="margin: auto; padding: 0px; border-width: 1px; border-style: solid; border-color: inherit; border-image: initial; table-layout: fixed; width: 849px; word-wrap: break-word; color: rgb(119, 119, 119); font-family: Roboto, Arial, sans-serif; background-color: rgb(255, 255, 255);"><tbody style="margin: 0px; padding: 0px; border-style: inherit; border-width: inherit; border-image: inherit;"><tr style="margin: 0px; padding: 0px; border-style: inherit; border-width: inherit; border-image: inherit;"><td style="margin: 0px; padding: 5px; list-style: none outside none; border: inherit;">Культура</td><td style="margin: 0px; padding: 5px; list-style: none outside none; border: inherit;">Норма расхода препарата, л/га</td><td style="margin: 0px; padding: 5px; list-style: none outside none; border: inherit;">Спектр действия</td><td style="margin: 0px; padding: 5px; list-style: none outside none; border: inherit;">Способ, время обработки</td></tr><tr style="margin: 0px; padding: 0px; border-style: inherit; border-width: inherit; border-image: inherit;"><td style="margin: 0px; padding: 5px; list-style: none outside none; border: inherit;">Зерновые колосовые (озимые, яровые)</td><td colspan="1" style="margin: 0px; padding: 5px; list-style: none outside none; border: inherit;"><p style="margin-top: 8px; margin-bottom: 8px; padding: 0px; border: 0px;">0,6-1,0</p></td><td colspan="1" style="margin: 0px; padding: 5px; list-style: none outside none; border: inherit;">Мучнистая роса, септориоз, ржавчина, гельминтоспориоз, церкоспорельозна корневая гниль</td><td colspan="1" style="margin: 0px; padding: 5px; list-style: none outside none; border: inherit;">Опрыскивание в период вегетации культуры (профилактически при первых признаках проявления болезни)<br> </td></tr><tr style="margin: 0px; padding: 0px; border-style: inherit; border-width: inherit; border-image: inherit;"><td colspan="1" rowspan="1" style="margin: 0px; padding: 5px; list-style: none outside none; border: inherit;">Подсолнечник*</td><td colspan="1" rowspan="1" style="margin: 0px; padding: 5px; list-style: none outside none; border: inherit;">0,8-1,0</td><td colspan="1" rowspan="1" style="margin: 0px; padding: 5px; list-style: none outside none; border: inherit;">Фомопсис, альтернариозом, ржавчина, септориоз, фомоз</td><td colspan="1" rowspan="5" style="margin: 0px; padding: 5px; list-style: none outside none; border: inherit;">Опрыскивание в период вегетации культуры (профилактически или при первых признаках проявлении болезни)<br> </td></tr><tr style="margin: 0px; padding: 0px; border-style: inherit; border-width: inherit; border-image: inherit;"><td style="margin: 0px; padding: 5px; list-style: none outside none; border: inherit;">Горох*</td><td colspan="1" style="margin: 0px; padding: 5px; list-style: none outside none; border: inherit;">0,6-0,8</td><td colspan="1" style="margin: 0px; padding: 5px; list-style: none outside none; border: inherit;">Фузариозная корневая гниль, антракноз, мучнистая роса</td></tr><tr style="margin: 0px; padding: 0px; border-style: inherit; border-width: inherit; border-image: inherit;"><td style="margin: 0px; padding: 5px; list-style: none outside none; border: inherit;">Соя*</td><td colspan="1" style="margin: 0px; padding: 5px; list-style: none outside none; border: inherit;">0,8</td><td colspan="1" style="margin: 0px; padding: 5px; list-style: none outside none; border: inherit;">Антракноз, ржавчина, септориоз, мучнистая роса</td></tr><tr style="margin: 0px; padding: 0px; border-style: inherit; border-width: inherit; border-image: inherit;"><td style="margin: 0px; padding: 5px; list-style: none outside none; border: inherit;">Свекла сахарная* </td><td colspan="1" style="margin: 0px; padding: 5px; list-style: none outside none; border: inherit;">0,6-0,8</td><td colspan="1" style="margin: 0px; padding: 5px; list-style: none outside none; border: inherit;">Альтернариоз, мучнистая роса, церкоспороз</td></tr><tr style="margin: 0px; padding: 0px; border-style: inherit; border-width: inherit; border-image: inherit;"><td style="margin: 0px; padding: 5px; list-style: none outside none; border: inherit;">Рис*</td><td colspan="1" style="margin: 0px; padding: 5px; list-style: none outside none; border: inherit;">0,8-1,0</td><td colspan="1" style="margin: 0px; padding: 5px; list-style: none outside none; border: inherit;">Пирикуляриоз </td></tr></tbody></table><p style="margin-top: 8px; margin-bottom: 8px; padding: 0px; border: 0px; color: rgb(119, 119, 119); font-family: Roboto, Arial, sans-serif;"><strong style="margin: 0px; padding: 0px; border: 0px;">*</strong><em style="margin: 0px; padding: 0px; border: 0px;">Мировой опыт применения</em><strong style="margin: 0px; padding: 0px; border: 0px;"> </strong></p><p style="margin-top: 8px; margin-bottom: 8px; padding: 0px; border: 0px; color: rgb(119, 119, 119); font-family: Roboto, Arial, sans-serif;"><strong style="margin: 0px; padding: 0px; border: 0px;">Совместимость:</strong> совместим с другими средствами защиты растений и жидкими удобрениями, кроме щелочных. Однако перед приготовлением баковой смеси пестицидов необходимо проверить препараты на совместимость</p><p style="margin-top: 8px; margin-bottom: 8px; padding: 0px; border: 0px; color: rgb(119, 119, 119); font-family: Roboto, Arial, sans-serif;"><strong style="margin: 0px; padding: 0px; border: 0px;">Максимальное количество обработок</strong> - 2.</p><p style="margin-top: 8px; margin-bottom: 8px; padding: 0px; border: 0px; color: rgb(119, 119, 119); font-family: Roboto, Arial, sans-serif;"><strong style="margin: 0px; padding: 0px; border: 0px;">Норма расхода рабочего раствора</strong> - 200-300 л/га.</p><p style="margin-top: 8px; margin-bottom: 8px; padding: 0px; border: 0px; color: rgb(119, 119, 119); font-family: Roboto, Arial, sans-serif;"><strong style="margin: 0px; padding: 0px; border: 0px;">Особенности применения:</strong> опрыскивание проводят в период вегетации культур, профилактически и при первых признаках проявления болезней. Оптимальный срок применения препарата - от начала кущения до фазы второго узла в зерновых. Обработку целесообразно проводить при температуре в пределах 15-25 ° С и оптимальной влажности воздуха при скорости ветра не более 5 м/с. Немаловажным фактором высокой эффективности действия препарата является равномерное и качественное опрыскивание всей поверхности культурного растения без стекания рабочего раствора с поверхности. За счет побочного фумигантного действия препарат надежно защищает культуры от мучнистой росы</p>', NULL, NULL, NULL, 'ru'),
	(279, 141, 'Дезарал Екстра Фунгіцид', '<p>Високоефективний фунгіцид профілактичної та лікувальної дії для захисту посівів зернових колосових культур від широкого спектру хвороб<br></p>', '<p> <b> Діюча речовина: </b>карбендазим 500 г / л + флутриафол 250 г / л  </p>\r\n<p> <b> Препаративна форма: </b> Концентрат суспензії </p>\r\n<p> <b> Хімічна група: </b> Похідні дитіокарбамінової кислоти </p>\r\n<p> <b> Механізм дії: </b> Має системну дію. Карбендазим — інгібітор грибів- патогенів на всіх фазах їх розвитку, який пригнічує розвиток збудників хвороб на ранній стадії, захищаючи рослину від внутрішніх та зовнішніх інфекцій, що передаються через насіння та ґрунт. </p>\r\n<p> <b> Спектр дії: </b> Борошниста роса, септоріоз, іржа, кореневі гнилі, біла та сіра гнилі, фомоз, церкоспороз </p>\r\n<table border="1" style="margin: auto; padding: 0px; border-width: 1px; border-style: solid; border-color: inherit; border-image: initial; table-layout: fixed; width: 849px; word-wrap: break-word; color: rgb (119, 119, 119); font-family: Roboto, Arial, sans-serif; background-color: rgb (255, 255, 255); "> <tbody style="margin: 0px; padding: 0px; border-style: inherit; border-width: inherit; border-image: inherit;"> <tr style="margin: 0px; padding: 0px; border-style: inherit; border-width: inherit; border-image: inherit; "> <td style=" margin: 0px; padding: 5px; list-style: none outside none; border: inherit; "> Культура </td> <td style="margin: 0px; padding: 5px; list-style: none outside none; border: inherit;"> Норма витрати препарату, л / га </td> <td style="margin: 0px; padding: 5px; list-style : none outside none; border: inherit; "> Спектр дії </td> <td style=" margin: 0px; padding: 5px; list-style: none outside none; border: inherit; "> Спосіб, в емя обробки </td> </tr> <tr style="margin: 0px; padding: 0px; border-style: inherit; border-width: inherit; border-image: inherit; "> <td style=" margin: 0px; padding: 5px; list-style: none outside none; border: inherit; "> Зернові колосові (озимі, ярі) </td> <td colspan=" 1 " style=" margin: 0px; padding: 5px; list-style: none outside none; border: inherit; "> <p style=" margin-top: 8px; margin-bottom: 8px; padding: 0px; border: 0px; "> 0,6-1,0 <!-- p--> </p></td> <td colspan=" 1 " style=" margin: 0px; padding: 5px; list-style: none outside none; border: inherit; "> Борошниста роса, септоріоз, іржа, гельмінтоспоріоз, церкоспорельозна коренева гниль </td> <td colspan=" 1 " style=" margin: 0px; padding: 5px; list-style: none outside none; border: inherit; "> Обприскування в період вегетації культури (профілактично при перших ознаках прояву хвороби) <br>  </td> </tr> <tr style=" margin: 0px; padding: 0px; border-style: inherit; border-width: inherit; border-image: inherit; "> <td colspan=" 1 " rowspan=" 1 " style=" margin: 0px; padding: 5px; list-style: none outside none; border: inherit; "> Соняшник * </td> <td colspan=" 1 " rowspan=" 1 " style=" margin: 0px; padding: 5px; list-style: none outside none; border: inherit; "> 0,8-1,0 </td> <td colspan=" 1 " rowspan=" 1 " style=" margin: 0px; padding: 5px; list-style: none outside none; border: inherit; "> Фомопсис, альтернаріоз, іржа, септоріоз, фомоз </td> <td colspan=" 1 " rowspan=" 5 " style=" margin: 0px; padding: 5px; list-style: none outside none; border: inherit; "> Обприскування в період вегетації культури (профілактично або при перших ознаках прояві хвороби) <br>  </td> </tr> <tr style=" margin: 0px; padding: 0px; border-style: inherit; border-width: inherit; border-image: inherit; "> <td style=" margin: 0px; padding: 5px; list-style: none outside none; border: inherit; "> Горох * </td> <td colspan=" 1 " style=" margin: 0px; padding: 5px; list-style: none outside none; border: inherit; "> 0,6-0,8 </td> <td colspan=" 1 " style=" margin: 0px; padding: 5px; list-style: none outside none; border: inherit; "> Фузаріозна коренева гниль, антракноз, борошниста роса </td> </tr> <tr style=" margin: 0px; padding: 0px; border-style: inherit; border-width: inherit; border-image: inherit; "> <td style=" margin: 0px; padding: 5px; list-style: none outside none; border: inherit; "> Соя * </td> <td colspan=" 1 " style=" margin: 0px; padding: 5px; list-style: none outside none; border: inherit; "> 0,8 </td> <td colspan=" 1 " style=" margin: 0px; padding: 5px; list-style: none outside none; border: inherit; "> Антракноз, іржа, септоріоз, борошниста роса </td> </tr> <tr style=" margin: 0px; padding: 0px; border-style: inherit; border-width: inherit; border-image: inherit; "> <td style=" margin: 0px; padding: 5px; list-style: none outside none; border: inherit; "> Буряк цукровий *  </td> <td colspan=" 1 " style=" margin: 0px; padding: 5px; list-style: none outside none; border: inherit; "> 0,6-0,8 </td> <td colspan=" 1 " style=" margin: 0px; padding: 5px; list-style: none outside none; border: inherit; "> альтернаріоз, борошниста роса, церкоспороз </td> </tr> <tr style=" margin: 0px; padding: 0px; border-style: inherit; border-width: inherit; border-image: inherit; "> <td style=" margin: 0px; padding: 5px; list-style: none outside none; border: inherit; "> Рис * </td> <td colspan=" 1 " style=" margin: 0px; padding: 5px; list-style: none outside none; border: inherit; "> 0,8-1,0 </td> <td colspan=" 1 " style=" margin: 0px; padding: 5px; list-style: none outside none; border: inherit; "> Пірікуляріоз  </td> </tr> </tbody> </table>\r\n<p> <b> </b></p><p><font color="#777777" face="Roboto, Arial, sans-serif">* Світовий досвід застосування</font><br></p><p><b>Сумісність: </b> Сумісний з іншими пестицидами та агрохімікатами, окрім лужних. Однак перед приготуванням бакової суміші пестицидів необхідно перевірити препарати на сумісність </p>\r\n<p> <b> Максимальна кількість обробок </b> - 2 </p>\r\n<p> <b> Норма витрати робочого розчину </b> - 200-300 л/га при обприскуванні, при протруюванні — 10 л на 1 т насіння </p>\r\n<p> <b> Особливості застосування: </b>Препарат придатний для застосування протягом вегетації на усіх зернових колосових культурах. Оптимальний термін застосування — від початку кущення до фази другого вузла у зернових. Для захисту соняшника та буряків цукрових проводять профілактичне обприскування. Для повного захисту соняшнику доцільно проводити профілактичні обробки: перша — у фазі формування кошиків, друга — через 14 днів. На буряках цукрових застосовують при появі перших ознак хвороби. Обробку доцільно проводити при температурі в межах від 15 до 25°С та оптимальній вологості повітря. Суміші з рідкими азотними добривами сприяють підвищенню ефективності дії препарату, але необхідно остерігатися підвищених температур, щоб уникнути опіків на культурних рослинах. Перед використанням препарат ДЕЗАРАЛ ретельно збовтати у каністрі\r\n </p>', NULL, NULL, NULL, 'uk'),
	(280, 142, 'Делавит Фунгицид', '<p><span style="color: rgb(119, 119, 119); font-family: Roboto, Arial, sans-serif;">Контактный фунгицид профилактического и лечебного действия для защиты плодовых и овощных культур от комплекса болезней</span><br></p>', '<p style="margin-top: 8px; margin-bottom: 8px; padding: 0px; border: 0px; color: rgb(119, 119, 119); font-family: Roboto, Arial, sans-serif;"><strong style="margin: 0px; padding: 0px; border: 0px;">Препаративная форма: </strong>концентрат суспензии</p><p style="margin-top: 8px; margin-bottom: 8px; padding: 0px; border: 0px; color: rgb(119, 119, 119); font-family: Roboto, Arial, sans-serif;"><strong style="margin: 0px; padding: 0px; border: 0px;">Химическая группа: </strong>дитианы (хиноны)<strong style="margin: 0px; padding: 0px; border: 0px;">.</strong></p><p style="margin-top: 8px; margin-bottom: 8px; padding: 0px; border: 0px; color: rgb(119, 119, 119); font-family: Roboto, Arial, sans-serif;"><strong style="margin: 0px; padding: 0px; border: 0px;">Совместимость:</strong> совместим с другими пестицидами и агрохимикатами, кроме щелочных. Перед приготовлением рабочих смесей целесообразно проверить препараты на совместимость (отсутствие осадка, пены, расслоение, взбивания в комки, неполное растворение одного из препаратов и т.д.). Не рекомендуется смешивать с минеральными маслами и препаратами на основе серы</p><p style="margin-top: 8px; margin-bottom: 8px; padding: 0px; border: 0px; color: rgb(119, 119, 119); font-family: Roboto, Arial, sans-serif;"><strong style="margin: 0px; padding: 0px; border: 0px;">Механизм действия: </strong>дитианон обладает контактным действием. Фунгицид влияет на ферменты с тиоловой группой, участвующих в клеточном дыхании грибов. Механизм действия заключается в подавлении развития спор возбудителей болезней на поверхности листьев и плодов</p><p style="margin-top: 8px; margin-bottom: 8px; padding: 0px; border: 0px; color: rgb(119, 119, 119); font-family: Roboto, Arial, sans-serif;"><strong style="margin: 0px; padding: 0px; border: 0px;">Спектр действия:</strong> парша, плодовые гнили и пятнистости листьев (дополнительное действие)</p><table border="1" style="margin: auto; padding: 0px; border-width: 1px; border-style: solid; border-color: inherit; border-image: initial; table-layout: fixed; width: 849px; word-wrap: break-word; color: rgb(119, 119, 119); font-family: Roboto, Arial, sans-serif; background-color: rgb(255, 255, 255);"><tbody style="margin: 0px; padding: 0px; border-style: inherit; border-width: inherit; border-image: inherit;"><tr style="margin: 0px; padding: 0px; border-style: inherit; border-width: inherit; border-image: inherit;"><td style="margin: 0px; padding: 5px; list-style: none outside none; border: inherit;">Культура</td><td style="margin: 0px; padding: 5px; list-style: none outside none; border: inherit; width: 106px;">Норма расхода препарата, л/га</td><td style="margin: 0px; padding: 5px; list-style: none outside none; border: inherit; width: 429px;">Спектр действия</td><td style="margin: 0px; padding: 5px; list-style: none outside none; border: inherit;">Способ, время обработки</td></tr><tr style="margin: 0px; padding: 0px; border-style: inherit; border-width: inherit; border-image: inherit;"><td style="margin: 0px; padding: 5px; list-style: none outside none; border: inherit;">Виноград*</td><td colspan="1" style="margin: 0px; padding: 5px; list-style: none outside none; border: inherit; width: 106px;"><p style="margin-top: 8px; margin-bottom: 8px; padding: 0px; border: 0px;">1,0-2,0</p></td><td colspan="1" style="margin: 0px; padding: 5px; list-style: none outside none; border: inherit; width: 429px;">Милдью</td><td colspan="1" rowspan="5" style="margin: 0px; padding: 5px; list-style: none outside none; border: inherit;">Опрыскивание в период вегетации культуры<br> </td></tr><tr style="margin: 0px; padding: 0px; border-style: inherit; border-width: inherit; border-image: inherit;"><td style="margin: 0px; padding: 5px; list-style: none outside none; border: inherit;">Картофель*</td><td colspan="1" style="margin: 0px; padding: 5px; list-style: none outside none; border: inherit; width: 106px;">2,0</td><td colspan="1" style="margin: 0px; padding: 5px; list-style: none outside none; border: inherit; width: 429px;">Альтернариоз, фитофтороз</td></tr><tr style="margin: 0px; padding: 0px; border-style: inherit; border-width: inherit; border-image: inherit;"><td style="margin: 0px; padding: 5px; list-style: none outside none; border: inherit;">Персик*</td><td colspan="1" style="margin: 0px; padding: 5px; list-style: none outside none; border: inherit; width: 106px;">2,0</td><td colspan="1" style="margin: 0px; padding: 5px; list-style: none outside none; border: inherit; width: 429px;">Клястероспориоз, курчавость листьев, парша</td></tr><tr style="margin: 0px; padding: 0px; border-style: inherit; border-width: inherit; border-image: inherit;"><td style="margin: 0px; padding: 5px; list-style: none outside none; border: inherit;">Плодовые культуры</td><td colspan="1" style="margin: 0px; padding: 5px; list-style: none outside none; border: inherit; width: 106px;">1,0-2,0</td><td colspan="1" style="margin: 0px; padding: 5px; list-style: none outside none; border: inherit; width: 429px;">Плодовая гниль, пятнистости листьев, парша</td></tr><tr style="margin: 0px; padding: 0px; border-style: inherit; border-width: inherit; border-image: inherit;"><td style="margin: 0px; padding: 5px; list-style: none outside none; border: inherit;">Слива*</td><td colspan="1" style="margin: 0px; padding: 5px; list-style: none outside none; border: inherit; width: 106px;">1,5</td><td colspan="1" style="margin: 0px; padding: 5px; list-style: none outside none; border: inherit; width: 429px;">Клястероспориоз, монилиоз</td></tr></tbody></table><p style="margin-top: 8px; margin-bottom: 8px; padding: 0px; border: 0px; color: rgb(119, 119, 119); font-family: Roboto, Arial, sans-serif;"><strong style="margin: 0px; padding: 0px; border: 0px;">*</strong><em style="margin: 0px; padding: 0px; border: 0px;">Мировой опыт применения</em><strong style="margin: 0px; padding: 0px; border: 0px;"> </strong></p><p style="margin-top: 8px; margin-bottom: 8px; padding: 0px; border: 0px; color: rgb(119, 119, 119); font-family: Roboto, Arial, sans-serif;"><strong style="margin: 0px; padding: 0px; border: 0px;">Максимальное количество обработок</strong> - 3.</p><p style="margin-top: 8px; margin-bottom: 8px; padding: 0px; border: 0px; color: rgb(119, 119, 119); font-family: Roboto, Arial, sans-serif;"><strong style="margin: 0px; padding: 0px; border: 0px;">Норма расхода рабочего раствора</strong> - 500-1000 л / га - плодовые насаждения; 500-800 л / га - виноград; 200-300 л / га - картофель. Нормы расхода рабочего раствора необходимо выбирать в зависимости от фазы развития культуры, возраста насаждений и степени развития болезни. Минимальные нормы расхода используются в начале вегетации и низком инфекционном фоне; максимальные - при полном развитии листовой поверхности и высоком инфекционном фоне.</p><p style="margin-top: 8px; margin-bottom: 8px; padding: 0px; border: 0px; color: rgb(119, 119, 119); font-family: Roboto, Arial, sans-serif;"><strong style="margin: 0px; padding: 0px; border: 0px;">Особенности применения:</strong></p><p style="margin-top: 8px; margin-bottom: 8px; padding: 0px; border: 0px; color: rgb(119, 119, 119); font-family: Roboto, Arial, sans-serif;">Лучший результат достигается при профилактическом применении фунгицида. Фунгицид Делавит является высокоэффективным в контроле первичной инфекции парши (весной - заражение аскоспорами) и вторичного заражения (летом - конидиальное спороношения). Действующее вещество препарата не полностью растворяется в воде, за счет чего увеличивается продолжительность действия. После обработки на растении образуется устойчивый к осадкам защитный слой, надежно сдерживает прорастание спор и споруляцию возбудителей. Отдельная часть действующего вещества впоследствии растворяется в воде (осадки, роса и т.д.) и обеспечивает более длительное фунгицидное действие и защиту нового прироста в сравнении с другими контактными препаратами. Способность удерживаться на обрабатывающей поверхности и повторный распределение обеспечивают высокую эффективность действия в дождевых условиях и при низких температурах в начале вегетации.</p><p style="margin-top: 8px; margin-bottom: 8px; padding: 0px; border: 0px; color: rgb(119, 119, 119); font-family: Roboto, Arial, sans-serif;">Лучшим периодом в контроле первичной инфекции парши является период между фазами развития яблони «мышиное ушко» - «лесной орех», особенно при низких температурах воздуха и в период частых осадков, когда другие контактные фунгициды менее эффективно действуют в результате смывания дождем.</p><p style="margin-top: 8px; margin-bottom: 8px; padding: 0px; border: 0px; color: rgb(119, 119, 119); font-family: Roboto, Arial, sans-serif;">Интервал между обработками 8-10 дней в зависимости от развития болезней и погодных условий. Опрыскивание рекомендуется проводить как в прямой последовательности, так и чередовать с препаратами системного действия (Джек Пот, Захисник, Самшит, Страж, Топ Эффект, Уникаль). Оптимальные температурные условия для обработки 10-25 ° С.</p>', NULL, NULL, NULL, 'ru'),
	(281, 142, 'Делавье Фунгіцид', '<p>Контактний фунгіцид профілактичної та лікувальної дії для захисту плодових і овочевих культур від комплексу хвороб<br></p>', '<p> <b> Діюча речовина: </b> Дитіанон 350 г/л </p>\r\n<p> <b> Препаративна форма: </b> Концентрат суспензії </p>\r\n<p> <b> Хімічна група: </b>  Дитіани (хінони)</p>\r\n<p> <b> Механізм дії: </b>  Дитіанон володіє контактною дією. Фунгіцид впливає на ферменти з тіоловою групою, що приймають участь в клітинному диханні грибів. Механізм дії  олягає в інгібуванні розвитку спор збудників хвороб на поверхні листків та плодів</p>\r\n<p> <b> Спектр дії: </b> Парша, плодові гнилі та плямистості листя (додаткова дія) </p>\r\n<p> <b> Сумісність: </b> Сумісний з іншими пестицидами та агрохімікатами, окрім лужних. Перед приготуванням робочих сумішей доцільно перевірити препарати на сумісність (відсутність осаду, піни, розшарування, збивання в клумки, неповне розчинення одного з препаратів тощо). Не рекомендується змішувати із мінеральними маслами та препаратами на основі сірки </p><p> <b> Максимальна кількість обробок </b> - 3 </p><p> <b> Норма витрати робочого розчину </b> -500-1000 л/га – плодові насадження; 500-800 л/га – виноград; 200-300 л/га – картопля. Норми витрат робочого розчину необхідно вибирати в залежності від фази розвитку культури, віку насаджень та ступеня розвитку хвороби. Мінімальні норми витрат використовуються на початку вегетації та низькому інфекційному фоні; максимальні — при повному розвитку листової поверхні та високому інфекційному фоні  </p><p> <b> Особливості застосування: </b>Найкращий результат досягається при профілактичному застосуванні фунгіциду. Фунгіцид ДЕЛАВІТ є високоефективним у контролі первинної інфекції парші (весною – зараження аскоспорами) та вторинного зараження (літом – конідіальне спороношення). Діюча речовина препарату не повністю розчиняється у воді, за рахунок чого збільшується тривалість дії. Після обробки на рослині утворюється стійкий до опадів захисний шар, що надійно стримує проростання спор та споруляцію збудників. Окрема частина діючої речовини згодом розчиняється у воді (опади, роса, тощо) та забезпечує більш тривалу фунгіцидну дію і захист нового приросту в порівняні із іншими контактними препаратами. Здатність утримуватись на оброблювальній поверхні та повторний розподіл забезпечують високу ефективність дії у дощових умовах та за низьких температур на початку вегетації.\r\n\r\nНайкращим періодом в контролі первинної інфекції парші є період між фазами розвитку яблуні «мишаче вушко» – «лісовий горіх», особливо за низьких температур повітря та в період частих опадів, коли інші контактні фунгіциди менш ефективно діють внаслідок змивання дощем.\r\n\r\nІнтервал між обробками 8-10 діб залежно від розвитку хвороб та погодних умов. Обприскування рекомендовано проводити як у прямій послідовності, так і чергувати з препаратами системної дії (ДЖЕК ПОТ, ЗАХИСНИК, САМШИТ, СТРАЖ, ТОП ЕФЕКТ, УНІКАЛЬ).</p><table border="1" style="margin: auto; padding: 0px; border-width: 1px; border-style: solid; border-color: inherit; border-image: initial; table-layout: fixed; width: 849px; word-wrap: break-word; color: rgb (119, 119, 119); font-family: Roboto, Arial, sans-serif; background-color: rgb (255, 255, 255); "> <tbody style="margin: 0px; padding: 0px; border-style: inherit; border-width: inherit; border-image: inherit;"> <tr style="margin: 0px; padding: 0px; border-style: inherit; border-width: inherit; border-image: inherit; "> <td style=" margin: 0px; padding: 5px; list-style: none outside none; border: inherit; "> Культура </td> <td style="margin: 0px; padding: 5px; list-style: none outside none; border: inherit; width: 106px;"> Норма витрати препарату,  л / га </td> <td style="margin: 0px; padding : 5px; list-style: none outside none; border: inherit; width: 429px; "> Спектр дії </td> <td style=" margin: 0px; padding: 5px; list-style: none outside none; bo rder: inherit; "> Спосіб, час обробки </td> </tr> <tr style=" margin: 0px; padding: 0px; border-style: inherit; border-width: inherit; border-image: inherit; "> <td style=" margin: 0px; padding: 5px; list-style: none outside none; border: inherit; "> Виноград * </td> <td colspan=" 1 " style=" margin: 0px; padding: 5px; list-style: none outside none; border: inherit; width: 106px; "> <p style=" margin-top: 8px; margin-bottom: 8px; padding: 0px; border: 0px; "> 1,0-2,0 <!-- p--> </p></td> <td colspan=" 1 " style=" margin: 0px; padding: 5px; list-style: none outside none; border: inherit; width: 429px; "> Мілдью </td> <td colspan=" 1 " rowspan=" 5 " style=" margin: 0px; padding: 5px; list-style: none outside none; border: inherit; "> Обприскування в період вегетації культури <br>  </td> </tr> <tr style=" margin: 0px; padding: 0px; border-style: inherit; border-width: inherit; border-image: inherit; "> <td style=" margin: 0px; padding: 5px; list-style: none outside none; border: inherit; "> Картопля * </td> <td colspan=" 1 " style=" margin: 0px; padding: 5px; list-style: none outside none; border: inherit; width: 106px; "> 2,0 </td> <td colspan=" 1 " style=" margin: 0px; padding: 5px; list-style: none outside none; border: inherit; width: 429px; "> альтернаріоз, фітофтороз </td> </tr> <tr style=" margin: 0px; padding: 0px; border-style: inherit; border-width: inherit; border-image: inherit; "> <td style=" margin: 0px; padding: 5px; list-style: none outside none; border: inherit; "> Персик * </td> <td colspan=" 1 " style=" margin: 0px; padding: 5px; list-style: none outside none; border: inherit; width: 106px; "> 2,0 </td> <td colspan=" 1 " style=" margin: 0px; padding: 5px; list-style: none outside none; border: inherit; width: 429px; "> Клястероспоріоз, курчавость листя, парша </td> </tr> <tr style=" margin: 0px; padding: 0px; border-style: inherit; border-width: inherit; border-image: inherit; "> <td style=" margin: 0px; padding: 5px; list-style: none outside none; border: inherit; "> Плодові культури </td> <td colspan=" 1 " style=" margin: 0px; padding: 5px; list-style: none outside none; border: inherit; width: 106px; "> 1,0-2,0 </td> <td colspan=" 1 " style=" margin: 0px; padding: 5px; list-style: none outside none; border: inherit; width: 429px; "> Плодова гниль, плямистості листя, парша </td> </tr> <tr style=" margin: 0px; padding: 0px; border-style: inherit; border-width: inherit; border-image: inherit; "> <td style=" margin: 0px; padding: 5px; list-style: none outside none; border: inherit; "> Слива * </td> <td colspan=" 1 " style=" margin: 0px; padding: 5px; list-style: none outside none; border: inherit; width: 106px; "> 1,5 </td> <td colspan=" 1 " style=" margin: 0px; padding: 5px; list-style: none outside none; border: inherit; width: 429px; "> Клястероспоріоз, Моніліоз </td> </tr> <!-- tbody--> <!-- table-->\r\n\r\n\r\n\r\n</tbody></table>', NULL, NULL, NULL, 'uk'),
	(282, 143, 'Капитал Фунгицид', '<p><span style="color: rgb(119, 119, 119); font-family: Roboto, Arial, sans-serif;">Инновационный трехкомпонентный фунгицид на основе стробилуринов с физиологическим эффектом для защиты посевов подсолнечника и сои от широкого спектра болезней</span><br></p>', '<p style="margin-top: 8px; margin-bottom: 8px; padding: 0px; border: 0px; color: rgb(119, 119, 119); font-family: Roboto, Arial, sans-serif;"><strong style="margin: 0px; padding: 0px; border: 0px;">Препаративная форма: </strong>концентрат суспензии</p><p style="margin-top: 8px; margin-bottom: 8px; padding: 0px; border: 0px; color: rgb(119, 119, 119); font-family: Roboto, Arial, sans-serif;"><strong style="margin: 0px; padding: 0px; border: 0px;">Химическая группа: </strong>стробилурины + триазола<strong style="margin: 0px; padding: 0px; border: 0px;">.</strong></p><p style="margin-top: 8px; margin-bottom: 8px; padding: 0px; border: 0px; color: rgb(119, 119, 119); font-family: Roboto, Arial, sans-serif;"><strong style="margin: 0px; padding: 0px; border: 0px;">Совместимость:</strong> совместим с другими пестицидами и агрохимикатами, кроме щелочных. Перед приготовлением рабочих смесей целесообразно проверить их на совместимость (отсутствие осадка, пены, расслоение, взбивания в комки, неполное растворение одного из препаратов и т.д.)</p><p style="margin-top: 8px; margin-bottom: 8px; padding: 0px; border: 0px; color: rgb(119, 119, 119); font-family: Roboto, Arial, sans-serif;"><strong style="margin: 0px; padding: 0px; border: 0px;">Механизм действия:</strong></p><p style="margin-top: 8px; margin-bottom: 8px; padding: 0px; border: 0px; color: rgb(119, 119, 119); font-family: Roboto, Arial, sans-serif;">Азоксистробин. При попадании на листовую поверхность растений действующее вещество перемещается акропетально ( снизу вверх) трансламинарно, при этом происходит ингибирование митохондриального дыхания путем блокировкой транспорта электронов в цепи цитохромов. Способен контролировать возбудители 4-х классов (аскомицеты, базидиомицеты, дейтеромицеты, оомицеты)</p><p style="margin-top: 8px; margin-bottom: 8px; padding: 0px; border: 0px; color: rgb(119, 119, 119); font-family: Roboto, Arial, sans-serif;">Ципроконазол. Ингибирует биосинтез стеринов, в том числе эргостерола в клетках грибов. В отличие от других ингибиторов биосинтеза стеринов ципроконазол проявляет более широкий ареал действия, обусловлен физико-химическими свойствами, поглощением и перемещением в растениях</p><p style="margin-top: 8px; margin-bottom: 8px; padding: 0px; border: 0px; color: rgb(119, 119, 119); font-family: Roboto, Arial, sans-serif;">Эпоксиконазол. Блокирует образование эргостерола в клетках гриба. Из-за отсутствия эргостерола грибы не в состоянии сформировать клеточные мембраны, следствием этого является блокирование роста и дальнейшего развития вредоносных грибов</p><p style="margin-top: 8px; margin-bottom: 8px; padding: 0px; border: 0px; color: rgb(119, 119, 119); font-family: Roboto, Arial, sans-serif;">Спектр действия:</p><p style="margin-top: 8px; margin-bottom: 8px; padding: 0px; border: 0px; color: rgb(119, 119, 119); font-family: Roboto, Arial, sans-serif;">Пероноспороз, мучнистая роса, ржавчина, септориоз, антракноз, аскохитоз, альтернариоз, склеротиниоз, церкоспороз, сухая гниль, фузариоз, Фомоз, фомопсис, ржавчина, переноспороз, мучнистая роса, белая и серые гнили, септориоз, альтернариоз</p><table border="1" style="margin: auto; padding: 0px; border-width: 1px; border-style: solid; border-color: inherit; border-image: initial; table-layout: fixed; width: 849px; word-wrap: break-word; color: rgb(119, 119, 119); font-family: Roboto, Arial, sans-serif; background-color: rgb(255, 255, 255);"><tbody style="margin: 0px; padding: 0px; border-style: inherit; border-width: inherit; border-image: inherit;"><tr style="margin: 0px; padding: 0px; border-style: inherit; border-width: inherit; border-image: inherit;"><td style="margin: 0px; padding: 5px; list-style: none outside none; border: inherit;">Культура</td><td style="margin: 0px; padding: 5px; list-style: none outside none; border: inherit; width: 106px;">Норма расхода препарата, л/га</td><td style="margin: 0px; padding: 5px; list-style: none outside none; border: inherit; width: 429px;">Спектр действия</td><td style="margin: 0px; padding: 5px; list-style: none outside none; border: inherit;">Способ, время обработки</td></tr><tr style="margin: 0px; padding: 0px; border-style: inherit; border-width: inherit; border-image: inherit;"><td style="margin: 0px; padding: 5px; list-style: none outside none; border: inherit;">Зерновые колосовые (озимые, яровые)</td><td colspan="1" style="margin: 0px; padding: 5px; list-style: none outside none; border: inherit; width: 106px;"><p style="margin-top: 8px; margin-bottom: 8px; padding: 0px; border: 0px;">0,7-1,0</p></td><td colspan="1" style="margin: 0px; padding: 5px; list-style: none outside none; border: inherit; width: 429px;">Септориоз колоса, фузариоз колоса, сетчатая пятнистость, мучнистая роса, септориоз, ржавчина, альтернариоз, пиренофороз, ринхоспориоз, темно-бурая пятнистость</td><td colspan="1" rowspan="7" style="margin: 0px; padding: 5px; list-style: none outside none; border: inherit;">Опрыскивание в период вегетации культуры</td></tr><tr style="margin: 0px; padding: 0px; border-style: inherit; border-width: inherit; border-image: inherit;"><td style="margin: 0px; padding: 5px; list-style: none outside none; border: inherit;">Соя</td><td colspan="1" style="margin: 0px; padding: 5px; list-style: none outside none; border: inherit; width: 106px;">0,7-1,0</td><td colspan="1" style="margin: 0px; padding: 5px; list-style: none outside none; border: inherit; width: 429px;">Сухая гниль, аскохитоз, склеротиниоз, фузариоз, антракноз, альтернариоз, ржавчина, пероноспороз, септориоз, мучнистая роса, церкоспороз</td></tr><tr style="margin: 0px; padding: 0px; border-style: inherit; border-width: inherit; border-image: inherit;"><td style="margin: 0px; padding: 5px; list-style: none outside none; border: inherit;">Подсолнечник</td><td colspan="1" style="margin: 0px; padding: 5px; list-style: none outside none; border: inherit; width: 106px;">1,0-1,2</td><td colspan="1" style="margin: 0px; padding: 5px; list-style: none outside none; border: inherit; width: 429px;">Фомопсис, альтернариоз, ржавчина, ложная мучнистая роса, септориоз, мучнистая роса, фомоз, белая гниль, серая гниль</td></tr><tr style="margin: 0px; padding: 0px; border-style: inherit; border-width: inherit; border-image: inherit;"><td style="margin: 0px; padding: 5px; list-style: none outside none; border: inherit;">Кукуруза</td><td colspan="1" style="margin: 0px; padding: 5px; list-style: none outside none; border: inherit; width: 106px;">1,0-1,2</td><td colspan="1" style="margin: 0px; padding: 5px; list-style: none outside none; border: inherit; width: 429px;">Септориоз, ржавчина, альтернариоз, гельминтоспориоз, фузариоз, пузырчатая головня</td></tr><tr style="margin: 0px; padding: 0px; border-style: inherit; border-width: inherit; border-image: inherit;"><td style="margin: 0px; padding: 5px; list-style: none outside none; border: inherit;">Рапс озимый, рапс яровой*</td><td colspan="1" style="margin: 0px; padding: 5px; list-style: none outside none; border: inherit; width: 106px;">1,0-1,2</td><td colspan="1" style="margin: 0px; padding: 5px; list-style: none outside none; border: inherit; width: 429px;">Серая гниль, фомоз, пероноспороз, цилиндроспориоз, альтернариозом, склеротиниоз</td></tr><tr style="margin: 0px; padding: 0px; border-style: inherit; border-width: inherit; border-image: inherit;"><td style="margin: 0px; padding: 5px; list-style: none outside none; border: inherit;">Свекла сахарная*</td><td colspan="1" style="margin: 0px; padding: 5px; list-style: none outside none; border: inherit; width: 106px;">0,7-1,0</td><td colspan="1" style="margin: 0px; padding: 5px; list-style: none outside none; border: inherit; width: 429px;">Рамуляриоз, альтернариоз, ржавчина, ложная мучнистая роса, мучнистая роса, фомоз, церкоспороз</td></tr><tr style="margin: 0px; padding: 0px; border-style: inherit; border-width: inherit; border-image: inherit;"><td style="margin: 0px; padding: 5px; list-style: none outside none; border: inherit;">Горох*</td><td colspan="1" style="margin: 0px; padding: 5px; list-style: none outside none; border: inherit; width: 106px;">0,7-1,0</td><td colspan="1" style="margin: 0px; padding: 5px; list-style: none outside none; border: inherit; width: 429px;">Аскохитоз, фузариоз, антракноз, ржавчина, ложная мучнистая роса, мучнистая роса</td></tr></tbody></table><p style="margin-top: 8px; margin-bottom: 8px; padding: 0px; border: 0px; color: rgb(119, 119, 119); font-family: Roboto, Arial, sans-serif;"><strong style="margin: 0px; padding: 0px; border: 0px;">*</strong><em style="margin: 0px; padding: 0px; border: 0px;">Мировой опыт применения</em><strong style="margin: 0px; padding: 0px; border: 0px;"> </strong></p><p style="margin-top: 8px; margin-bottom: 8px; padding: 0px; border: 0px; color: rgb(119, 119, 119); font-family: Roboto, Arial, sans-serif;"><strong style="margin: 0px; padding: 0px; border: 0px;">Максимальное количество обработок</strong> - 2.</p><p style="margin-top: 8px; margin-bottom: 8px; padding: 0px; border: 0px; color: rgb(119, 119, 119); font-family: Roboto, Arial, sans-serif;"><strong style="margin: 0px; padding: 0px; border: 0px;">Норма расхода рабочего раствора</strong> - 200-300 л / га.</p><p style="margin-top: 8px; margin-bottom: 8px; padding: 0px; border: 0px; color: rgb(119, 119, 119); font-family: Roboto, Arial, sans-serif;"><strong style="margin: 0px; padding: 0px; border: 0px;">Особенности применения:</strong> оптимальный срок применения в период вегетации профилактически до появления первых признаков болезни. Интервал между обработками должен составлять 20-30 суток. Оказывает выраженное лечебное действие против большинства возбудителей болезней, которая проявляется в уничтожении патогена (на начальных стадиях развития) и блокировании дальнейшего развития болезней (на более поздних стадиях). Покрывая поверхность листового аппарата предупреждает попадание и прорастание спор и обеспечивает надежную и долговременную барьер для развития болезни. Проникая внутрь растения действует системно, распространяется трансламинарно, акропетально при этом защищает все растение и новые приросты. Особенностью данного фунгицида является антиспорулентное действие на возбудителей болезней. Обработку целесообразно проводить при температуре воздуха не выше + 25 ° С и оптимальной влажности</p>', NULL, NULL, NULL, 'ru'),
	(283, 143, 'Капітал Фунгіцид', '<p><span style="color: rgb(90, 90, 90); font-family: Helvetica, Helvetica, sans-serif, Arial; font-size: 20px;">Інноваційний трьохкомпонентний фунгіцид на основі стробілурину з фізіологічним ефектом для захисту посівів соняшнику та сої від широкого спектру хвороб</span><br></p>', '<p> <b> Діюча речовина: </b>Епоксиконазол 50 г/л, Азоксистробін 150 г/л, Ципроконазол 60 г/л </p>\r\n<p> <b> Препаративна форма: </b> Концентрат суспензії </p>\r\n<p> <b> Хімічна група: </b> Стробілурини + триазоли </p>\r\n<p> <b> Механізм дії: </b></p><p><b> Азоксистробін.</b> При потраплянні на листову поверхню рослин діюча речовина переміщується акропетально і трансламінарно, при цьому відбувається інгібування мітохондріального дихання шляхом блокуванням транспорту електронів у ланцюзі цитохромів. Здатен контролювати збудники 4-х класів (аскоміцети, базидіоміцети, дейтероміцети, ооміцети)\r\n</p><p><b>\r\nЦипроконазол.</b> Інгібує біосинтез стеринів, у тому числі ергостеролу, у клітинах грибів. На відміну від інших інгібіторів біосинтезу стеринів ципроконазол проявляє більш широкий ареал дії, обумовлений фізико-хімічними властивостями, поглинанням і переміщенням в рослинах\r\n</p><p><b>\r\nЕпоксиконазол</b>. Блокує утворення ергостеролу в клітинах гриба. Через відсутність ергостеролу гриби не в змозі сформувати клітинні мембрани, наслідком цього є блокування росту і подальшого розвитку шкодочинного гриба </p>\r\n<p> <b> Спектр дії: </b> Пероноспороз, борошниста роса, іржа, септоріоз, антракноз, аскохітоз, альтернаріоз, склеротініоз, церкоспороз, суха гниль, фузаріоз, Фомоз, фомопсис, іржа, переноспороз, борошниста роса, біла та сірі гнилі, септоріоз, альтернаріоз </p>\r\n<table border="1" style="margin: auto; padding: 0px; border-width: 1px; border-style: solid; border-color: inherit; border-image: initial; table-layout: fixed; width: 849px; word-wrap: break-word; color: rgb (119, 119, 119); font-family: Roboto, Arial, sans-serif; background-color: rgb (255, 255, 255); "> <tbody style="margin: 0px; padding: 0px; border-style: inherit; border-width: inherit; border-image: inherit;"> <tr style="margin: 0px; padding: 0px; border-style: inherit; border-width: inherit; border-image: inherit; "> <td style=" margin: 0px; padding: 5px; list-style: none outside none; border: inherit; "> Культура </td> <td style="margin: 0px; padding: 5px; list-style: none outside none; border: inherit; width: 106px;"> Норма витрати препарату,  л / га </td> <td style="margin: 0px; padding : 5px; list-style: none outside none; border: inherit; width: 429px; "> Спектр дії </td> <td style=" margin: 0px; padding: 5px; list-style: none outside none; bo rder: inherit; "> Спосіб, час обробки </td> </tr> <tr style=" margin: 0px; padding: 0px; border-style: inherit; border-width: inherit; border-image: inherit; "> <td style=" margin: 0px; padding: 5px; list-style: none outside none; border: inherit; "> Зернові колосові (озимі, ярі) </td> <td colspan=" 1 " style=" margin: 0px; padding: 5px; list-style: none outside none; border: inherit; width: 106px; "> <p style=" margin-top: 8px; margin-bottom: 8px; padding: 0px; border: 0px; "> 0,7-1,0 <!-- p--> </p></td> <td colspan=" 1 " style=" margin: 0px; padding: 5px; list-style: none outside none; border: inherit; width: 429px; "> Септоріоз колоса, фузаріоз колоса, сітчаста плямистість, борошниста роса, септоріоз, іржа, альтернаріоз, піренофороз, ринхоспоріоз, темно-бура плямистість </td> <td colspan=" 1 " rowspan=" 7 " style="margin: 0px; padding: 5px; list-style: none outside none; border: inherit; "> Обприскування в період вегетації культури </td> </tr> <tr style=" margin: 0px; padding: 0px; border-style: inherit; border-width: inherit; border-image: inherit; "> <td style=" margin: 0px; padding: 5px; list-style: none outside none; border: inherit; "> Соя </td> <td colspan=" 1 " style=" margin: 0px; padding: 5px; list-style: none outside none; border: inherit; width: 106px; "> 0,7-1,0 </td> <td colspan=" 1 " style=" margin: 0px; padding: 5px; list-style: none outside none; border: inherit; width: 429px; "> Суха гниль, аскохітоз, склеротініоз, фузаріоз, антракноз, альтернаріоз, іржа, пероноспороз, септоріоз, борошниста роса, церкоспороз </td> </tr> <tr style=" margin: 0px; padding: 0px; border-style: inherit; border-width: inherit; border-image: inherit; "> <td style=" margin: 0px; padding: 5px; list-style: none outside none; border: inherit; "> Соняшник </td> <td colspan=" 1 " style=" margin: 0px; padding: 5px; list-style: none outside none; border: inherit; width: 106px; "> 1,0-1,2 </td> <td colspan=" 1 " style=" margin: 0px; padding: 5px; list-style: none outside none; border: inherit; width: 429px; "> Фомопсис, альтернаріоз, іржа, несправжня борошниста роса, септоріоз, борошниста роса, фомоз, біла гниль, сіра гниль </td> </tr> <tr style=" margin: 0px; padding: 0px; border-style: inherit; border-width: inherit; border-image: inherit; "> <td style=" margin: 0px; padding: 5px; list-style: none outside none; border: inherit; "> Кукурудза </td> <td colspan=" 1 " style=" margin: 0px; padding: 5px; list-style: none outside none; border: inherit; width: 106px; "> 1,0-1,2 </td> <td colspan=" 1 " style=" margin: 0px; padding: 5px; list-style: none outside none; border: inherit; width: 429px; "> Септоріоз, іржа, альтернаріоз, гельмінтоспоріоз, фузаріоз, пухирчаста сажка </td> </tr> <tr style=" margin: 0px; padding: 0px; border-style: inherit; border-width: inherit; border-image: inherit; "> <td style=" margin: 0px; padding: 5px; list-style: none outside none; border: inherit; "> Ріпак озимий, ріпак ярий * </td> <td colspan=" 1 " style=" margin: 0px; padding: 5px; list-style: none outside none; border: inherit; width: 106px; "> 1,0-1,2 </td> <td colspan=" 1 " style=" margin: 0px; padding: 5px; list-style: none outside none; border: inherit; width: 429px; "> Сіра гниль, фомоз, пероноспороз, циліндроспоріоз, альтернаріоз, склеротініоз </td> </tr> <tr style=" margin: 0px; padding: 0px; border-style: inherit; border-width: inherit; border-image: inherit; "> <td style=" margin: 0px; padding: 5px; list-style: none outside none; border: inherit; "> Буряк цукровий * </td> <td colspan=" 1 " style=" margin: 0px; padding: 5px; list-style: none outside none; border: inherit; width: 106px; "> 0,7-1,0 </td> <td colspan=" 1 " style=" margin: 0px; padding: 5px; list-style: none outside none; border: inherit; width: 429px; "> рамуляріозу, альтернаріоз, іржа, несправжня борошниста роса, борошниста роса, фомоз, церкоспороз </td> </tr> <tr style=" margin: 0px; padding: 0px; border-style: inherit; border-width: inherit; border-image: inherit; "> <td style=" margin: 0px; padding: 5px; list-style: none outside none; border: inherit; "> Горох * </td> <td colspan=" 1 " style=" margin: 0px; padding: 5px; list-style: none outside none; border: inherit; width: 106px; "> 0,7-1,0 </td> <td colspan=" 1 " style=" margin: 0px; padding: 5px; list-style: none outside none; border: inherit; width: 429px; "> Аскохитоз, фузаріоз, антракноз, іржа, несправжня борошниста роса, борошниста роса </td> </tr> </tbody> </table>\r\n<p> <b> </b></p><p>* Світовий досвід застосування<br></p><p><b>Сумісність: </b> Сумісний із іншими пестицидами та агрохімікатами, окрім лужних. Перед приготуванням робочих сумішей доцільно перевірити їх на сумісність (відсутність осаду, піни, розшарування, збивання в клумки, неповне розчинення одного з препаратів тощо) </p>\r\n<p> <b> Максимальна кількість обробок </b> - 2 </p>\r\n<p> <b> Норма витрати робочого розчину </b> -  200-300 л/га</p>\r\n<p> <b> Особливості застосування: </b> Оптимальний термін застосування в перiод вегетацiї профілактично до появи перших ознак хвороби. Інтервал між обробками має складати 20-30 діб. Має виражену лікувальну дію проти більшості збудників хвороб, яка проявляється у знищенні патогена (на початкових стадіях розвитку) та блокуванні подальшого розвитку хвороб (на більш пізніх стадіях). Покриваючи поверхню листового апарату попереджує попадання та проростання спор і забезпечує надійний та довготривалий бар’єр для розвитку хвороби. Проникаючи в середину рослини діє системно, поширюється трансламінарно, акропетально при цьому захищає всю рослину та нові прирости. Особливістю даного фунгіциду є антиспорулентна дія на збудників хвороб. Обробку доцільно проводити при температурі повітря не вище +25°С та оптимальній вологості</p>', NULL, NULL, NULL, 'uk');
/*!40000 ALTER TABLE `product_translations` ENABLE KEYS */;

-- Дамп структуры для таблица rosco.roles
CREATE TABLE IF NOT EXISTS `roles` (
  `id` int(10) unsigned NOT NULL AUTO_INCREMENT,
  `name` varchar(255) COLLATE utf8mb4_unicode_ci DEFAULT NULL,
  `label` varchar(255) COLLATE utf8mb4_unicode_ci DEFAULT NULL,
  `style` varchar(255) COLLATE utf8mb4_unicode_ci DEFAULT NULL,
  `permissions` text COLLATE utf8mb4_unicode_ci,
  PRIMARY KEY (`id`)
) ENGINE=InnoDB AUTO_INCREMENT=4 DEFAULT CHARSET=utf8mb4 COLLATE=utf8mb4_unicode_ci;

-- Дамп данных таблицы rosco.roles: ~3 rows (приблизительно)
/*!40000 ALTER TABLE `roles` DISABLE KEYS */;
INSERT INTO `roles` (`id`, `name`, `label`, `style`, `permissions`) VALUES
	(1, 'admin', 'Admin', 'danger', 'admin'),
	(2, 'manager', 'Manager', 'primary', NULL),
	(3, 'user', 'User', 'success', NULL);
/*!40000 ALTER TABLE `roles` ENABLE KEYS */;

-- Дамп структуры для таблица rosco.role_to_user
CREATE TABLE IF NOT EXISTS `role_to_user` (
  `user_id` int(10) unsigned NOT NULL,
  `role_id` int(10) unsigned NOT NULL,
  KEY `role_user_user_id_index` (`user_id`),
  KEY `role_user_role_id_index` (`role_id`),
  CONSTRAINT `role_user_role_id_foreign` FOREIGN KEY (`role_id`) REFERENCES `roles` (`id`) ON DELETE CASCADE,
  CONSTRAINT `role_user_user_id_foreign` FOREIGN KEY (`user_id`) REFERENCES `users` (`id`) ON DELETE CASCADE
) ENGINE=InnoDB DEFAULT CHARSET=utf8mb4 COLLATE=utf8mb4_unicode_ci;

-- Дамп данных таблицы rosco.role_to_user: ~16 rows (приблизительно)
/*!40000 ALTER TABLE `role_to_user` DISABLE KEYS */;
INSERT INTO `role_to_user` (`user_id`, `role_id`) VALUES
	(1, 1),
	(2, 2),
	(33, 3),
	(35, 3),
	(38, 3),
	(39, 3),
	(42, 3),
	(43, 3),
	(44, 3),
	(45, 3),
	(46, 3),
	(48, 3),
	(51, 1),
	(52, 3),
	(53, 3),
	(54, 3);
/*!40000 ALTER TABLE `role_to_user` ENABLE KEYS */;

-- Дамп структуры для таблица rosco.settings
CREATE TABLE IF NOT EXISTS `settings` (
  `id` int(10) unsigned NOT NULL AUTO_INCREMENT,
  `part_id` int(10) unsigned NOT NULL,
  `name` varchar(255) COLLATE utf8mb4_unicode_ci DEFAULT NULL,
  `description` text COLLATE utf8mb4_unicode_ci,
  `code` varchar(255) COLLATE utf8mb4_unicode_ci NOT NULL,
  `value` text COLLATE utf8mb4_unicode_ci NOT NULL,
  `options` text COLLATE utf8mb4_unicode_ci,
  `relation` varchar(255) COLLATE utf8mb4_unicode_ci DEFAULT NULL,
  `type` varchar(255) COLLATE utf8mb4_unicode_ci DEFAULT NULL,
  `sort` int(11) NOT NULL DEFAULT '0',
  `created_at` timestamp NULL DEFAULT NULL,
  `updated_at` timestamp NULL DEFAULT NULL,
  PRIMARY KEY (`id`),
  KEY `settings_part_id_foreign` (`part_id`),
  CONSTRAINT `settings_part_id_foreign` FOREIGN KEY (`part_id`) REFERENCES `setting_parts` (`id`) ON DELETE CASCADE
) ENGINE=InnoDB AUTO_INCREMENT=37 DEFAULT CHARSET=utf8mb4 COLLATE=utf8mb4_unicode_ci;

-- Дамп данных таблицы rosco.settings: ~34 rows (приблизительно)
/*!40000 ALTER TABLE `settings` DISABLE KEYS */;
INSERT INTO `settings` (`id`, `part_id`, `name`, `description`, `code`, `value`, `options`, `relation`, `type`, `sort`, `created_at`, `updated_at`) VALUES
	(1, 2, 'Валюта магазина', 'Валюта, в которой по умолчанию показываются товары пользователям магазина', 'currency_shop', '2', NULL, '\\App\\Models\\Currency', 'select', 0, '2017-12-28 18:52:47', '2018-03-19 15:08:09'),
	(2, 2, 'Валюта каталога', 'Эталонная валюта, от которой будет считаться любая другая по курсу', 'currency_catalog', '1', NULL, '\\App\\Models\\Currency', 'select', 0, '2017-12-28 18:53:31', '2018-04-13 13:54:53'),
	(3, 2, 'Язык магазина', 'Язык, который будет по умолчанию для пользователей', 'language', '1', NULL, '\\App\\Models\\Language', 'select', 0, '2017-12-29 15:23:16', '2018-03-14 13:21:58'),
	(4, 3, 'Заголовок', 'Заголовок главной страницы', 'main_title', '{"ru":"Rosco Shop","uk":"Rosco Shop"}', NULL, NULL, 'langstext', 1, '2018-01-03 17:28:14', '2018-01-07 03:24:59'),
	(7, 1, 'Адрес сайта', 'Используется в рассылках и т.д.', 'domain', 'http://rosco.local', NULL, NULL, NULL, 0, '2018-01-09 05:43:28', '2018-01-06 09:12:29'),
	(8, 3, 'Описание', 'Описание главной страницы', 'main_description', '{"ru":"Rosco Shop","uk":"Rosco Shop"}', NULL, NULL, 'langstextarea', 2, '2018-01-03 17:28:14', '2018-01-07 02:58:14'),
	(9, 3, 'Ключевые слова', 'Ключевые слова главной страницы', 'main_keywords', '{"ru":"Rosco, Shop","uk":"Rosco, Shop"}', NULL, NULL, 'langstextarea', 3, '2018-01-03 17:28:14', '2018-01-07 02:58:14'),
	(10, 3, 'Ключевые слова каталога', 'Ключевые слова  главной страницы каталога', 'catalog_keywords', '{"ru":"Rosco, Shop, \\u043a\\u0430\\u0442\\u0430\\u043b\\u043e\\u0433","uk":"Rosco, Shop, \\u0414\\u043e\\u0432\\u0456\\u0434\\u043d\\u0438\\u043a"}', NULL, NULL, 'langstextarea', 6, '2018-01-03 17:28:14', '2018-01-07 03:22:24'),
	(11, 3, 'Описание каталога', 'Описание главной страницы каталога', 'catalog_description', '{"ru":"\\u041a\\u0430\\u0442\\u0430\\u043b\\u043e\\u0433 Rosco Shop","uk":"\\u0414\\u043e\\u0432\\u0456\\u0434\\u043d\\u0438\\u043a Rosco Shop"}', NULL, NULL, 'langstextarea', 5, '2018-01-03 17:28:14', '2018-01-07 03:24:09'),
	(12, 3, 'Заголовок каталога', 'Заголовок  главной страницы каталога', 'catalog_title', '{"ru":"\\u041a\\u0430\\u0442\\u0430\\u043b\\u043e\\u0433 Rosco Shop","uk":"\\u0414\\u043e\\u0432\\u0456\\u0434\\u043d\\u0438\\u043a Rosco Shop"}', NULL, NULL, 'langstext', 4, '2018-01-03 17:28:14', '2018-01-07 03:24:59'),
	(13, 3, 'Заголовок H1 каталога', 'Заголовок H1  главной страницы каталога', 'catalog_h1', '{"ru":"\\u0418\\u043d\\u0442\\u0435\\u0440\\u043d\\u0435\\u0442 \\u041c\\u0430\\u0433\\u0430\\u0437\\u0438\\u043d Rosco Shop","uk":"\\u0406\\u043d\\u0442\\u0435\\u0440\\u043d\\u0435\\u0442 \\u041c\\u0430\\u0433\\u0430\\u0437\\u0438\\u043d Rosco Shop"}', NULL, NULL, 'langstext', 7, '2018-01-03 17:28:14', '2018-02-21 08:58:19'),
	(14, 4, 'Ширина картинки в списке', 'Ширина картинки в списке товаров в каталоге  (в px)', 'image_list_width', '168', NULL, NULL, NULL, 0, '2018-01-09 05:43:24', '2018-01-07 00:38:41'),
	(15, 4, 'Высота картинки в списке', 'Высота картинки в списке товаров в каталоге  (в px)', 'image_list_height', '188', NULL, NULL, NULL, 0, '2018-01-09 05:43:24', '2018-01-18 02:38:04'),
	(16, 2, 'Товаров на странице', 'Кол-во товаров на одной странице каталога', 'catalog_pagination', '16', NULL, NULL, NULL, 0, '2018-01-11 15:41:09', '2018-01-06 09:19:09'),
	(17, 2, 'Сортировка по умолчанию', NULL, 'catalog_order', 'created_at', '{"id":"ID","created_at":"\\u0414\\u0430\\u0442\\u0430 \\u0441\\u043e\\u0437\\u0434\\u0430\\u043d\\u0438\\u044f","price":"\\u0426\\u0435\\u043d\\u0430"}', NULL, 'select', 0, '2018-01-11 15:41:09', '2018-03-14 13:22:48'),
	(18, 2, 'Направление по умолчанию', NULL, 'catalog_sort', 'desc', '{"desc":"\\u041f\\u043e \\u0443\\u0431\\u044b\\u0432\\u0430\\u043d\\u0438\\u044e","asc":"\\u041f\\u043e \\u0432\\u043e\\u0437\\u0440\\u0430\\u0441\\u0442\\u0430\\u043d\\u0438\\u044e"}', NULL, 'select', 0, '2018-01-11 15:41:09', '2018-01-06 13:05:12'),
	(19, 2, 'Длина краткого описания', 'Длина краткого описания на странице товара', 'product_description_length', '400', NULL, NULL, NULL, 0, '2018-01-12 15:01:42', '2018-01-12 15:01:47'),
	(20, 2, 'Длина краткого описания (список)', 'Длина краткого описания в списке товаров', 'product_list_description_length', '100', NULL, NULL, NULL, 0, '2018-01-12 15:01:43', '2018-01-12 15:01:46'),
	(21, 4, 'Ширина главной картинки продукта', 'Ширина главной картинки на странице товара (в px)', 'product_main_width', '366', NULL, NULL, NULL, 0, '2018-01-12 15:01:45', '2018-01-12 15:01:46'),
	(22, 4, 'Высота главной картинки продукта', 'Высота главной картинки на странице товара  (в px)', 'product_main_height', '366', NULL, NULL, NULL, 0, '2018-01-12 15:01:44', '2018-01-12 15:01:48'),
	(23, 4, 'Ширина дополинтельной картинки продукта', 'Ширина дополинтельной картинки на странице товара (в px)', 'product_ext_width', '98', NULL, NULL, NULL, 0, '2018-01-12 15:01:45', '2018-01-12 15:01:46'),
	(24, 4, 'Высота дополинтельной картинки продукта', 'Высота дополинтельной картинки на странице товара  (в px)', 'product_ext_height', '98', NULL, NULL, NULL, 0, '2018-01-12 15:01:44', '2018-01-12 15:01:48'),
	(25, 5, 'Письмо на почту пользователя при заказе', NULL, 'notice_email_user_order', '1', '["\\u0412\\u044b\\u043a\\u043b","\\u0412\\u043a\\u043b"]', NULL, 'radio', 0, '2018-01-15 15:45:58', '2018-01-15 15:45:59'),
	(26, 1, 'Почта администратора', 'Для уведомлений', 'admin_email', 'webmaster865@yandex.ru', NULL, NULL, NULL, 0, '2018-01-25 18:25:48', '2018-01-25 18:25:49'),
	(27, 5, 'Письмо на почту администратора при заказе', NULL, 'notice_email_admin_order', '1', '["\\u0412\\u044b\\u043a\\u043b","\\u0412\\u043a\\u043b"]', NULL, 'radio', 0, '2018-01-15 15:45:58', '2018-01-15 15:45:59'),
	(28, 1, 'Телефон', NULL, 'phone_1', '+38 (044) 390-00-77', NULL, NULL, NULL, 0, '2018-01-25 18:25:47', '2018-01-30 11:12:05'),
	(29, 1, 'Телефон', NULL, 'phone_2', '+38 (098) 390-00-77', NULL, NULL, NULL, 0, '2018-01-25 18:25:47', '2018-01-30 11:12:05'),
	(30, 2, 'Новостей на странице', 'Кол-во новостей на одной странице блога', 'blog_pagination', '9', NULL, NULL, NULL, 0, '2018-01-11 15:41:09', '2018-01-06 09:19:09'),
	(31, 3, 'Заголовок H1 блога', 'Заголовок H1  главной страницы блога', 'blog_h1', '{"ru":"\\u0411\\u043b\\u043e\\u0433  Rosco Shop","uk":"\\u0411\\u043b\\u043e\\u0433 Rosco Shop"}', NULL, NULL, 'langstext', 8, '2018-01-03 17:28:14', '2018-01-17 15:44:14'),
	(32, 3, 'Заголовок блога', 'Заголовок  главной страницы блога', 'blog_title', '{"ru":"\\u0411\\u043b\\u043e\\u0433  Rosco Shop","uk":"\\u0411\\u043b\\u043e\\u0433 Rosco Shop"}', NULL, NULL, 'langstext', 9, '2018-01-03 17:28:14', '2018-01-17 15:44:14'),
	(33, 3, 'Описание блога', 'Описание главной страницы блога', 'blog_description', '{"ru":"\\u0411\\u043b\\u043e\\u0433  Rosco Shop","uk":"\\u0411\\u043b\\u043e\\u0433 Rosco Shop"}', NULL, NULL, 'langstextarea', 10, '2018-01-03 17:28:14', '2018-01-17 15:44:14'),
	(34, 3, 'Ключевые слова блога', 'Ключевые слова  главной страницы блога', 'blog_keywords', '{"ru":"Rosco, Shop, \\u0411\\u043b\\u043e\\u0433","uk":"Rosco, Shop, \\u0411\\u043b\\u043e\\u0433"}', NULL, NULL, 'langstextarea', 11, '2018-01-03 17:28:14', '2018-01-17 15:44:14'),
	(35, 1, 'Адрес компании', NULL, 'address', '65012, Украина, Одесская область, Одесса, ул. Вице-Адмирала Азарова, 13', NULL, NULL, NULL, 0, '2018-01-25 18:25:53', '2018-01-30 11:11:44'),
	(36, 1, 'Почта компании', NULL, 'email', 'sale@rosco.ua', NULL, NULL, NULL, 0, '2018-01-25 18:25:54', '2018-01-25 18:25:55');
/*!40000 ALTER TABLE `settings` ENABLE KEYS */;

-- Дамп структуры для таблица rosco.setting_parts
CREATE TABLE IF NOT EXISTS `setting_parts` (
  `id` int(10) unsigned NOT NULL AUTO_INCREMENT,
  `name` varchar(255) COLLATE utf8mb4_unicode_ci NOT NULL,
  PRIMARY KEY (`id`)
) ENGINE=InnoDB AUTO_INCREMENT=6 DEFAULT CHARSET=utf8mb4 COLLATE=utf8mb4_unicode_ci;

-- Дамп данных таблицы rosco.setting_parts: ~5 rows (приблизительно)
/*!40000 ALTER TABLE `setting_parts` DISABLE KEYS */;
INSERT INTO `setting_parts` (`id`, `name`) VALUES
	(1, 'Основные'),
	(2, 'Магазин'),
	(3, 'СЕО'),
	(4, 'Оптимизция'),
	(5, 'Уведомления');
/*!40000 ALTER TABLE `setting_parts` ENABLE KEYS */;

-- Дамп структуры для таблица rosco.shipments
CREATE TABLE IF NOT EXISTS `shipments` (
  `id` int(10) unsigned NOT NULL AUTO_INCREMENT,
  `code` varchar(255) COLLATE utf8mb4_unicode_ci DEFAULT NULL,
  `image` varchar(255) COLLATE utf8mb4_unicode_ci DEFAULT NULL,
  `price` decimal(8,2) DEFAULT NULL,
  `free_from` decimal(8,2) DEFAULT NULL,
  `is_active` int(11) NOT NULL DEFAULT '1',
  `created_at` timestamp NULL DEFAULT NULL,
  `updated_at` timestamp NULL DEFAULT NULL,
  PRIMARY KEY (`id`),
  UNIQUE KEY `shipments_code_unique` (`code`)
) ENGINE=InnoDB AUTO_INCREMENT=5 DEFAULT CHARSET=utf8mb4 COLLATE=utf8mb4_unicode_ci;

-- Дамп данных таблицы rosco.shipments: ~5 rows (приблизительно)
/*!40000 ALTER TABLE `shipments` DISABLE KEYS */;
INSERT INTO `shipments` (`id`, `code`, `image`, `price`, `free_from`, `is_active`, `created_at`, `updated_at`) VALUES
	(1, 'novaya-pochta', 'novaya-pochta.jpg', NULL, NULL, 1, '2018-01-16 01:15:10', '2018-01-16 04:19:10'),
	(2, 'deliveri', 'deliveri.jpg', NULL, NULL, 1, '2018-01-16 01:39:05', '2018-04-15 20:38:58'),
	(3, 'samovyvoz', 'samovyvoz.png', NULL, NULL, 1, '2018-01-16 01:44:46', '2018-01-16 01:44:46'),
	(4, 'dostavka-transportom-kompanii', 'dostavka-transportom-kompanii.png', NULL, NULL, 1, '2018-01-16 01:45:49', '2018-01-16 01:45:49');
/*!40000 ALTER TABLE `shipments` ENABLE KEYS */;

-- Дамп структуры для таблица rosco.shipment_translations
CREATE TABLE IF NOT EXISTS `shipment_translations` (
  `id` int(10) unsigned NOT NULL AUTO_INCREMENT,
  `shipment_id` int(10) unsigned NOT NULL,
  `name` varchar(255) COLLATE utf8mb4_unicode_ci DEFAULT NULL,
  `description` text COLLATE utf8mb4_unicode_ci,
  `lang_code` varchar(255) COLLATE utf8mb4_unicode_ci NOT NULL,
  PRIMARY KEY (`id`),
  UNIQUE KEY `shipment_translations_shipment_id_lang_code_unique` (`shipment_id`,`lang_code`),
  KEY `shipment_translations_lang_code_index` (`lang_code`),
  CONSTRAINT `shipment_translations_shipment_id_foreign` FOREIGN KEY (`shipment_id`) REFERENCES `shipments` (`id`) ON DELETE CASCADE
) ENGINE=InnoDB AUTO_INCREMENT=9 DEFAULT CHARSET=utf8mb4 COLLATE=utf8mb4_unicode_ci;

-- Дамп данных таблицы rosco.shipment_translations: ~8 rows (приблизительно)
/*!40000 ALTER TABLE `shipment_translations` DISABLE KEYS */;
INSERT INTO `shipment_translations` (`id`, `shipment_id`, `name`, `description`, `lang_code`) VALUES
	(1, 1, 'Новая почта', NULL, 'ru'),
	(2, 1, 'Нова пошта', NULL, 'uk'),
	(3, 2, 'Деливери', NULL, 'ru'),
	(4, 2, 'Делівері', NULL, 'uk'),
	(5, 3, 'Самовывоз', NULL, 'ru'),
	(6, 3, 'Самовивіз', NULL, 'uk'),
	(7, 4, 'Доставка транспортом компании', NULL, 'ru'),
	(8, 4, 'Доставка транспортом компанії', NULL, 'uk');
/*!40000 ALTER TABLE `shipment_translations` ENABLE KEYS */;

-- Дамп структуры для таблица rosco.statuses
CREATE TABLE IF NOT EXISTS `statuses` (
  `id` int(10) unsigned NOT NULL AUTO_INCREMENT,
  `code` varchar(255) COLLATE utf8mb4_unicode_ci NOT NULL,
  `type` varchar(255) COLLATE utf8mb4_unicode_ci NOT NULL,
  `created_at` timestamp NULL DEFAULT NULL,
  `updated_at` timestamp NULL DEFAULT NULL,
  PRIMARY KEY (`id`)
) ENGINE=InnoDB AUTO_INCREMENT=8 DEFAULT CHARSET=utf8mb4 COLLATE=utf8mb4_unicode_ci;

-- Дамп данных таблицы rosco.statuses: ~7 rows (приблизительно)
/*!40000 ALTER TABLE `statuses` DISABLE KEYS */;
INSERT INTO `statuses` (`id`, `code`, `type`, `created_at`, `updated_at`) VALUES
	(1, 'success', 'Product', '2018-01-03 16:15:22', '2018-01-03 16:15:23'),
	(2, 'warning', 'Product', '2018-01-03 16:15:34', '2018-01-03 16:15:35'),
	(3, 'danger', 'Product', '2018-01-03 16:15:44', '2018-01-03 16:15:44'),
	(4, 'success', 'Order', '2018-01-18 17:19:12', '2018-01-18 17:19:13'),
	(5, 'orange-300', 'Order', '2018-01-18 17:19:12', '2018-01-18 17:19:13'),
	(6, 'danger', 'Order', '2018-01-18 17:20:02', '2018-01-18 17:20:02'),
	(7, 'primary', 'Order', '2018-01-18 17:20:02', '2018-01-18 17:20:02');
/*!40000 ALTER TABLE `statuses` ENABLE KEYS */;

-- Дамп структуры для таблица rosco.status_translations
CREATE TABLE IF NOT EXISTS `status_translations` (
  `id` int(10) unsigned NOT NULL AUTO_INCREMENT,
  `status_id` int(10) unsigned NOT NULL,
  `name` varchar(255) COLLATE utf8mb4_unicode_ci DEFAULT NULL,
  `description` text COLLATE utf8mb4_unicode_ci,
  `lang_code` varchar(255) COLLATE utf8mb4_unicode_ci NOT NULL,
  PRIMARY KEY (`id`),
  UNIQUE KEY `status_translations_status_id_lang_code_unique` (`status_id`,`lang_code`),
  KEY `status_translations_lang_code_index` (`lang_code`),
  CONSTRAINT `status_translations_status_id_foreign` FOREIGN KEY (`status_id`) REFERENCES `statuses` (`id`) ON DELETE CASCADE
) ENGINE=InnoDB AUTO_INCREMENT=16 DEFAULT CHARSET=utf8mb4 COLLATE=utf8mb4_unicode_ci;

-- Дамп данных таблицы rosco.status_translations: ~14 rows (приблизительно)
/*!40000 ALTER TABLE `status_translations` DISABLE KEYS */;
INSERT INTO `status_translations` (`id`, `status_id`, `name`, `description`, `lang_code`) VALUES
	(1, 1, 'В наличии', 'Товар в наличии и его можно купить', 'ru'),
	(2, 2, 'Под заказ', 'Срок появления товара 2-3 дня', 'ru'),
	(3, 3, 'Отсутствует', 'Товара нет в наличии', 'ru'),
	(4, 1, 'В наявності', 'Товар в наявності і його можна купити', 'uk'),
	(5, 2, 'Під замовлення', 'Термін появи товару 2-3 дня', 'uk'),
	(6, 3, 'Відсутній', 'Товару немає в наявності', 'uk'),
	(7, 4, 'Новый', 'Заказ получен и ожидает обработки менеджером', 'ru'),
	(8, 5, 'В работе', 'Заказ обработан менеджером', 'ru'),
	(9, 6, 'Отменен', 'Заказ отменен', 'ru'),
	(10, 7, 'Выполнен', 'Заказ доставлен', 'ru'),
	(12, 4, 'Новий', 'Замовлення отримано і чекає обробки менеджером', 'uk'),
	(13, 5, 'В роботі', 'Замовлення оброблений менеджером', 'uk'),
	(14, 6, 'Скасовано', 'Замовлення скасовано', 'uk'),
	(15, 7, 'Виконаний', 'Замовлення доставлено', 'uk');
/*!40000 ALTER TABLE `status_translations` ENABLE KEYS */;

-- Дамп структуры для таблица rosco.subscriptions
CREATE TABLE IF NOT EXISTS `subscriptions` (
  `id` int(10) unsigned NOT NULL AUTO_INCREMENT,
  `email` varchar(255) COLLATE utf8mb4_unicode_ci NOT NULL,
  `created_at` timestamp NULL DEFAULT NULL,
  `updated_at` timestamp NULL DEFAULT NULL,
  PRIMARY KEY (`id`)
) ENGINE=InnoDB AUTO_INCREMENT=3 DEFAULT CHARSET=utf8mb4 COLLATE=utf8mb4_unicode_ci;

-- Дамп данных таблицы rosco.subscriptions: ~0 rows (приблизительно)
/*!40000 ALTER TABLE `subscriptions` DISABLE KEYS */;
INSERT INTO `subscriptions` (`id`, `email`, `created_at`, `updated_at`) VALUES
	(1, 'webmaster865@yandex.ru', '2018-01-25 16:50:46', '2018-01-25 16:50:46'),
	(2, 'wnemy94@gmail.com', '2018-04-16 11:40:02', '2018-04-16 11:40:02');
/*!40000 ALTER TABLE `subscriptions` ENABLE KEYS */;

-- Дамп структуры для таблица rosco.users
CREATE TABLE IF NOT EXISTS `users` (
  `id` int(10) unsigned NOT NULL AUTO_INCREMENT,
  `name` varchar(255) COLLATE utf8mb4_unicode_ci NOT NULL,
  `surname` varchar(255) COLLATE utf8mb4_unicode_ci DEFAULT NULL,
  `email` varchar(255) COLLATE utf8mb4_unicode_ci NOT NULL,
  `password` varchar(255) COLLATE utf8mb4_unicode_ci NOT NULL,
  `remember_token` varchar(100) COLLATE utf8mb4_unicode_ci DEFAULT NULL,
  `created_at` timestamp NULL DEFAULT NULL,
  `updated_at` timestamp NULL DEFAULT NULL,
  PRIMARY KEY (`id`),
  UNIQUE KEY `users_email_unique` (`email`)
) ENGINE=InnoDB AUTO_INCREMENT=55 DEFAULT CHARSET=utf8mb4 COLLATE=utf8mb4_unicode_ci;

-- Дамп данных таблицы rosco.users: ~20 rows (приблизительно)
/*!40000 ALTER TABLE `users` DISABLE KEYS */;
INSERT INTO `users` (`id`, `name`, `surname`, `email`, `password`, `remember_token`, `created_at`, `updated_at`) VALUES
	(1, 'Admin', NULL, 'admin@admin.loc', '$2y$10$Hr2KeG1nixnP6Jrm2qGXV.wkc7lD7qtJztJgbyWaSUl4p679hEa3K', 'spubhIyN2nlCZ9jgPdVYpgjIKvVDOdzEOLiCBgn5gfUk9zt673EMOVkVE8As', '2017-11-28 12:38:51', '2017-11-28 12:38:51'),
	(2, 'Manager 1', NULL, 'manager@admin.loc', '$2y$10$Hr2KeG1nixnP6Jrm2qGXV.wkc7lD7qtJztJgbyWaSUl4p679hEa3K', 'quxZ12xzt5Bl4E50VP8MEBtzebaUSBb4utHYjzoXIy4GiP8xyZhBMZ277TLJ', '2017-11-28 12:38:51', '2017-11-28 12:38:51'),
	(33, 'Роман', NULL, 'webmaster865@yandex.ru', '$2y$10$6wUpNhz13jAETTuGTYt4Ius.QTESEhx9nWpB837QKeUBtB34NCPEa', 'sM5IFCF9rgdZWT2g0GixsTwbqyqLnp94BPL1gsOYI1FsUO0vpaPJPwrdHKJd', '2017-12-11 13:11:35', '2018-01-17 04:45:47'),
	(35, 'Тест', NULL, 'test@front.end', '$2y$10$wJqLZ8ngZBLUjAMqXb.hMO1Os2M6Gyug.v89JBZfSa2srbcmjYoZW', NULL, '2018-01-16 21:46:55', '2018-01-16 22:58:30'),
	(36, 'test', NULL, 'test@gmail.com', '$2y$10$5jMc41lr.lQdpd3jzUtGyONu2RQDIp9m8SI1ifA1wUo2lP/sfoNPG', NULL, '2018-03-13 14:36:31', '2018-03-13 14:36:31'),
	(37, 'ostap', NULL, 'ostapchernetsky@gmail.com', '$2y$10$t3groK9gfa0EY210XJLrB.Acm.s..LS4TAbwzs3XvwI2I8tVy1oHG', 'BPtGB50tt5PDL4V43Cy8ZFn7GqKJH3aoko5jzNKeafbYQoDR82Sa2fDALXag', '2018-03-13 14:37:32', '2018-03-13 14:37:32'),
	(38, 'test', NULL, 'test@test.com', '$2y$10$z62ITZtCaiAVmNnjsQT24OJPg45R.MDaWxQtYHHYt6J7kwUxN9Ny6', 'w4hgHKsfs2lcHbbUWhCqJlUL3PlS8nj46IOvvMCtnoSOPnt1Ehkjoqi5na9V', '2018-03-13 14:43:56', '2018-03-13 14:43:56'),
	(39, 'test', NULL, 'test@test.com2', '$2y$10$ajCOWA/7oKKBX5SK6pPGZOcauZXmACUsFDeOOfm.omI5tU4jwTjHu', NULL, '2018-03-13 14:45:07', '2018-03-13 14:45:07'),
	(40, 'profiletest', NULL, 'profile@test.ru', '$2y$10$YI845sfxxXO3RI6xbFDYR..P7assE1P28AvFwHIHMN3W0YgR8fNtm', NULL, '2018-03-13 14:54:29', '2018-03-13 14:54:29'),
	(41, 'profiletest', NULL, 'test@test.test', '$2y$10$YFOtRBj8kVc7KMTQdMU3Au7OyRD/MtRExnd5jdXqsxPBp4VPbFhAS', NULL, '2018-03-13 15:04:01', '2018-03-13 15:04:01'),
	(42, 'test', NULL, 'test@test.te', '$2y$10$BFP9/Akm6l338gBsV7r3P.PJY4ooxH6DxR1QNsgcTw0FKzfvRaUYi', NULL, '2018-03-13 15:05:01', '2018-03-13 15:05:01'),
	(43, 'test', NULL, 'test@test.asd', '$2y$10$9CawUqayOdnoNyxQ.x9UgOPaz7/ImoEc.yaNKDcQeeR3X8zJaclVC', NULL, '2018-03-13 15:09:08', '2018-03-13 15:09:08'),
	(44, 'test', NULL, 'te@teee.tes', '$2y$10$CphQfppdD.6k/dGHaIxoq.w3/KYAK85ZG6waYWZa8QL7vnXnXfT.6', NULL, '2018-03-13 15:10:41', '2018-03-13 15:10:41'),
	(45, 'test', NULL, 'test@app.com', '$2y$10$aMVhiB4pNK8xSClPQ3e3uOmpUQtlZRAtFc36z5KFhgdH8dSf9EQqu', '9PAGi3F27dvlCHuIDqA3d9DfKthc7ffTBITNr5TMBjDZwiLWcgR8NtbZFkOD', '2018-03-13 15:17:21', '2018-03-13 15:17:21'),
	(46, 'qwerty', NULL, 'qwerty@gmail.com', '$2y$10$kVf.v5quKb9fT9ss8kRiaONirYXHBoAoao4V75u1uGi91H4NPahiu', 'NL1qbwoiUWbtSKXCG4jrDUH1dtt9YcWEHcnyr4zmdXtBNeEAhduAEYw5Ry9O', '2018-03-13 15:18:01', '2018-03-13 15:18:01'),
	(48, 'Rosco', NULL, 'info@rosco.ua', '$2y$10$hjF5Ab8g4eYO1.zQmbs8muH4Rk3.SyrX300hnXagrYHPi27sEU0fu', '7syXOh6HFp9NLhqaGz8ttWrJpnUojcGZFhdjcBQ2d5KkjiEXn5dt1BQRiffc', '2018-03-15 10:19:55', '2018-03-15 10:19:55'),
	(51, 'Junior PHP developer', NULL, 'test@test.h', '$2y$10$oBS5LXgWpNB4hq1vI0a4reis0u.PkYtEMUzRc1g.wiaLltJ4jXbkq', NULL, '2018-03-23 08:55:34', '2018-03-23 08:55:34'),
	(52, 'Александр', NULL, 'kua29007@soioa.com', '$2y$10$EihkMt0POk85zz3XAxb6/eb8KFfRMjLQq6wMKX9ftCWjLjZioOEii', 'vzYVKrzwEMSS0cdVrKxflY1WaF1j9rCBPPw9IzKroVNXMCCbXZpGw7KQ9N9u', '2018-04-05 13:55:49', '2018-04-05 13:55:49'),
	(53, 'М', NULL, 'example@example.com', '$2y$10$E0SOXQbKp4Aqyd1MDA6bCeBpYIUYJXN7iL5Low3sqo9Lzd.EE./wC', 'iJqmCuqQNASzCqg2o94T2UrNPwxehuqE6tCwBOVksZX21ZFlG3wvzFOgdsCN', '2018-04-10 08:40:49', '2018-04-10 08:40:49'),
	(54, 'testorosco', NULL, 'testrosco@rosco.ua', '$2y$10$SitHnY.WsYwJQkuAbD7T7OVmRkQWeeYaOMnehzIjYn10lNJL3etR2', 'xImSKIQvnUQRDkxzHBGlxQHAVOjvrY7ylLSi7pFhjL31Nk8xsgzohV3WAZbO', '2018-04-15 16:35:46', '2018-04-15 16:35:46');
/*!40000 ALTER TABLE `users` ENABLE KEYS */;

-- Дамп структуры для таблица rosco.user_meta
CREATE TABLE IF NOT EXISTS `user_meta` (
  `id` int(10) unsigned NOT NULL AUTO_INCREMENT,
  `user_id` int(10) unsigned NOT NULL,
  `language` varchar(2) COLLATE utf8mb4_unicode_ci DEFAULT NULL,
  `currency` varchar(3) COLLATE utf8mb4_unicode_ci DEFAULT NULL,
  `phone` varchar(255) COLLATE utf8mb4_unicode_ci DEFAULT NULL,
  `is_active` int(11) NOT NULL DEFAULT '0',
  `activation_token` varchar(255) COLLATE utf8mb4_unicode_ci DEFAULT NULL,
  `marketing` tinyint(1) NOT NULL DEFAULT '0',
  `terms_and_cond` tinyint(1) NOT NULL DEFAULT '1',
  `created_at` timestamp NULL DEFAULT NULL,
  `updated_at` timestamp NULL DEFAULT NULL,
  `stripe_id` varchar(255) COLLATE utf8mb4_unicode_ci DEFAULT NULL,
  `card_brand` varchar(255) COLLATE utf8mb4_unicode_ci DEFAULT NULL,
  `card_last_four` varchar(255) COLLATE utf8mb4_unicode_ci DEFAULT NULL,
  `shipping_address` text COLLATE utf8mb4_unicode_ci,
  `billing_address` text COLLATE utf8mb4_unicode_ci,
  PRIMARY KEY (`id`),
  KEY `user_meta_user_id_foreign` (`user_id`),
  CONSTRAINT `user_meta_user_id_foreign` FOREIGN KEY (`user_id`) REFERENCES `users` (`id`) ON DELETE CASCADE
) ENGINE=InnoDB AUTO_INCREMENT=43 DEFAULT CHARSET=utf8mb4 COLLATE=utf8mb4_unicode_ci;

-- Дамп данных таблицы rosco.user_meta: ~20 rows (приблизительно)
/*!40000 ALTER TABLE `user_meta` DISABLE KEYS */;
INSERT INTO `user_meta` (`id`, `user_id`, `language`, `currency`, `phone`, `is_active`, `activation_token`, `marketing`, `terms_and_cond`, `created_at`, `updated_at`, `stripe_id`, `card_brand`, `card_last_four`, `shipping_address`, `billing_address`) VALUES
	(1, 1, 'ru', 'UAH', '0980747324', 0, NULL, 0, 1, '2018-01-09 00:03:04', '2018-04-17 11:56:23', NULL, NULL, NULL, NULL, NULL),
	(2, 2, NULL, NULL, NULL, 0, NULL, 0, 1, '2018-01-09 00:03:05', '2018-01-09 00:03:06', NULL, NULL, NULL, NULL, NULL),
	(23, 33, NULL, NULL, '0980747324', 0, '5a3b60a88b35022d615566c29a62750e', 0, 1, '2017-12-11 13:11:35', '2017-12-11 13:11:35', NULL, NULL, NULL, NULL, NULL),
	(24, 35, NULL, NULL, NULL, 0, 'd3f2c4f730e023743acadd34db0d84aa', 0, 1, '2018-01-16 21:46:55', '2018-01-16 21:46:55', NULL, NULL, NULL, NULL, NULL),
	(25, 36, NULL, NULL, NULL, 0, 'c615e98d87fd6a40b35dacc1e56c5fa8', 0, 1, '2018-03-13 14:36:31', '2018-03-13 14:36:31', NULL, NULL, NULL, NULL, NULL),
	(26, 37, NULL, NULL, NULL, 0, 'c64060e6a32413034d9cc597d920f150', 0, 1, '2018-03-13 14:37:32', '2018-03-13 14:37:32', NULL, NULL, NULL, NULL, NULL),
	(27, 38, NULL, NULL, NULL, 0, 'e990e4978901146ec4fd2cb919b30435', 0, 1, '2018-03-13 14:43:56', '2018-03-13 14:43:56', NULL, NULL, NULL, NULL, NULL),
	(28, 39, NULL, NULL, NULL, 0, '14eba7faa043560e25264799560c4e70', 0, 1, '2018-03-13 14:45:07', '2018-03-13 14:45:07', NULL, NULL, NULL, NULL, NULL),
	(29, 40, NULL, NULL, NULL, 0, 'ce875aae33e5b79680e2fff15a42c7d8', 0, 1, '2018-03-13 14:54:29', '2018-03-13 14:54:29', NULL, NULL, NULL, NULL, NULL),
	(30, 41, NULL, NULL, NULL, 0, '38531a28bb45a976e0db7485b0579be6', 0, 1, '2018-03-13 15:04:01', '2018-03-13 15:04:01', NULL, NULL, NULL, NULL, NULL),
	(31, 42, NULL, NULL, NULL, 0, '4a358ea9ae6fe39d13e8b4f107fe3358', 0, 1, '2018-03-13 15:05:01', '2018-03-13 15:05:01', NULL, NULL, NULL, NULL, NULL),
	(32, 43, NULL, NULL, NULL, 0, '7a1cad2393b6edc6e17cfe992f2413a5', 0, 1, '2018-03-13 15:09:08', '2018-03-13 15:09:08', NULL, NULL, NULL, NULL, NULL),
	(33, 44, NULL, NULL, NULL, 0, '8f25efa43e9bfc3f0a32dbb6bf1a5aa8', 0, 1, '2018-03-13 15:10:41', '2018-03-13 15:10:41', NULL, NULL, NULL, NULL, NULL),
	(34, 45, NULL, NULL, NULL, 0, '0afd972460b59ef3e25b34241e349778', 0, 1, '2018-03-13 15:17:21', '2018-03-13 15:17:21', NULL, NULL, NULL, NULL, NULL),
	(35, 46, NULL, NULL, NULL, 0, 'ac1258b1da65b13c1d44171cf7b720d2', 0, 1, '2018-03-13 15:18:01', '2018-03-13 15:18:01', NULL, NULL, NULL, NULL, NULL),
	(37, 48, NULL, NULL, NULL, 0, 'a80d7dd046249de627f3198c44c69e3a', 0, 1, '2018-03-15 10:19:55', '2018-03-15 10:19:55', NULL, NULL, NULL, NULL, NULL),
	(39, 51, NULL, NULL, NULL, 0, '939603a70a91907370da0dc55cff5056', 0, 1, '2018-03-23 08:55:34', '2018-03-23 08:55:34', NULL, NULL, NULL, NULL, NULL),
	(40, 52, NULL, NULL, NULL, 0, 'e28c6168887b2722de8ac7c76ca79a21', 0, 1, '2018-04-05 13:55:49', '2018-04-05 13:55:49', NULL, NULL, NULL, NULL, NULL),
	(41, 53, NULL, NULL, NULL, 0, 'f98c86fd9596940333feeae771311682', 0, 1, '2018-04-10 08:40:49', '2018-04-10 08:40:49', NULL, NULL, NULL, NULL, NULL),
	(42, 54, NULL, NULL, NULL, 0, 'c9675b8105f1a94ec91e4715ee5057bc', 0, 1, '2018-04-15 16:35:46', '2018-04-15 16:35:46', NULL, NULL, NULL, NULL, NULL);

SET FOREIGN_KEY_CHECKS=1;
